timestamp,acc_magnitude,acc_peak,acc_peak_vertical_angle,acc_peak_horizontal_angle,ecg_amp_uncalibrated,ecg_noise_uncalibrated
1630678967442,0.01,0.04,2,-68,0.00208,6e-05
1630678968442,0.01,0.08,4,-76,0.00206,6e-05
1630678969442,0.02,0.03,1,-78,0.00206,6e-05
1630678970442,0.01,0.06,3,-71,0.00216,6e-05
1630678971442,0.02,0.06,4,-76,0.00216,6e-05
1630678972442,0.01,0.04,3,-76,0.00224,6e-05
1630678973442,0.02,0.06,4,-74,0.00224,6e-05
1630678974442,0.01,0.03,2,-82,0.00236,6e-05
1630678975442,0.02,0.06,3,-78,0.00236,6e-05
1630678976442,0.02,0.06,4,-76,0.00232,6e-05
1630678977442,0.02,0.04,3,-85,0.00232,6e-05
1630678978442,0.02,0.04,0,-88,0.00218,8e-05
1630678979442,0.01,0.03,2,-76,0.00218,8e-05
1630678980442,0.01,0.03,2,-85,0.00218,8e-05
1630678981442,0.01,0.03,1,-83,0.00218,8e-05
1630678982442,0.01,0.04,3,-80,0.0022,6e-05
1630678983442,0.02,0.04,3,-78,0.0022,6e-05
1630678984442,0.02,0.06,4,-76,0.00224,6e-05
1630678985442,0.01,0.03,3,-81,0.00224,6e-05
1630678986442,0.01,0.03,3,-71,0.0023,4e-05
1630678987442,0.01,0.03,2,-82,0.0023,6e-05
1630678988442,0.01,0.03,1,-68,0.0022,6e-05
1630678989442,0.01,0.04,3,-82,0.0022,8e-05
1630678990442,0.02,0.04,3,-78,0.0022,8e-05
1630678991442,0.01,0.06,3,-67,0.0022,8e-05
1630678992442,0.01,0.04,4,-78,0.00232,8e-05
1630678993442,0.02,0.06,3,-88,0.00232,6e-05
1630678994442,0.01,0.04,3,-76,0.00226,8e-05
1630678995442,0.01,0.03,2,-78,0.00226,8e-05
1630678996442,0.01,0.04,3,-78,0.00218,8e-05
1630678997442,0.01,0.03,2,-78,0.00218,6e-05
1630678998442,0.01,0.03,2,-72,0.00218,8e-05
1630678999442,0.01,0.04,2,-88,0.00218,6e-05
1630679000442,0.01,0.04,4,-76,0.00212,6e-05
1630679001442,0.01,0.04,1,-89,0.00212,6e-05
1630679002442,0.01,0.03,0,-67,0.00214,6e-05
1630679003442,0.01,0.03,2,-74,0.00214,6e-05
1630679004442,0.01,0.04,2,-82,0.0022,8e-05
1630679005442,0.01,0.03,2,-76,0.0022,6e-05
1630679006442,0.02,0.06,1,-90,0.00214,8e-05
1630679007442,0.01,0.04,2,-66,0.00214,6e-05
1630679008442,0.01,0.03,1,-86,0.00212,6e-05
1630679009442,0.01,0.04,0,-89,0.00212,6e-05
1630679010442,0.01,0.03,2,-82,0.0022,6e-05
1630679011442,0.01,0.03,1,-75,0.0022,6e-05
1630679012442,0.01,0.04,3,-80,0.00214,6e-05
1630679013442,0.01,0.04,3,-82,0.00214,6e-05
1630679014442,0.01,0.04,0,-64,0.0021,8e-05
1630679015442,0.01,0.04,2,-88,0.0021,6e-05
1630679016442,0.02,0.06,0,-94,0.00214,8e-05
1630679017442,0.01,0.04,0,-89,0.00214,6e-05
1630679018442,0.01,0.03,3,-76,0.00222,6e-05
1630679019442,0.01,0.03,1,-67,0.00222,6e-05
1630679020442,0.01,0.04,3,-76,0.0023,6e-05
1630679021442,0.01,0.04,1,-87,0.0023,8e-05
1630679022442,0.02,0.04,3,-80,0.00228,8e-05
1630679023442,0.01,0.03,2,-80,0.00228,8e-05
1630679024442,0.01,0.04,3,-82,0.00222,8e-05
1630679025442,0.01,0.03,0,-70,0.00222,8e-05
1630679026442,0.01,0.03,2,-82,0.00216,6e-05
1630679027442,0.01,0.06,3,-89,0.00216,6e-05
1630679028442,0.01,0.04,3,-80,0.00214,6e-05
1630679029442,0.01,0.04,3,-76,0.00214,6e-05
1630679030442,0.01,0.04,3,-82,0.00212,8e-05
1630679031442,0.01,0.03,2,-81,0.00212,0.0001
1630679032442,0.01,0.06,3,-71,0.00214,8e-05
1630679033442,0.02,0.06,3,-70,0.00214,8e-05
1630679034442,0.01,0.04,3,-78,0.00214,8e-05
1630679035442,0.01,0.04,0,-88,0.00214,6e-05
1630679036442,0.01,0.03,1,-72,0.00216,6e-05
1630679037442,0.01,0.03,2,-78,0.00216,6e-05
1630679038442,0.01,0.04,3,-82,0.00216,6e-05
1630679039442,0.01,0.04,4,-80,0.00216,8e-05
1630679040442,0.01,0.03,2,-80,0.00218,8e-05
1630679041442,0.01,0.07,5,-78,0.00218,6e-05
1630679042442,0.01,0.03,0,-86,0.00218,6e-05
1630679043442,0.01,0.03,3,-75,0.00218,6e-05
1630679044442,0.01,0.04,3,-78,0.00218,6e-05
1630679045442,0.01,0.04,3,-78,0.00218,6e-05
1630679046442,0.01,0.03,0,-83,0.00216,6e-05
1630679047442,0.01,0.04,3,-76,0.00216,6e-05
1630679048442,0.01,0.03,2,-82,0.00218,6e-05
1630679049442,0.01,0.06,2,-90,0.00218,6e-05
1630679050442,0.01,0.03,3,-80,0.00218,6e-05
1630679051442,0.01,0.03,2,-76,0.00218,6e-05
1630679052442,0.01,0.03,1,-86,0.00218,6e-05
1630679053442,0.01,0.03,3,-80,0.00218,6e-05
1630679054442,0.01,0.06,1,-61,0.00218,6e-05
1630679055442,0.01,0.03,3,-76,0.00218,8e-05
1630679056442,0.01,0.04,3,-80,0.00218,6e-05
1630679057442,0.01,0.03,2,-74,0.00218,6e-05
1630679058442,0.01,0.03,3,-78,0.00218,8e-05
1630679059442,0.02,0.03,2,-82,0.00218,8e-05
1630679060442,0.01,0.03,0,-89,0.00216,6e-05
1630679061442,0.01,0.03,2,-76,0.00216,6e-05
1630679062442,0.01,0.03,2,-76,0.00222,6e-05
1630679063442,0.01,0.04,3,-76,0.00222,8e-05
1630679064442,0.01,0.04,3,-71,0.00224,6e-05
1630679065442,0.01,0.04,3,-82,0.00224,8e-05
1630679066442,0.01,0.03,2,-76,0.00224,8e-05
1630679067442,0.01,0.03,2,-71,0.00224,6e-05
1630679068442,0.01,0.03,2,-82,0.00226,6e-05
1630679069442,0.01,0.03,1,-84,0.00226,6e-05
1630679070442,0.01,0.04,3,-78,0.0022,8e-05
1630679071442,0.01,0.04,3,-82,0.0022,8e-05
1630679072442,0.01,0.03,2,-82,0.00218,6e-05
1630679073442,0.01,0.03,2,-78,0.00218,8e-05
1630679074442,0.01,0.06,3,-85,0.00222,8e-05
1630679075442,0.01,0.04,1,-68,0.00222,6e-05
1630679076442,0.01,0.03,2,-76,0.00224,8e-05
1630679077442,0.01,0.03,2,-76,0.00224,6e-05
1630679078442,0.01,0.03,0,-86,0.00224,6e-05
1630679079442,0.01,0.04,3,-81,0.00224,6e-05
1630679080442,0.01,0.06,4,-70,0.00218,6e-05
1630679081442,0.02,0.04,3,-80,0.00218,6e-05
1630679082442,0.01,0.03,2,-80,0.00216,8e-05
1630679083442,0.01,0.03,2,-78,0.00216,6e-05
1630679084442,0.01,0.04,2,-71,0.0022,6e-05
1630679085442,0.01,0.03,3,-82,0.0022,6e-05
1630679086442,0.02,0.06,3,-78,0.00222,6e-05
1630679087442,0.01,0.04,2,-68,0.00222,6e-05
1630679088442,0.01,0.04,0,-67,0.0022,6e-05
1630679089442,0.01,0.03,2,-82,0.0022,6e-05
1630679090442,0.01,0.04,3,-78,0.00216,8e-05
1630679091442,0.01,0.04,0,-68,0.00216,6e-05
1630679092442,0.01,0.04,3,-78,0.0022,6e-05
1630679093442,0.01,0.03,2,-78,0.0022,8e-05
1630679094442,0.01,0.03,2,-78,0.0022,6e-05
1630679095442,0.01,0.06,4,-78,0.0022,6e-05
1630679096442,0.01,0.03,0,-88,0.0022,6e-05
1630679097442,0.01,0.04,3,-71,0.0022,8e-05
1630679098442,0.01,0.03,2,-82,0.00222,6e-05
1630679099442,0.01,0.04,3,-80,0.00222,6e-05
1630679100442,0.01,0.03,2,-74,0.0022,8e-05
1630679101442,0.01,0.04,4,-80,0.0022,8e-05
1630679102442,0.01,0.03,3,-87,0.00216,8e-05
1630679103442,0.01,0.03,1,-78,0.00216,6e-05
1630679104442,0.01,0.03,1,-71,0.00214,6e-05
1630679105442,0.01,0.03,0,-70,0.00214,8e-05
1630679106442,0.01,0.06,2,-93,0.00216,6e-05
1630679107442,0.01,0.04,3,-78,0.00216,6e-05
1630679108442,0.02,0.04,0,-67,0.00216,8e-05
1630679109442,0.01,0.04,1,-90,0.00216,6e-05
1630679110442,0.01,0.03,2,-72,0.00218,6e-05
1630679111442,0.01,0.03,2,-82,0.00218,6e-05
1630679112442,0.02,0.04,3,-78,0.0022,6e-05
1630679113442,0.01,0.03,4,-76,0.0022,6e-05
1630679114442,0.01,0.04,3,-78,0.00218,8e-05
1630679115442,0.01,0.03,3,-80,0.00218,8e-05
1630679116442,0.01,0.04,0,-91,0.00216,6e-05
1630679117442,0.01,0.04,2,-88,0.00216,6e-05
1630679118442,0.01,0.03,1,-75,0.0022,8e-05
1630679119442,0.01,0.04,3,-75,0.0022,6e-05
1630679120442,0.01,0.03,0,-88,0.00218,6e-05
1630679121442,0.01,0.04,0,-92,0.00218,8e-05
1630679122442,0.01,0.03,0,-88,0.00218,6e-05
1630679123442,0.01,0.06,1,-66,0.00218,6e-05
1630679124442,0.01,0.03,2,-78,0.00222,8e-05
1630679125442,0.01,0.04,3,-82,0.00222,6e-05
1630679126442,0.01,0.03,1,-71,0.0022,6e-05
1630679127442,0.01,0.03,4,-76,0.0022,8e-05
1630679128442,0.01,0.04,4,-78,0.00222,6e-05
1630679129442,0.01,0.03,2,-80,0.00222,6e-05
1630679130442,0.01,0.04,3,-71,0.00222,4e-05
1630679131442,0.02,0.04,0,-64,0.00222,8e-05
1630679132442,0.01,0.13,6,-78,0.00218,6e-05
1630679133442,0.02,0.03,2,-78,0.00218,6e-05
1630679134442,0.01,0.06,4,-78,0.00218,6e-05
1630679135442,0.01,0.03,1,-70,0.00218,8e-05
1630679136442,0.01,0.03,2,-78,0.00218,6e-05
1630679137442,0.01,0.03,1,-81,0.00218,6e-05
1630679138442,0.01,0.04,3,-81,0.0022,6e-05
1630679139442,0.01,0.03,2,-85,0.0022,6e-05
1630679140442,0.01,0.03,1,-75,0.00218,6e-05
1630679141442,0.01,0.04,4,-80,0.00218,6e-05
1630679142442,0.01,0.03,2,-82,0.00216,8e-05
1630679143442,0.01,0.09,4,-47,0.00216,6e-05
1630679144442,0.03,0.15,11,-97,0.00216,6e-05
1630679145442,0.18,0.32,25,86,0.00216,8e-05
1630679146442,0.16,0.18,22,53,0.00218,8e-05
1630679147442,0.08,0.1,22,85,0.00218,8e-05
1630679148442,0.02,0.03,21,67,0.00222,8e-05
1630679149442,0.01,0.03,20,20,0.00222,8e-05
1630679150442,0.01,0.03,11,12,0.0022,8e-05
1630679151442,0.01,0.03,21,24,0.0022,8e-05
1630679152442,0.01,0.03,21,44,0.00218,8e-05
1630679153442,0.01,0.03,20,35,0.00218,6e-05
1630679154442,0.01,0.03,9,12,0.00218,8e-05
1630679155442,0.01,0.04,19,80,0.00218,8e-05
1630679156442,0.01,0.04,13,12,0.00212,8e-05
1630679157442,0.02,0.06,17,39,0.00212,8e-05
1630679158442,0.02,0.04,16,102,0.00214,8e-05
1630679159442,0.02,0.04,13,-51,0.00214,0.0001
1630679160442,0.02,0.04,16,151,0.00216,8e-05
1630679161442,0.01,0.04,20,20,0.00216,8e-05
1630679162442,0.01,0.03,12,1,0.00218,8e-05
1630679163442,0.01,0.04,16,102,0.00218,6e-05
1630679164442,0.01,0.03,15,-78,0.00214,6e-05
1630679165442,0.01,0.03,14,12,0.00214,8e-05
1630679166442,0.01,0.04,14,-168,0.00218,8e-05
1630679167442,0.01,0.03,14,12,0.00218,8e-05
1630679168442,0.01,0.04,11,-7,0.00224,0.0001
1630679169442,0.01,0.03,19,22,0.00224,8e-05
1630679170442,0.01,0.03,12,-25,0.00222,8e-05
1630679171442,0.01,0.04,10,4,0.00222,8e-05
1630679172442,0.01,0.03,11,2,0.0022,8e-05
1630679173442,0.01,0.04,13,-105,0.0022,0.0001
1630679174442,0.02,0.07,10,-78,0.0022,8e-05
1630679175442,0.02,0.04,14,-127,0.0022,0.0001
1630679176442,0.03,0.12,4,-25,0.0022,0.0001
1630679177442,0.09,0.14,3,-54,0.0022,8e-05
1630679178442,0.04,0.06,19,20,0.00218,0.0001
1630679179442,0.02,0.04,12,-25,0.00218,8e-05
1630679180442,0.02,0.04,8,-46,0.00216,0.0001
1630679181442,0.02,0.07,7,-58,0.00216,8e-05
1630679182442,0.02,0.07,7,-47,0.0022,8e-05
1630679183442,0.02,0.06,7,-23,0.0022,0.0001
1630679184442,0.02,0.04,13,-22,0.00218,8e-05
1630679185442,0.01,0.03,12,-25,0.00218,8e-05
1630679186442,0.01,0.03,7,-3,0.00214,8e-05
1630679187442,0.01,0.03,12,-2,0.00214,8e-05
1630679188442,0.01,0.06,13,-7,0.00212,8e-05
1630679189442,0.02,0.03,13,-7,0.00212,0.0001
1630679190442,0.01,0.06,13,-15,0.0022,8e-05
1630679191442,0.02,0.04,8,-32,0.0022,8e-05
1630679192442,0.02,0.04,11,-51,0.00222,0.0001
1630679193442,0.02,0.03,12,-32,0.00222,8e-05
1630679194442,0.02,0.04,9,0,0.00212,6e-05
1630679195442,0.02,0.09,7,-63,0.00212,8e-05
1630679196442,0.01,0.03,9,-15,0.00214,8e-05
1630679197442,0.01,0.02,12,-10,0.00214,8e-05
1630679198442,0.03,0.09,9,-72,0.00214,8e-05
1630679199442,0.04,0.06,9,-64,0.00214,8e-05
1630679200442,0.02,0.04,9,-2,0.00212,8e-05
1630679201442,0.03,0.12,6,-92,0.00212,8e-05
1630679202442,0.06,0.13,4,-81,0.00212,0.0001
1630679203442,0.07,0.15,25,85,0.00212,0.0001
1630679204442,0.04,0.07,22,65,0.00212,0.0001
1630679205442,0.03,0.06,22,56,0.00212,0.0001
1630679206442,0.01,0.04,21,81,0.00212,0.0001
1630679207442,0.01,0.03,17,75,0.00212,0.0001
1630679208442,0.01,0.03,20,79,0.00222,0.0001
1630679209442,0.01,0.04,22,84,0.00222,0.0001
1630679210442,0.02,0.04,21,33,0.00226,8e-05
1630679211442,0.01,0.03,21,47,0.00226,8e-05
1630679212442,0.02,0.04,16,53,0.0022,8e-05
1630679213442,0.01,0.03,17,39,0.0022,8e-05
1630679214442,0.01,0.04,20,102,0.00218,8e-05
1630679215442,0.02,0.07,23,82,0.00218,8e-05
1630679216442,0.03,0.07,13,-125,0.00224,0.0001
1630679217442,0.02,0.03,17,165,0.00224,8e-05
1630679218442,0.01,0.04,20,86,0.00226,0.0001
1630679219442,0.01,0.06,17,46,0.00226,8e-05
1630679220442,0.07,0.13,26,95,0.00226,8e-05
1630679221442,0.06,0.07,26,91,0.00226,8e-05
1630679222442,0.03,0.08,19,34,0.00232,0.0001
1630679223442,0.04,0.06,18,80,0.00232,8e-05
1630679224442,0.02,0.06,17,102,0.00234,8e-05
1630679225442,0.02,0.06,17,46,0.00234,8e-05
1630679226442,0.02,0.03,22,80,0.00222,8e-05
1630679227442,0.01,0.04,23,75,0.00222,8e-05
1630679228442,0.02,0.04,23,97,0.0022,8e-05
1630679229442,0.02,0.04,17,83,0.0022,8e-05
1630679230442,0.01,0.04,20,46,0.00226,8e-05
1630679231442,0.01,0.04,18,88,0.00226,8e-05
1630679232442,0.01,0.04,20,79,0.00226,0.0001
1630679233442,0.02,0.04,22,73,0.00226,8e-05
1630679234442,0.02,0.06,19,121,0.0022,8e-05
1630679235442,0.02,0.04,21,47,0.0022,8e-05
1630679236442,0.01,0.04,21,108,0.00228,8e-05
1630679237442,0.02,0.04,17,55,0.00228,8e-05
1630679238442,0.01,0.04,19,56,0.00234,8e-05
1630679239442,0.01,0.03,22,84,0.00234,8e-05
1630679240442,0.01,0.03,19,56,0.00232,8e-05
1630679241442,0.02,0.04,22,96,0.00232,8e-05
1630679242442,0.01,0.04,21,109,0.00232,8e-05
1630679243442,0.02,0.03,19,51,0.00232,6e-05
1630679244442,0.02,0.06,22,102,0.00232,6e-05
1630679245442,0.02,0.04,18,102,0.00232,8e-05
1630679246442,0.01,0.04,21,84,0.00234,6e-05
1630679247442,0.02,0.03,21,70,0.00234,6e-05
1630679248442,0.02,0.03,19,43,0.00238,8e-05
1630679249442,0.01,0.04,23,87,0.00238,8e-05
1630679250442,0.01,0.04,18,65,0.00238,0.0001
1630679251442,0.01,0.04,23,87,0.00238,8e-05
1630679252442,0.01,0.03,18,91,0.00232,8e-05
1630679253442,0.02,0.04,18,102,0.00232,8e-05
1630679254442,0.01,0.03,21,90,0.00232,8e-05
1630679255442,0.01,0.03,22,96,0.00232,8e-05
1630679256442,0.01,0.04,19,43,0.00226,8e-05
1630679257442,0.02,0.03,18,102,0.00226,8e-05
1630679258442,0.01,0.03,21,96,0.00228,8e-05
1630679259442,0.02,0.04,21,109,0.00228,6e-05
1630679260442,0.01,0.04,21,96,0.0024,6e-05
1630679261442,0.01,0.03,22,85,0.0024,8e-05
1630679262442,0.01,0.04,21,53,0.0023,8e-05
1630679263442,0.01,0.04,23,68,0.0023,6e-05
1630679264442,0.01,0.03,20,75,0.00228,6e-05
1630679265442,0.01,0.03,18,56,0.00228,6e-05
1630679266442,0.01,0.06,23,73,0.00234,6e-05
1630679267442,0.02,0.04,19,43,0.00234,8e-05
1630679268442,0.02,0.04,19,112,0.00232,8e-05
1630679269442,0.02,0.06,23,50,0.00232,8e-05
1630679270442,0.02,0.03,17,68,0.0023,8e-05
1630679271442,0.01,0.04,19,112,0.0023,8e-05
1630679272442,0.01,0.04,18,56,0.00232,6e-05
1630679273442,0.01,0.04,23,97,0.00232,6e-05
1630679274442,0.02,0.04,22,80,0.00232,8e-05
1630679275442,0.01,0.03,20,56,0.00232,6e-05
1630679276442,0.01,0.04,23,87,0.00236,8e-05
1630679277442,0.02,0.03,18,91,0.00236,8e-05
1630679278442,0.01,0.03,21,81,0.00236,8e-05
1630679279442,0.01,0.03,21,96,0.00236,8e-05
1630679280442,0.01,0.04,19,121,0.00238,6e-05
1630679281442,0.01,0.03,22,85,0.00238,6e-05
1630679282442,0.01,0.04,17,68,0.00236,8e-05
1630679283442,0.01,0.03,21,47,0.00236,8e-05
1630679284442,0.02,0.04,20,46,0.00234,8e-05
1630679285442,0.01,0.03,19,102,0.00234,8e-05
1630679286442,0.01,0.04,22,73,0.00232,8e-05
1630679287442,0.01,0.06,19,34,0.00232,6e-05
1630679288442,0.02,0.06,17,31,0.00236,8e-05
1630679289442,0.02,0.04,19,56,0.00236,8e-05
1630679290442,0.01,0.03,17,83,0.00242,8e-05
1630679291442,0.03,0.08,14,-78,0.00242,8e-05
1630679292442,0.04,0.06,14,12,0.0024,8e-05
1630679293442,0.03,0.07,13,-141,0.0024,8e-05
1630679294442,0.05,0.08,12,-154,0.00234,8e-05
1630679295442,0.03,0.07,21,102,0.00234,8e-05
1630679296442,0.08,0.15,26,84,0.00238,8e-05
1630679297442,0.07,0.09,26,91,0.00238,8e-05
1630679298442,0.04,0.06,26,87,0.00248,8e-05
1630679299442,0.02,0.03,27,77,0.00248,8e-05
1630679300442,0.01,0.04,26,67,0.00258,8e-05
1630679301442,0.01,0.03,25,86,0.00258,6e-05
1630679302442,0.01,0.04,22,78,0.00254,8e-05
1630679303442,0.01,0.04,27,69,0.00254,6e-05
1630679304442,0.01,0.03,25,81,0.0025,6e-05
1630679305442,0.01,0.03,24,94,0.0025,8e-05
1630679306442,0.01,0.03,23,82,0.00252,6e-05
1630679307442,0.01,0.03,24,98,0.00252,6e-05
1630679308442,0.01,0.03,23,82,0.00252,6e-05
1630679309442,0.01,0.03,26,98,0.00252,8e-05
1630679310442,0.01,0.03,24,75,0.00252,6e-05
1630679311442,0.01,0.03,23,78,0.00252,6e-05
1630679312442,0.01,0.03,23,82,0.00256,8e-05
1630679313442,0.01,0.03,26,95,0.00256,8e-05
1630679314442,0.01,0.04,23,92,0.00254,8e-05
1630679315442,0.01,0.03,23,82,0.00254,8e-05
1630679316442,0.01,0.03,27,74,0.00252,8e-05
1630679317442,0.01,0.03,23,82,0.00252,8e-05
1630679318442,0.01,0.03,25,98,0.00252,8e-05
1630679319442,0.01,0.03,23,78,0.00252,8e-05
1630679320442,0.01,0.03,23,82,0.00254,8e-05
1630679321442,0.01,0.06,25,63,0.00254,8e-05
1630679322442,0.01,0.04,25,83,0.00252,8e-05
1630679323442,0.01,0.04,23,75,0.00252,8e-05
1630679324442,0.07,0.16,13,-134,0.00248,8e-05
1630679325442,0.08,0.09,13,12,0.00248,0.0001
1630679326442,0.02,0.06,18,116,0.0024,0.0001
1630679327442,0.03,0.07,17,129,0.0024,0.00012
1630679328442,0.02,0.04,14,12,0.0023,0.0001
1630679329442,0.01,0.04,21,42,0.0023,0.0001
1630679330442,0.01,0.03,18,23,0.00226,0.0001
1630679331442,0.01,0.04,21,88,0.00226,0.0001
1630679332442,0.01,0.04,18,65,0.0022,8e-05
1630679333442,0.01,0.03,18,23,0.0022,8e-05
1630679334442,0.01,0.03,21,88,0.00218,8e-05
1630679335442,0.01,0.03,20,35,0.00218,8e-05
1630679336442,0.01,0.03,16,53,0.00224,8e-05
1630679337442,0.01,0.06,22,78,0.00224,8e-05
1630679338442,0.02,0.04,21,33,0.00226,8e-05
1630679339442,0.02,0.04,18,116,0.00226,8e-05
1630679340442,0.02,0.03,19,56,0.00226,8e-05
1630679341442,0.01,0.04,19,22,0.00226,8e-05
1630679342442,0.02,0.04,18,65,0.00224,8e-05
1630679343442,0.02,0.03,17,31,0.00224,8e-05
1630679344442,0.01,0.03,18,88,0.00228,6e-05
1630679345442,0.01,0.03,20,79,0.00228,6e-05
1630679346442,0.01,0.04,21,75,0.00226,6e-05
1630679347442,0.02,0.04,17,149,0.00226,8e-05
1630679348442,0.02,0.04,22,73,0.00224,8e-05
1630679349442,0.01,0.03,18,102,0.00224,8e-05
1630679350442,0.01,0.04,21,75,0.00228,8e-05
1630679351442,0.01,0.04,22,65,0.00228,8e-05
1630679352442,0.01,0.03,21,81,0.00226,8e-05
1630679353442,0.01,0.04,17,68,0.00226,6e-05
1630679354442,0.02,0.04,13,12,0.00228,8e-05
1630679355442,0.01,0.03,19,83,0.00228,8e-05
1630679356442,0.02,0.04,21,75,0.00232,8e-05
1630679357442,0.02,0.03,21,88,0.00232,8e-05
1630679358442,0.01,0.03,20,20,0.00232,8e-05
1630679359442,0.01,0.04,17,102,0.00232,8e-05
1630679360442,0.01,0.03,18,75,0.00226,6e-05
1630679361442,0.01,0.04,19,63,0.00226,8e-05
1630679362442,0.01,0.04,21,33,0.00228,6e-05
1630679363442,0.02,0.03,21,67,0.00228,8e-05
1630679364442,0.01,0.03,18,65,0.00232,8e-05
1630679365442,0.01,0.04,21,72,0.00232,0.0001
1630679366442,0.01,0.04,18,65,0.00234,8e-05
1630679367442,0.01,0.03,17,31,0.00234,8e-05
1630679368442,0.01,0.04,22,65,0.00236,0.0001
1630679369442,0.01,0.03,17,46,0.00236,8e-05
1630679370442,0.01,0.04,17,39,0.00238,8e-05
1630679371442,0.02,0.06,21,95,0.00238,0.0001
1630679372442,0.01,0.04,17,102,0.0023,8e-05
1630679373442,0.02,0.04,12,12,0.0023,0.0001
1630679374442,0.01,0.04,17,102,0.00232,8e-05
1630679375442,0.01,0.04,18,23,0.00232,8e-05
1630679376442,0.02,0.03,18,23,0.00238,0.0001
1630679377442,0.01,0.04,19,68,0.00238,8e-05
1630679378442,0.01,0.04,22,91,0.00234,8e-05
1630679379442,0.01,0.03,18,56,0.00234,8e-05
1630679380442,0.02,0.04,12,12,0.00234,8e-05
1630679381442,0.02,0.06,14,12,0.00234,8e-05
1630679382442,0.02,0.04,18,91,0.00238,8e-05
1630679383442,0.01,0.04,17,129,0.00238,8e-05
1630679384442,0.02,0.04,21,75,0.00256,0.0001
1630679385442,0.01,0.03,20,102,0.00256,8e-05
1630679386442,0.01,0.03,20,46,0.00256,0.0001
1630679387442,0.01,0.04,21,47,0.00256,8e-05
1630679388442,0.01,0.04,19,56,0.00234,8e-05
1630679389442,0.01,0.03,17,102,0.00234,8e-05
1630679390442,0.01,0.04,19,31,0.0022,8e-05
1630679391442,0.01,0.03,17,121,0.0022,8e-05
1630679392442,0.01,0.03,20,94,0.0023,8e-05
1630679393442,0.02,0.09,10,-38,0.0023,8e-05
1630679394442,0.12,0.31,31,94,0.0023,8e-05
1630679395442,0.23,0.31,33,102,0.0023,0.0001
1630679396442,0.16,0.34,8,-129,0.00238,0.00012
1630679397442,0.19,0.24,2,-155,0.00238,0.00012
1630679398442,0.16,0.36,12,-117,0.00238,0.00012
1630679399442,0.22,0.42,7,-137,0.00238,0.00014
1630679400442,0.19,0.33,22,153,0.00232,0.00014
1630679401442,0.18,0.26,29,162,0.00232,0.00012
1630679402442,0.16,0.31,27,84,0.00236,0.00014
1630679403442,0.16,0.57,47,86,0.00236,0.00014
1630679404442,0.39,0.62,51,88,0.00216,0.00016
1630679405442,0.32,0.61,30,90,0.00216,0.00018
1630679406442,0.21,0.53,26,92,0.00218,0.00022
1630679407442,0.25,0.38,6,-162,0.00218,0.00022
1630679408442,0.22,0.43,41,113,0.00242,0.0002
1630679409442,0.13,0.19,1,-140,0.00242,0.00014
1630679410442,0.14,0.2,6,-56,0.0025,0.00012
1630679411442,0.09,0.1,5,-90,0.0025,0.0001
1630679412442,0.04,0.09,4,-85,0.00228,8e-05
1630679413442,0.04,0.06,6,-99,0.00228,8e-05
1630679414442,0.02,0.04,9,-128,0.00194,6e-05
1630679415442,0.03,0.07,4,-95,0.00194,6e-05
1630679416442,0.02,0.04,4,-103,0.00192,6e-05
1630679417442,0.02,0.04,4,-85,0.00192,6e-05
1630679418442,0.02,0.06,9,-101,0.00204,6e-05
1630679419442,0.02,0.06,9,-113,0.00204,6e-05
1630679420442,0.02,0.06,5,-93,0.00194,6e-05
1630679421442,0.02,0.04,4,-89,0.00194,6e-05
1630679422442,0.02,0.09,12,-92,0.00192,6e-05
1630679423442,0.03,0.1,5,-22,0.00192,6e-05
1630679424442,0.02,0.04,10,-112,0.0019,6e-05
1630679425442,0.03,0.07,10,-124,0.0019,6e-05
1630679426442,0.03,0.07,4,-103,0.00188,6e-05
1630679427442,0.02,0.07,9,-136,0.00188,6e-05
1630679428442,0.04,0.08,1,-117,0.0019,6e-05
1630679429442,0.05,0.14,17,158,0.0019,6e-05
1630679430442,0.06,0.08,14,-168,0.00188,6e-05
1630679431442,0.03,0.1,17,121,0.00188,6e-05
1630679432442,0.05,0.08,18,148,0.0019,6e-05
1630679433442,0.04,0.14,3,-105,0.0019,8e-05
1630679434442,0.06,0.12,3,-137,0.00186,8e-05
1630679435442,0.05,0.14,21,123,0.00186,8e-05
1630679436442,0.06,0.14,21,132,0.00188,8e-05
1630679437442,0.02,0.06,13,-31,0.00188,8e-05
1630679438442,0.02,0.04,13,-78,0.0019,8e-05
1630679439442,0.02,0.04,12,-124,0.0019,8e-05
1630679440442,0.01,0.03,12,-154,0.00192,8e-05
1630679441442,0.01,0.06,18,102,0.00192,8e-05
1630679442442,0.06,0.2,26,69,0.00192,8e-05
1630679443442,0.09,0.31,36,80,0.00192,0.0001
1630679444442,0.15,0.5,9,-74,0.002,0.0001
1630679445442,0.33,0.74,2,-97,0.002,0.00012
1630679446442,0.48,0.93,7,-101,0.00218,0.00014
1630679447442,0.59,1.32,41,73,0.00218,0.0002
1630679448442,0.66,1.32,13,-168,0.00206,0.00022
1630679449442,0.78,1.73,14,-149,0.00206,0.0003
1630679450442,0.92,1.72,12,-168,0.00204,0.00036
1630679451442,0.82,1.73,15,-78,0.00204,0.00044
1630679452442,0.96,1.85,31,67,0.00202,0.00046
1630679453442,0.9,1.71,19,117,0.00202,0.00056
1630679454442,0.92,1.73,18,31,0.002,0.00054
1630679455442,0.92,1.8,34,80,0.002,0.00114
1630679456442,0.91,1.65,11,-90,0.0022,0.00112
1630679457442,0.92,1.75,32,61,0.0022,0.0013
1630679458442,0.89,1.74,19,142,0.00218,0.00178
1630679459442,0.92,1.62,36,76,0.00218,0.00214
1630679460442,0.95,1.79,32,71,0.0021,0.00216
1630679461442,0.93,1.61,33,70,0.0021,0.00198
1630679462442,0.95,1.79,20,106,0.002,0.00156
1630679463442,0.87,1.72,22,147,0.002,0.0016
1630679464442,0.89,1.55,19,115,0.0019,0.00158
1630679465442,0.91,1.71,22,131,0.0019,0.00168
1630679466442,0.93,1.66,20,165,0.00218,0.00152
1630679467442,0.8,1.42,9,-78,0.00218,0.00212
1630679468442,0.91,1.68,8,-74,0.00216,0.00222
1630679469442,0.87,2.02,24,123,0.00216,0.00176
1630679470442,0.86,2.02,11,-158,0.00214,0.0014
1630679471442,0.84,1.9,12,-164,0.00214,0.0017
1630679472442,0.86,1.9,7,-89,0.00234,0.00146
1630679473442,0.77,1.67,13,-168,0.00234,0.00162
1630679474442,0.79,2.15,13,-85,0.00242,0.00172
1630679475442,0.89,1.91,9,-68,0.00242,0.00196
1630679476442,0.8,2.06,20,106,0.00238,0.00164
1630679477442,1.02,2.33,21,29,0.00238,0.00306
1630679478442,0.87,2.22,20,78,0.00228,0.00502
1630679479442,0.99,2.18,24,64,0.00228,0.0042
1630679480442,0.88,2.12,27,68,0.00226,0.0045
1630679481442,0.96,2.21,21,137,0.00226,0.00314
1630679482442,0.86,1.93,5,-137,0.00224,0.00296
1630679483442,0.96,2.2,13,-89,0.00224,0.00266
1630679484442,0.88,1.93,21,59,0.00214,0.00256
1630679485442,0.96,1.79,12,-141,0.00214,0.00272
1630679486442,0.92,1.8,15,102,0.00216,0.00232
1630679487442,0.98,1.66,25,131,0.00216,0.00214
1630679488442,0.94,1.67,20,88,0.00214,0.00188
1630679489442,0.96,1.85,26,121,0.00214,0.00162
1630679490442,0.98,2.06,17,172,0.00212,0.00152
1630679491442,1.01,2.02,22,80,0.00212,0.0014
1630679492442,0.97,1.51,28,96,0.00222,0.00122
1630679493442,0.97,1.81,8,-121,0.00222,0.00108
1630679494442,0.97,1.87,22,116,0.0023,0.0015
1630679495442,0.9,1.85,21,144,0.0023,0.00132
1630679496442,0.94,1.69,19,147,0.0023,0.00122
1630679497442,0.92,1.74,21,98,0.0023,0.00134
1630679498442,0.95,2.01,26,119,0.00224,0.00144
1630679499442,0.89,1.78,22,108,0.00224,0.0015
1630679500442,0.97,2.18,9,-65,0.00214,0.0016
1630679501442,0.93,2.37,26,102,0.00214,0.00214
1630679502442,1.0,2.48,19,123,0.00226,0.0032
1630679503442,0.94,2.19,19,104,0.00226,0.00282
1630679504442,0.98,2.09,32,65,0.00232,0.00282
1630679505442,1.02,2.3,19,90,0.00232,0.00256
1630679506442,0.98,2.45,18,149,0.00228,0.00268
1630679507442,0.98,1.97,22,105,0.00228,0.00246
1630679508442,0.89,1.67,32,75,0.0023,0.00224
1630679509442,0.92,1.65,10,-136,0.0023,0.00196
1630679510442,0.94,2.09,19,117,0.00248,0.00192
1630679511442,0.94,1.85,11,-165,0.00248,0.00182
1630679512442,0.91,1.8,17,157,0.00256,0.0015
1630679513442,0.9,1.8,20,137,0.00256,0.00152
1630679514442,0.99,2.06,22,149,0.00254,0.00132
1630679515442,0.94,1.92,18,106,0.00254,0.0015
1630679516442,0.96,1.68,25,118,0.00248,0.0012
1630679517442,0.87,1.9,10,-150,0.00248,0.00146
1630679518442,0.89,1.85,12,-51,0.00246,0.00152
1630679519442,0.88,1.9,18,156,0.00246,0.00196
1630679520442,0.9,1.93,19,15,0.00234,0.00208
1630679521442,0.96,2.15,27,123,0.00234,0.00202
1630679522442,0.89,1.91,21,109,0.00226,0.00224
1630679523442,1.01,1.85,19,147,0.00226,0.00204
1630679524442,0.94,1.81,19,151,0.00232,0.00174
1630679525442,0.99,1.98,22,105,0.00232,0.00156
1630679526442,0.97,1.85,21,117,0.0025,0.00136
1630679527442,0.88,1.74,19,177,0.0025,0.00122
1630679528442,0.95,1.71,26,128,0.00238,0.00114
1630679529442,0.91,1.74,20,113,0.00238,0.00112
1630679530442,0.93,1.77,6,-76,0.00244,0.001
1630679531442,0.97,2.04,10,-132,0.00244,0.00098
1630679532442,0.89,1.71,22,108,0.00234,0.00092
1630679533442,0.97,1.68,23,78,0.00234,0.00088
1630679534442,0.91,1.9,23,92,0.00252,0.0009
1630679535442,0.93,1.85,27,63,0.00252,0.0011
1630679536442,0.95,2.16,12,-168,0.0024,0.00108
1630679537442,0.91,1.97,24,124,0.0024,0.00146
1630679538442,1.0,1.84,18,71,0.0024,0.00148
1630679539442,0.92,2.15,25,95,0.0024,0.0013
1630679540442,0.96,1.89,21,126,0.00244,0.00114
1630679541442,0.93,1.92,21,122,0.00244,0.00106
1630679542442,0.95,1.77,11,-56,0.00238,0.001
1630679543442,0.98,1.77,19,159,0.00238,0.0009
1630679544442,0.95,2.0,18,180,0.00218,0.00086
1630679545442,0.99,2.21,7,-145,0.00218,0.00082
1630679546442,0.91,2.04,22,104,0.00208,0.00078
1630679547442,1.02,2.02,19,161,0.00208,0.00072
1630679548442,0.95,1.9,22,110,0.00196,0.00064
1630679549442,0.96,1.66,26,97,0.00196,0.00066
1630679550442,0.91,2.01,18,29,0.00214,0.0006
1630679551442,0.96,1.95,20,123,0.00214,0.00096
1630679552442,0.96,2.48,22,113,0.00212,0.00088
1630679553442,0.98,1.78,21,95,0.00212,0.00086
1630679554442,0.94,1.91,20,120,0.00206,0.00088
1630679555442,0.88,1.85,11,-156,0.00206,0.00094
1630679556442,0.98,1.81,21,108,0.002,0.00086
1630679557442,0.91,1.62,20,145,0.002,0.00082
1630679558442,0.95,1.77,23,114,0.0021,0.00088
1630679559442,0.94,1.6,10,-131,0.0021,0.00082
1630679560442,0.91,1.78,22,108,0.002,0.00078
1630679561442,1.02,1.83,2,-110,0.002,0.0007
1630679562442,0.93,1.91,25,104,0.00188,0.00064
1630679563442,0.98,1.84,20,142,0.00188,0.0006
1630679564442,0.96,1.83,27,112,0.00186,0.00058
1630679565442,0.94,1.9,24,134,0.00186,0.00056
1630679566442,1.0,1.83,19,175,0.00184,0.00056
1630679567442,0.94,1.89,25,101,0.00184,0.00054
1630679568442,0.98,2.03,26,109,0.00186,0.00056
1630679569442,1.02,1.91,19,161,0.00186,0.00052
1630679570442,0.93,2.25,30,103,0.00186,0.0006
1630679571442,1.01,2.16,18,124,0.00186,0.00084
1630679572442,0.99,2.28,24,110,0.002,0.00116
1630679573442,1.05,2.18,27,106,0.002,0.00194
1630679574442,1.03,2.18,21,98,0.00196,0.00208
1630679575442,0.95,2.3,26,127,0.00196,0.0019
1630679576442,0.97,2.39,20,117,0.00206,0.0018
1630679577442,1.03,2.02,18,176,0.00206,0.00158
1630679578442,0.94,2.02,27,113,0.00192,0.00142
1630679579442,0.99,2.04,19,117,0.00192,0.00142
1630679580442,0.97,2.01,22,133,0.0018,0.00156
1630679581442,0.99,1.65,22,105,0.0018,0.0014
1630679582442,1.01,2.03,23,62,0.00182,0.0014
1630679583442,0.98,2.28,23,113,0.00182,0.00124
1630679584442,1.02,2.08,22,110,0.00204,0.00108
1630679585442,0.98,2.12,27,99,0.00204,0.00108
1630679586442,0.95,2.09,24,118,0.00194,0.0011
1630679587442,1.04,1.96,26,101,0.00194,0.00096
1630679588442,0.93,1.97,25,126,0.002,0.00094
1630679589442,0.98,2.04,22,130,0.002,0.00088
1630679590442,0.97,2.08,25,169,0.00192,0.00086
1630679591442,0.95,1.85,20,143,0.00192,0.0009
1630679592442,1.06,2.13,21,112,0.00186,0.00086
1630679593442,0.95,1.83,25,86,0.00186,0.00082
1630679594442,0.99,1.8,25,101,0.00188,0.00076
1630679595442,1.01,2.13,24,108,0.00188,0.0007
1630679596442,0.91,1.89,10,-64,0.00182,0.00072
1630679597442,0.96,1.9,21,114,0.00182,0.0008
1630679598442,0.99,1.93,22,113,0.00192,0.00076
1630679599442,0.96,2.09,25,130,0.00192,0.0009
1630679600442,0.97,2.01,19,154,0.00194,0.0011
1630679601442,0.9,2.01,25,109,0.00194,0.00106
1630679602442,0.92,2.22,18,152,0.00198,0.00098
1630679603442,1.0,1.84,24,116,0.00198,0.00096
1630679604442,0.94,2.06,24,104,0.002,0.0009
1630679605442,0.99,2.15,35,69,0.002,0.00134
1630679606442,0.97,2.09,26,124,0.00196,0.00146
1630679607442,0.94,2.18,25,128,0.00196,0.00208
1630679608442,0.99,1.71,18,42,0.00198,0.00212
1630679609442,0.92,2.08,20,65,0.00198,0.0019
1630679610442,0.96,1.72,31,56,0.00194,0.0017
1630679611442,0.97,2.04,26,120,0.00194,0.00138
1630679612442,0.85,2.1,24,120,0.00188,0.0023
1630679613442,0.95,2.09,26,151,0.00188,0.002
1630679614442,0.93,2.27,19,129,0.00184,0.00182
1630679615442,0.95,2.31,21,147,0.00184,0.0017
1630679616442,0.96,2.21,20,152,0.00184,0.00156
1630679617442,0.92,2.02,23,108,0.00184,0.0014
1630679618442,1.0,2.19,23,120,0.00182,0.00126
1630679619442,0.93,2.18,23,103,0.00182,0.00114
1630679620442,0.99,2.02,23,123,0.00194,0.00106
1630679621442,0.97,2.66,27,113,0.00194,0.0011
1630679622442,0.97,2.12,26,125,0.00198,0.0011
1630679623442,1.03,2.1,26,110,0.00198,0.00096
1630679624442,0.93,2.08,22,76,0.00204,0.00094
1630679625442,1.0,2.08,19,139,0.00204,0.00086
1630679626442,1.02,2.16,24,125,0.0019,0.00084
1630679627442,0.98,2.31,24,113,0.0019,0.0008
1630679628442,1.08,2.5,30,129,0.00194,0.00114
1630679629442,0.95,1.87,31,121,0.00194,0.00108
1630679630442,1.01,2.38,25,110,0.00198,0.001
1630679631442,0.97,2.25,27,99,0.00198,0.00086
1630679632442,1.0,2.26,23,121,0.00196,0.00078
1630679633442,0.98,2.57,22,121,0.00196,0.00072
1630679634442,1.0,2.4,19,84,0.00202,0.00068
1630679635442,0.81,2.03,8,-141,0.00202,0.00066
1630679636442,0.93,1.89,12,-67,0.00194,0.00062
1630679637442,0.88,1.91,21,124,0.00194,0.00066
1630679638442,0.9,1.85,19,140,0.00196,0.00064
1630679639442,0.89,1.96,23,102,0.00196,0.00082
1630679640442,0.9,1.92,9,-123,0.00192,0.00086
1630679641442,0.91,1.96,29,54,0.00192,0.00078
1630679642442,0.87,2.01,22,112,0.00188,0.0007
1630679643442,0.72,1.36,21,116,0.00188,0.00064
1630679644442,0.6,1.32,0,-128,0.00182,0.00058
1630679645442,0.39,0.8,22,-145,0.00182,0.00056
1630679646442,0.56,2.51,58,81,0.00184,0.00052
1630679647442,0.32,0.51,5,-111,0.00184,0.00048
1630679648442,0.22,0.51,22,177,0.00182,0.00038
1630679649442,0.2,0.31,25,78,0.00182,0.00036
1630679650442,0.16,0.6,36,76,0.00182,0.0003
1630679651442,0.31,0.66,22,-171,0.00182,0.00028
1630679652442,0.27,0.72,25,98,0.00186,0.00024
1630679653442,0.27,0.3,7,-65,0.00186,0.00022
1630679654442,0.1,0.19,5,-85,0.00256,0.0002
1630679655442,0.07,0.14,24,102,0.00256,0.00018
1630679656442,0.03,0.06,20,79,0.00274,0.00018
1630679657442,0.02,0.06,21,72,0.00274,0.00016
1630679658442,0.01,0.04,21,102,0.00258,0.00014
1630679659442,0.02,0.04,16,102,0.00258,0.00014
1630679660442,0.03,0.07,18,116,0.00262,0.00014
1630679661442,0.04,0.34,38,88,0.00262,0.00014
1630679662442,0.25,0.44,17,31,0.00268,0.00014
1630679663442,0.15,0.21,3,-61,0.00268,0.00012
1630679664442,0.03,0.04,20,46,0.00272,0.00012
1630679665442,0.03,0.08,22,56,0.00272,0.0001
1630679666442,0.02,0.06,23,32,0.00272,0.0001
1630679667442,0.02,0.04,15,-78,0.00272,0.0001
1630679668442,0.01,0.03,16,53,0.00266,0.0001
1630679669442,0.02,0.04,14,-168,0.00266,0.0001
1630679670442,0.01,0.06,18,56,0.0027,0.0001
1630679671442,0.01,0.03,18,39,0.0027,8e-05
1630679672442,0.01,0.06,16,151,0.00268,8e-05
1630679673442,0.01,0.04,9,12,0.00268,8e-05
1630679674442,0.01,0.03,11,-15,0.00266,8e-05
1630679675442,0.01,0.03,16,53,0.00266,8e-05
1630679676442,0.01,0.04,18,23,0.0027,8e-05
1630679677442,0.01,0.03,16,53,0.0027,8e-05
1630679678442,0.01,0.04,21,39,0.0027,8e-05
1630679679442,0.01,0.03,19,51,0.0027,6e-05
1630679680442,0.01,0.03,21,18,0.00262,8e-05
1630679681442,0.01,0.12,8,-110,0.00262,8e-05
1630679682442,0.1,0.22,1,-115,0.00264,8e-05
1630679683442,0.04,0.1,9,-46,0.00264,8e-05
1630679684442,0.04,0.08,18,91,0.00272,8e-05
1630679685442,0.02,0.06,10,-48,0.00272,0.0001
1630679686442,0.02,0.04,12,-41,0.00288,8e-05
1630679687442,0.02,0.04,11,-68,0.00288,8e-05
1630679688442,0.01,0.03,10,-32,0.00288,8e-05
1630679689442,0.01,0.03,14,-127,0.00288,8e-05
1630679690442,0.02,0.04,10,-4,0.00228,8e-05
1630679691442,0.02,0.04,9,-28,0.00228,8e-05
1630679692442,0.02,0.04,11,-51,0.00238,8e-05
1630679693442,0.01,0.04,13,-7,0.00238,8e-05
1630679694442,0.02,0.04,10,-55,0.00274,8e-05
1630679695442,0.01,0.04,12,-32,0.00274,8e-05
1630679696442,0.01,0.03,12,12,0.00274,8e-05
1630679697442,0.01,0.03,14,12,0.00274,8e-05
1630679698442,0.01,0.06,12,-67,0.0027,8e-05
1630679699442,0.02,0.06,13,-141,0.0027,6e-05
1630679700442,0.01,0.04,12,-2,0.00266,8e-05
1630679701442,0.01,0.06,10,-4,0.00266,8e-05
1630679702442,0.01,0.04,13,-7,0.00258,6e-05
1630679703442,0.01,0.03,13,-7,0.00258,6e-05
1630679704442,0.01,0.03,12,-41,0.00256,6e-05
1630679705442,0.01,0.03,13,-15,0.00256,6e-05
1630679706442,0.01,0.03,11,-32,0.00256,6e-05
1630679707442,0.01,0.04,11,-51,0.00256,6e-05
1630679708442,0.01,0.03,12,-25,0.00254,6e-05
1630679709442,0.01,0.04,13,-105,0.00254,6e-05
1630679710442,0.01,0.04,14,-168,0.00254,6e-05
1630679711442,0.01,0.03,11,-47,0.00254,6e-05
1630679712442,0.01,0.04,13,12,0.00258,6e-05
1630679713442,0.01,0.03,11,-7,0.00258,6e-05
1630679714442,0.01,0.04,14,12,0.00256,6e-05
1630679715442,0.01,0.03,11,-27,0.00256,6e-05
1630679716442,0.01,0.08,5,-74,0.00252,6e-05
1630679717442,0.01,0.03,12,-25,0.00252,6e-05
1630679718442,0.01,0.04,12,12,0.00256,6e-05
1630679719442,0.01,0.03,14,-168,0.00256,8e-05
1630679720442,0.01,0.03,12,-25,0.0026,6e-05
1630679721442,0.01,0.03,11,-47,0.0026,6e-05
1630679722442,0.01,0.03,11,-19,0.00258,6e-05
1630679723442,0.01,0.04,13,-141,0.00258,6e-05
1630679724442,0.01,0.03,11,-7,0.00258,6e-05
1630679725442,0.01,0.03,13,-105,0.00258,6e-05
1630679726442,0.01,0.06,19,39,0.00256,6e-05
1630679727442,0.01,0.04,11,12,0.00256,6e-05
1630679728442,0.01,0.03,17,75,0.00256,6e-05
1630679729442,0.02,0.03,14,-127,0.00256,6e-05
1630679730442,0.01,0.03,14,-29,0.00258,6e-05
1630679731442,0.01,0.03,13,-7,0.00258,8e-05
1630679732442,0.01,0.04,13,-44,0.00262,6e-05
1630679733442,0.01,0.03,11,-47,0.00262,6e-05
1630679734442,0.01,0.04,11,12,0.00264,6e-05
1630679735442,0.01,0.03,11,2,0.00264,6e-05
1630679736442,0.01,0.03,16,102,0.0026,6e-05
1630679737442,0.01,0.03,13,-7,0.0026,6e-05
1630679738442,0.01,0.03,15,-78,0.00258,6e-05
1630679739442,0.01,0.03,12,-51,0.00258,6e-05
1630679740442,0.01,0.04,15,-78,0.00256,6e-05
1630679741442,0.01,0.03,13,-7,0.00256,6e-05
1630679742442,0.01,0.03,13,12,0.00254,6e-05
1630679743442,0.01,0.03,14,-127,0.00254,6e-05
1630679744442,0.01,0.04,17,129,0.00256,6e-05
1630679745442,0.01,0.03,14,-168,0.00256,6e-05
1630679746442,0.01,0.03,12,12,0.00254,6e-05
1630679747442,0.01,0.04,13,-15,0.00254,6e-05
1630679748442,0.01,0.03,13,-97,0.00248,6e-05
1630679749442,0.01,0.02,14,-78,0.00248,6e-05
1630679750442,0.01,0.03,13,-78,0.0025,6e-05
1630679751442,0.01,0.03,14,-78,0.0025,6e-05
1630679752442,0.01,0.03,11,2,0.0025,6e-05
1630679753442,0.01,0.03,14,-168,0.0025,6e-05
1630679754442,0.05,0.14,4,-78,0.00246,6e-05
1630679755442,0.07,0.12,4,-81,0.00246,6e-05
1630679756442,0.04,0.08,4,-85,0.00258,6e-05
1630679757442,0.03,0.08,13,-141,0.00258,6e-05
1630679758442,0.02,0.07,12,-22,0.00258,6e-05
1630679759442,0.01,0.04,13,-31,0.00258,6e-05
1630679760442,0.02,0.06,12,-15,0.0025,6e-05
1630679761442,0.02,0.04,13,-7,0.0025,6e-05
1630679762442,0.02,0.04,10,-48,0.00248,6e-05
1630679763442,0.02,0.07,8,-40,0.00248,6e-05
1630679764442,0.05,0.13,4,-64,0.0025,6e-05
1630679765442,0.06,0.12,18,26,0.0025,6e-05
1630679766442,0.03,0.07,14,-78,0.0024,8e-05
1630679767442,0.02,0.04,12,-2,0.0024,8e-05
1630679768442,0.01,0.06,15,-78,0.00242,6e-05
1630679769442,0.01,0.03,12,1,0.00242,6e-05
1630679770442,0.01,0.04,10,-44,0.00252,6e-05
1630679771442,0.01,0.04,12,-56,0.00252,6e-05
1630679772442,0.01,0.04,14,-29,0.0025,6e-05
1630679773442,0.01,0.03,9,-18,0.0025,6e-05
1630679774442,0.01,0.03,9,5,0.00246,6e-05
1630679775442,0.01,0.04,10,-22,0.00246,6e-05
1630679776442,0.01,0.06,14,-78,0.00246,6e-05
1630679777442,0.02,0.04,12,-78,0.00246,6e-05
1630679778442,0.01,0.04,10,-44,0.00244,6e-05
1630679779442,0.01,0.03,11,-7,0.00244,6e-05
1630679780442,0.01,0.03,10,-44,0.00242,6e-05
1630679781442,0.01,0.04,9,-2,0.00242,6e-05
1630679782442,0.02,0.04,9,-29,0.00246,6e-05
1630679783442,0.01,0.03,12,-64,0.00246,6e-05
1630679784442,0.01,0.06,13,-51,0.0025,6e-05
1630679785442,0.01,0.04,9,-32,0.0025,6e-05
1630679786442,0.01,0.03,11,-19,0.00248,6e-05
1630679787442,0.02,0.04,12,-25,0.00248,6e-05
1630679788442,0.02,0.04,13,-44,0.0024,6e-05
1630679789442,0.01,0.06,14,-78,0.0024,6e-05
1630679790442,0.01,0.04,9,-2,0.00238,6e-05
1630679791442,0.01,0.04,14,-127,0.00238,6e-05
1630679792442,0.01,0.04,9,-48,0.0024,6e-05
1630679793442,0.01,0.06,9,6,0.0024,6e-05
1630679794442,0.01,0.03,11,-47,0.00236,6e-05
1630679795442,0.01,0.03,13,-31,0.00236,6e-05
1630679796442,0.01,0.04,9,-6,0.00234,6e-05
1630679797442,0.01,0.03,13,-15,0.00234,6e-05
1630679798442,0.01,0.04,9,6,0.00244,6e-05
1630679799442,0.01,0.02,13,-44,0.00244,6e-05
1630679800442,0.01,0.03,12,-51,0.0025,6e-05
1630679801442,0.01,0.03,11,-51,0.0025,6e-05
1630679802442,0.01,0.03,14,-29,0.0025,6e-05
1630679803442,0.01,0.03,10,-4,0.0025,6e-05
1630679804442,0.01,0.04,13,-7,0.0025,6e-05
1630679805442,0.01,0.03,12,-2,0.0025,6e-05
1630679806442,0.01,0.04,13,-31,0.0025,6e-05
1630679807442,0.01,0.03,10,12,0.0025,6e-05
1630679808442,0.01,0.04,10,-44,0.00248,6e-05
1630679809442,0.01,0.03,12,-2,0.00248,4e-05
1630679810442,0.01,0.03,13,-78,0.00248,6e-05
1630679811442,0.01,0.03,14,-78,0.00248,6e-05
1630679812442,0.01,0.07,9,-64,0.00246,6e-05
1630679813442,0.04,0.09,7,-68,0.00246,6e-05
1630679814442,0.02,0.06,8,-67,0.00242,6e-05
1630679815442,0.04,0.14,7,-160,0.00242,6e-05
1630679816442,0.15,0.2,2,-130,0.00244,6e-05
1630679817442,0.1,0.21,22,73,0.00244,6e-05
1630679818442,0.13,0.21,25,94,0.00254,6e-05
1630679819442,0.12,0.18,27,133,0.00254,6e-05
1630679820442,0.06,0.16,6,-78,0.0026,8e-05
1630679821442,0.04,0.1,26,91,0.0026,6e-05
1630679822442,0.03,0.1,8,-95,0.00254,6e-05
1630679823442,0.05,0.12,7,-109,0.00254,6e-05
1630679824442,0.02,0.09,19,158,0.00264,6e-05
1630679825442,0.04,0.13,21,96,0.00264,6e-05
1630679826442,0.04,0.08,20,86,0.0026,6e-05
1630679827442,0.02,0.04,12,12,0.0026,6e-05
1630679828442,0.01,0.03,17,46,0.00252,6e-05
1630679829442,0.01,0.03,18,102,0.00252,6e-05
1630679830442,0.01,0.03,19,43,0.00256,6e-05
1630679831442,0.01,0.06,19,92,0.00256,6e-05
1630679832442,0.01,0.04,17,31,0.00252,6e-05
1630679833442,0.02,0.04,20,86,0.00252,6e-05
1630679834442,0.01,0.03,20,79,0.00244,6e-05
1630679835442,0.01,0.04,13,12,0.00244,6e-05
1630679836442,0.01,0.04,16,102,0.0024,6e-05
1630679837442,0.01,0.04,12,12,0.0024,6e-05
1630679838442,0.02,0.03,19,124,0.00242,6e-05
1630679839442,0.01,0.04,17,39,0.00242,6e-05
1630679840442,0.01,0.03,16,102,0.00246,6e-05
1630679841442,0.02,0.07,12,-64,0.00246,6e-05
1630679842442,0.05,0.07,12,-105,0.00246,6e-05
1630679843442,0.03,0.06,13,-59,0.00246,6e-05
1630679844442,0.02,0.04,11,-51,0.00242,6e-05
1630679845442,0.01,0.03,11,-7,0.00242,6e-05
1630679846442,0.01,0.04,12,-89,0.00236,6e-05
1630679847442,0.01,0.04,13,-105,0.00236,6e-05
1630679848442,0.02,0.08,9,-96,0.00238,6e-05
1630679849442,0.04,0.09,11,-160,0.00238,6e-05
1630679850442,0.02,0.04,12,-100,0.00244,6e-05
1630679851442,0.02,0.04,11,-137,0.00244,6e-05
1630679852442,0.01,0.06,16,53,0.0025,6e-05
1630679853442,0.02,0.04,13,-15,0.0025,6e-05
1630679854442,0.02,0.04,17,39,0.0024,8e-05
1630679855442,0.01,0.04,13,-51,0.0024,6e-05
1630679856442,0.01,0.03,11,-10,0.00232,6e-05
1630679857442,0.01,0.03,12,1,0.00232,6e-05
1630679858442,0.01,0.04,12,-124,0.00238,6e-05
1630679859442,0.01,0.04,11,-7,0.00238,6e-05
1630679860442,0.01,0.03,13,-141,0.00234,6e-05
1630679861442,0.01,0.03,13,-112,0.00234,6e-05
1630679862442,0.01,0.04,11,-51,0.0023,6e-05
1630679863442,0.02,0.04,12,-115,0.0023,6e-05
1630679864442,0.01,0.03,12,-32,0.0023,8e-05
1630679865442,0.01,0.04,14,-78,0.0023,6e-05
1630679866442,0.01,0.03,13,-31,0.00228,6e-05
1630679867442,0.01,0.03,13,-141,0.00228,6e-05
1630679868442,0.01,0.03,14,-78,0.0023,6e-05
1630679869442,0.01,0.04,12,-67,0.0023,6e-05
1630679870442,0.02,0.04,13,-141,0.00236,6e-05
1630679871442,0.02,0.04,9,-55,0.00236,6e-05
1630679872442,0.08,0.2,1,-116,0.00238,6e-05
1630679873442,0.14,0.14,1,-109,0.00238,6e-05
1630679874442,0.06,0.08,0,-115,0.00248,6e-05
1630679875442,0.04,0.08,2,-125,0.00248,6e-05
1630679876442,0.02,0.04,5,-103,0.00242,6e-05
1630679877442,0.02,0.04,0,-119,0.00242,6e-05
1630679878442,0.03,0.06,1,-123,0.00224,6e-05
1630679879442,0.02,0.04,2,-120,0.00224,6e-05
1630679880442,0.02,0.03,2,-123,0.00226,6e-05
1630679881442,0.01,0.04,2,-125,0.00226,6e-05
1630679882442,0.01,0.03,2,-123,0.00232,6e-05
1630679883442,0.01,0.03,1,-111,0.00232,6e-05
1630679884442,0.01,0.03,2,-126,0.00236,6e-05
1630679885442,0.01,0.03,2,-126,0.00236,6e-05
1630679886442,0.01,0.02,2,-123,0.00236,6e-05
1630679887442,0.01,0.03,1,-123,0.00236,6e-05
1630679888442,0.01,0.03,2,-125,0.00232,6e-05
1630679889442,0.01,0.07,5,-113,0.00232,6e-05
1630679890442,0.1,0.18,11,-107,0.00234,0.0001
1630679891442,0.3,0.75,22,145,0.00234,0.00012
1630679892442,0.06,0.09,4,-104,0.00242,0.00012
1630679893442,0.04,0.16,9,-85,0.00242,0.0001
1630679894442,0.09,0.14,9,-95,0.00256,0.0001
1630679895442,0.07,0.1,7,-87,0.00256,8e-05
1630679896442,0.06,0.08,7,-87,0.00256,6e-05
1630679897442,0.02,0.04,5,-100,0.00256,6e-05
1630679898442,0.02,0.04,7,-89,0.00244,6e-05
1630679899442,0.02,0.13,16,-82,0.00244,6e-05
1630679900442,0.01,0.03,6,-84,0.00244,6e-05
1630679901442,0.01,0.04,8,-97,0.00244,4e-05
1630679902442,0.02,0.04,8,-99,0.00244,4e-05
1630679903442,0.02,0.04,7,-100,0.00244,4e-05
1630679904442,0.01,0.03,9,-92,0.00234,6e-05
1630679905442,0.01,0.03,6,-85,0.00234,4e-05
1630679906442,0.01,0.04,8,-99,0.00228,4e-05
1630679907442,0.01,0.04,6,-86,0.00228,4e-05
1630679908442,0.01,0.03,7,-85,0.00232,4e-05
1630679909442,0.01,0.03,5,-96,0.00232,4e-05
1630679910442,0.01,0.03,7,-100,0.00228,4e-05
1630679911442,0.01,0.03,4,-89,0.00228,4e-05
1630679912442,0.01,0.03,7,-97,0.00232,4e-05
1630679913442,0.01,0.04,6,-86,0.00232,4e-05
1630679914442,0.01,0.03,8,-97,0.00232,4e-05
1630679915442,0.01,0.06,7,-88,0.00232,6e-05
1630679916442,0.01,0.03,7,-85,0.00228,4e-05
1630679917442,0.01,0.03,5,-96,0.00228,6e-05
1630679918442,0.01,0.04,10,-95,0.0023,6e-05
1630679919442,0.01,0.03,6,-96,0.0023,6e-05
1630679920442,0.01,0.04,4,-99,0.0023,4e-05
1630679921442,0.01,0.03,7,-83,0.0023,4e-05
1630679922442,0.02,0.04,4,-97,0.00228,4e-05
1630679923442,0.01,0.03,6,-85,0.00228,6e-05
1630679924442,0.01,0.04,7,-102,0.0023,6e-05
1630679925442,0.01,0.03,6,-88,0.0023,6e-05
1630679926442,0.01,0.04,6,-101,0.00234,4e-05
1630679927442,0.01,0.03,5,-100,0.00234,6e-05
1630679928442,0.01,0.03,6,-88,0.0023,6e-05
1630679929442,0.01,0.03,7,-98,0.0023,6e-05
1630679930442,0.01,0.03,7,-87,0.0023,6e-05
1630679931442,0.01,0.06,3,-89,0.0023,6e-05
1630679932442,0.02,0.03,6,-97,0.00234,6e-05
1630679933442,0.01,0.03,7,-85,0.00234,6e-05
1630679934442,0.01,0.04,7,-102,0.00234,4e-05
1630679935442,0.01,0.04,4,-93,0.00234,6e-05
1630679936442,0.01,0.02,7,-96,0.00236,6e-05
1630679937442,0.02,0.12,3,-92,0.00236,6e-05
1630679938442,0.01,0.03,7,-98,0.00234,6e-05
1630679939442,0.01,0.03,9,-91,0.00234,6e-05
1630679940442,0.01,0.03,7,-97,0.00234,6e-05
1630679941442,0.01,0.04,7,-100,0.00234,6e-05
1630679942442,0.01,0.04,9,-99,0.00234,6e-05
1630679943442,0.02,0.04,8,-83,0.00234,6e-05
1630679944442,0.01,0.03,6,-88,0.0023,6e-05
1630679945442,0.01,0.03,7,-87,0.0023,6e-05
1630679946442,0.01,0.03,7,-97,0.0023,6e-05
1630679947442,0.01,0.04,7,-85,0.0023,6e-05
1630679948442,0.01,0.13,16,-90,0.00236,6e-05
1630679949442,0.01,0.06,7,-102,0.00236,6e-05
1630679950442,0.01,0.03,9,-88,0.00236,6e-05
1630679951442,0.01,0.03,7,-100,0.00236,4e-05
1630679952442,0.01,0.06,8,-101,0.00234,6e-05
1630679953442,0.01,0.03,9,-89,0.00234,6e-05
1630679954442,0.01,0.03,7,-97,0.00232,6e-05
1630679955442,0.01,0.03,6,-88,0.00232,6e-05
1630679956442,0.01,0.03,6,-90,0.00228,6e-05
1630679957442,0.01,0.04,9,-97,0.00228,4e-05
1630679958442,0.01,0.04,7,-102,0.00228,6e-05
1630679959442,0.01,0.12,12,-96,0.00228,6e-05
1630679960442,0.01,0.04,5,-86,0.00228,6e-05
1630679961442,0.01,0.03,9,-95,0.00228,6e-05
1630679962442,0.01,0.03,7,-100,0.00224,4e-05
1630679963442,0.01,0.03,9,-89,0.00224,4e-05
1630679964442,0.01,0.04,7,-85,0.00224,4e-05
1630679965442,0.01,0.06,7,-84,0.00224,6e-05
1630679966442,0.01,0.03,7,-98,0.00226,6e-05
1630679967442,0.01,0.04,9,-98,0.00226,6e-05
1630679968442,0.01,0.03,7,-87,0.00226,6e-05
1630679969442,0.01,0.03,8,-97,0.00226,6e-05
1630679970442,0.01,0.03,5,-95,0.00228,6e-05
1630679971442,0.01,0.03,6,-85,0.00228,6e-05
1630679972442,0.01,0.03,5,-98,0.00228,6e-05
1630679973442,0.01,0.04,9,-86,0.00228,6e-05
1630679974442,0.01,0.03,9,-99,0.00228,6e-05
1630679975442,0.01,0.04,8,-85,0.00228,6e-05
1630679976442,0.01,0.06,7,-102,0.00228,6e-05
1630679977442,0.01,0.12,3,-97,0.00228,6e-05
1630679978442,0.01,0.03,9,-95,0.00228,6e-05
1630679979442,0.01,0.06,9,-102,0.00228,6e-05
1630679980442,0.01,0.04,9,-96,0.00228,6e-05
1630679981442,0.01,0.03,7,-87,0.00228,6e-05
1630679982442,0.01,0.03,7,-87,0.00228,6e-05
1630679983442,0.01,0.03,6,-88,0.00228,6e-05
1630679984442,0.01,0.03,9,-93,0.00228,6e-05
1630679985442,0.01,0.03,7,-100,0.00228,6e-05
1630679986442,0.01,0.03,7,-87,0.00228,6e-05
1630679987442,0.01,0.03,6,-96,0.00228,6e-05
1630679988442,0.01,0.04,7,-85,0.00226,6e-05
1630679989442,0.01,0.03,7,-98,0.00226,8e-05
1630679990442,0.01,0.04,9,-99,0.00226,6e-05
1630679991442,0.01,0.03,9,-95,0.00226,6e-05
1630679992442,0.01,0.03,6,-97,0.00228,6e-05
1630679993442,0.01,0.03,7,-87,0.00228,6e-05
1630679994442,0.01,0.12,12,-96,0.00228,6e-05
1630679995442,0.01,0.03,9,-93,0.00228,6e-05
1630679996442,0.01,0.04,6,-86,0.00226,6e-05
1630679997442,0.01,0.03,6,-88,0.00226,6e-05
1630679998442,0.01,0.03,7,-100,0.0023,6e-05
1630679999442,0.01,0.03,7,-87,0.0023,6e-05
1630680000442,0.01,0.03,7,-98,0.00236,6e-05
1630680001442,0.01,0.04,8,-87,0.00236,6e-05
1630680002442,0.01,0.03,7,-89,0.00236,8e-05
1630680003442,0.01,0.03,8,-97,0.00236,6e-05
1630680004442,0.01,0.03,5,-90,0.00234,8e-05
1630680005442,0.01,0.03,9,-99,0.00234,8e-05
1630680006442,0.01,0.03,8,-86,0.0023,6e-05
1630680007442,0.01,0.03,6,-88,0.0023,6e-05
1630680008442,0.01,0.03,8,-97,0.00226,6e-05
1630680009442,0.01,0.04,6,-85,0.00226,6e-05
1630680010442,0.01,0.03,6,-99,0.00226,6e-05
1630680011442,0.01,0.04,9,-100,0.00226,6e-05
1630680012442,0.01,0.04,9,-96,0.00228,6e-05
1630680013442,0.01,0.03,6,-88,0.00228,6e-05
1630680014442,0.01,0.03,6,-88,0.0023,6e-05
1630680015442,0.01,0.03,8,-97,0.0023,6e-05
1630680016442,0.01,0.03,5,-96,0.00232,6e-05
1630680017442,0.01,0.04,7,-87,0.00232,6e-05
1630680018442,0.01,0.02,8,-96,0.00232,6e-05
1630680019442,0.01,0.03,7,-87,0.00232,6e-05
1630680020442,0.01,0.03,8,-97,0.0023,6e-05
1630680021442,0.01,0.04,6,-85,0.0023,6e-05
1630680022442,0.02,0.04,7,-85,0.00228,6e-05
1630680023442,0.01,0.09,16,-88,0.00228,6e-05
1630680024442,0.01,0.04,9,-97,0.00226,4e-05
1630680025442,0.01,0.04,6,-85,0.00226,6e-05
1630680026442,0.01,0.03,5,-96,0.00226,6e-05
1630680027442,0.01,0.03,7,-97,0.00226,6e-05
1630680028442,0.01,0.12,10,-90,0.00224,6e-05
1630680029442,0.01,0.04,8,-99,0.00224,6e-05
1630680030442,0.01,0.04,6,-85,0.0022,6e-05
1630680031442,0.01,0.03,7,-87,0.0022,4e-05
1630680032442,0.01,0.03,9,-99,0.00224,6e-05
1630680033442,0.01,0.04,8,-101,0.00224,6e-05
1630680034442,0.01,0.1,3,-91,0.00226,6e-05
1630680035442,0.01,0.04,7,-85,0.00226,6e-05
1630680036442,0.01,0.03,8,-99,0.00228,6e-05
1630680037442,0.01,0.04,7,-85,0.00228,6e-05
1630680038442,0.01,0.03,10,-93,0.00232,6e-05
1630680039442,0.01,0.03,7,-100,0.00232,6e-05
1630680040442,0.01,0.03,8,-99,0.00224,6e-05
1630680041442,0.01,0.02,7,-89,0.00224,6e-05
1630680042442,0.01,0.04,9,-86,0.00224,6e-05
1630680043442,0.01,0.04,9,-86,0.00224,6e-05
1630680044442,0.01,0.04,7,-100,0.0024,8e-05
1630680045442,0.02,0.04,9,-102,0.0024,6e-05
1630680046442,0.01,0.03,9,-93,0.00236,8e-05
1630680047442,0.01,0.03,7,-87,0.00236,6e-05
1630680048442,0.01,0.04,8,-95,0.00226,6e-05
1630680049442,0.01,0.03,6,-97,0.00226,6e-05
1630680050442,0.01,0.03,7,-87,0.00224,6e-05
1630680051442,0.01,0.03,6,-97,0.00224,8e-05
1630680052442,0.01,0.03,8,-99,0.00218,6e-05
1630680053442,0.01,0.03,9,-86,0.00218,6e-05
1630680054442,0.01,0.03,7,-99,0.00222,6e-05
1630680055442,0.01,0.03,5,-92,0.00222,6e-05
1630680056442,0.01,0.03,9,-88,0.0022,6e-05
1630680057442,0.01,0.04,7,-85,0.0022,6e-05
1630680058442,0.01,0.03,6,-90,0.0022,6e-05
1630680059442,0.01,0.03,9,-99,0.0022,6e-05
1630680060442,0.01,0.03,8,-99,0.00224,6e-05
1630680061442,0.01,0.04,9,-100,0.00224,6e-05
1630680062442,0.01,0.04,9,-100,0.0022,6e-05
1630680063442,0.01,0.12,11,-97,0.0022,6e-05
1630680064442,0.01,0.03,9,-98,0.00222,6e-05
1630680065442,0.01,0.03,6,-96,0.00222,8e-05
1630680066442,0.01,0.03,9,-86,0.00226,6e-05
1630680067442,0.01,0.04,7,-102,0.00226,6e-05
1630680068442,0.01,0.12,12,-92,0.00224,6e-05
1630680069442,0.01,0.03,9,-95,0.00224,6e-05
1630680070442,0.01,0.04,7,-85,0.00218,6e-05
1630680071442,0.01,0.03,7,-100,0.00218,6e-05
1630680072442,0.01,0.03,9,-99,0.00218,6e-05
1630680073442,0.01,0.1,2,-105,0.00218,6e-05
1630680074442,0.01,0.03,7,-100,0.00224,6e-05
1630680075442,0.01,0.03,9,-95,0.00224,6e-05
1630680076442,0.01,0.03,7,-87,0.0022,8e-05
1630680077442,0.01,0.04,8,-102,0.0022,6e-05
1630680078442,0.01,0.03,6,-92,0.00222,6e-05
1630680079442,0.01,0.03,8,-101,0.00222,8e-05
1630680080442,0.01,0.04,6,-85,0.00222,6e-05
1630680081442,0.01,0.03,7,-87,0.00222,6e-05
1630680082442,0.01,0.04,7,-102,0.00222,8e-05
1630680083442,0.01,0.03,8,-86,0.00222,6e-05
1630680084442,0.02,0.12,1,-110,0.00224,6e-05
1630680085442,0.01,0.03,9,-93,0.00224,8e-05
1630680086442,0.01,0.04,6,-101,0.00222,6e-05
1630680087442,0.02,0.13,1,-100,0.00222,8e-05
1630680088442,0.1,0.16,12,-92,0.00226,8e-05
1630680089442,0.12,0.38,28,-80,0.00226,0.0001
1630680090442,0.17,0.3,16,102,0.00238,0.0001
1630680091442,0.21,0.28,21,120,0.00238,8e-05
1630680092442,0.15,0.25,27,69,0.00244,0.0001
1630680093442,0.15,0.19,27,69,0.00244,0.0001
1630680094442,0.04,0.09,25,74,0.00242,8e-05
1630680095442,0.06,0.13,6,12,0.00242,8e-05
1630680096442,0.1,0.3,36,120,0.00246,0.0001
1630680097442,0.12,0.2,33,119,0.00246,0.00014
1630680098442,0.08,0.1,30,83,0.00268,0.00012
1630680099442,0.05,0.14,37,88,0.00268,0.00012
1630680100442,0.03,0.09,21,19,0.00268,0.00012
1630680101442,0.02,0.03,29,81,0.00268,0.0001
1630680102442,0.01,0.03,29,67,0.00254,0.0001
1630680103442,0.01,0.06,26,95,0.00254,8e-05
1630680104442,0.05,0.09,26,113,0.00254,8e-05
1630680105442,0.03,0.07,26,113,0.00254,0.0001
1630680106442,0.02,0.07,26,116,0.00256,0.0001
1630680107442,0.03,0.1,32,85,0.00256,0.0001
1630680108442,0.04,0.06,31,79,0.0026,0.0001
1630680109442,0.02,0.06,31,81,0.0026,0.0001
1630680110442,0.02,0.06,32,81,0.00256,8e-05
1630680111442,0.01,0.03,29,93,0.00256,8e-05
1630680112442,0.01,0.03,27,81,0.00254,8e-05
1630680113442,0.01,0.03,32,78,0.00254,8e-05
1630680114442,0.01,0.03,27,78,0.00258,8e-05
1630680115442,0.01,0.03,31,76,0.00258,6e-05
1630680116442,0.01,0.03,30,91,0.00256,8e-05
1630680117442,0.01,0.03,27,85,0.00256,8e-05
1630680118442,0.01,0.04,29,94,0.0026,8e-05
1630680119442,0.01,0.03,27,78,0.0026,8e-05
1630680120442,0.01,0.03,28,90,0.0026,8e-05
1630680121442,0.01,0.08,37,90,0.0026,8e-05
1630680122442,0.02,0.04,30,73,0.00254,8e-05
1630680123442,0.01,0.03,30,75,0.00254,8e-05
1630680124442,0.01,0.04,30,92,0.00252,8e-05
1630680125442,0.01,0.03,29,77,0.00252,8e-05
1630680126442,0.01,0.04,26,95,0.00254,8e-05
1630680127442,0.01,0.12,21,102,0.00254,8e-05
1630680128442,0.06,0.12,21,129,0.00248,8e-05
1630680129442,0.03,0.04,26,102,0.00248,8e-05
1630680130442,0.03,0.08,20,86,0.00246,8e-05
1630680131442,0.02,0.04,21,96,0.00246,8e-05
1630680132442,0.01,0.07,19,102,0.00242,8e-05
1630680133442,0.03,0.07,21,102,0.00242,8e-05
1630680134442,0.03,0.07,24,94,0.00238,8e-05
1630680135442,0.05,0.07,28,77,0.00238,8e-05
1630680136442,0.03,0.04,28,74,0.0023,8e-05
1630680137442,0.01,0.04,30,75,0.0023,8e-05
1630680138442,0.01,0.04,29,67,0.00236,8e-05
1630680139442,0.01,0.03,29,67,0.00236,8e-05
1630680140442,0.01,0.1,22,96,0.00246,8e-05
1630680141442,0.08,0.14,19,121,0.00246,8e-05
1630680142442,0.04,0.07,20,86,0.00232,8e-05
1630680143442,0.02,0.04,21,67,0.00232,8e-05
1630680144442,0.01,0.04,21,108,0.0023,8e-05
1630680145442,0.02,0.04,20,68,0.0023,8e-05
1630680146442,0.02,0.04,19,92,0.00236,8e-05
1630680147442,0.02,0.04,19,92,0.00236,8e-05
1630680148442,0.02,0.04,19,63,0.00232,8e-05
1630680149442,0.02,0.03,21,72,0.00232,8e-05
1630680150442,0.01,0.04,19,51,0.00228,8e-05
1630680151442,0.01,0.04,22,80,0.00228,8e-05
1630680152442,0.01,0.03,21,95,0.00228,6e-05
1630680153442,0.01,0.04,19,112,0.00228,6e-05
1630680154442,0.02,0.06,17,83,0.00228,8e-05
1630680155442,0.02,0.06,18,39,0.00228,8e-05
1630680156442,0.02,0.04,20,118,0.00238,8e-05
1630680157442,0.02,0.06,16,102,0.00238,8e-05
1630680158442,0.01,0.06,19,124,0.00238,8e-05
1630680159442,0.01,0.03,18,88,0.00238,8e-05
1630680160442,0.02,0.04,18,102,0.00234,8e-05
1630680161442,0.02,0.03,18,65,0.00234,8e-05
1630680162442,0.01,0.03,17,83,0.00238,8e-05
1630680163442,0.01,0.04,18,26,0.00238,8e-05
1630680164442,0.01,0.06,24,80,0.00234,0.0001
1630680165442,0.02,0.06,23,92,0.00234,8e-05
1630680166442,0.02,0.03,22,78,0.00228,8e-05
1630680167442,0.01,0.03,22,78,0.00228,8e-05
1630680168442,0.01,0.03,21,102,0.00232,8e-05
1630680169442,0.01,0.06,19,46,0.00232,8e-05
1630680170442,0.02,0.04,19,51,0.00234,8e-05
1630680171442,0.01,0.06,17,102,0.00234,8e-05
1630680172442,0.01,0.04,21,109,0.00238,8e-05
1630680173442,0.01,0.06,18,113,0.00238,8e-05
1630680174442,0.02,0.04,19,56,0.00244,8e-05
1630680175442,0.02,0.06,19,31,0.00244,8e-05
1630680176442,0.01,0.06,23,107,0.0024,8e-05
1630680177442,0.01,0.04,23,82,0.0024,8e-05
1630680178442,0.01,0.04,21,53,0.00236,8e-05
1630680179442,0.01,0.03,22,80,0.00236,8e-05
1630680180442,0.01,0.04,22,102,0.00232,8e-05
1630680181442,0.01,0.04,23,88,0.00232,6e-05
1630680182442,0.01,0.04,18,56,0.00228,8e-05
1630680183442,0.01,0.03,19,56,0.00228,8e-05
1630680184442,0.01,0.04,22,61,0.00226,6e-05
1630680185442,0.01,0.04,21,116,0.00226,8e-05
1630680186442,0.02,0.03,18,88,0.00228,8e-05
1630680187442,0.02,0.06,23,87,0.00228,8e-05
1630680188442,0.02,0.04,17,75,0.00216,8e-05
1630680189442,0.02,0.04,18,23,0.00216,8e-05
1630680190442,0.01,0.04,21,96,0.00218,8e-05
1630680191442,0.01,0.03,17,55,0.00218,8e-05
1630680192442,0.01,0.03,20,102,0.00232,8e-05
1630680193442,0.01,0.04,22,91,0.00232,8e-05
1630680194442,0.01,0.03,17,68,0.0023,8e-05
1630680195442,0.01,0.04,20,52,0.0023,8e-05
1630680196442,0.02,0.04,23,82,0.0023,8e-05
1630680197442,0.01,0.04,17,46,0.0023,8e-05
1630680198442,0.02,0.04,16,102,0.00232,8e-05
1630680199442,0.02,0.04,23,82,0.00232,8e-05
1630680200442,0.01,0.03,22,78,0.0023,8e-05
1630680201442,0.01,0.04,17,46,0.0023,8e-05
1630680202442,0.02,0.04,17,102,0.00228,8e-05
1630680203442,0.02,0.04,18,46,0.00228,8e-05
1630680204442,0.01,0.04,19,112,0.00238,8e-05
1630680205442,0.02,0.03,21,90,0.00238,6e-05
1630680206442,0.02,0.04,19,112,0.00242,6e-05
1630680207442,0.02,0.03,21,95,0.00242,6e-05
1630680208442,0.01,0.03,20,102,0.00232,6e-05
1630680209442,0.02,0.06,20,42,0.00232,6e-05
1630680210442,0.02,0.04,20,79,0.0023,6e-05
1630680211442,0.02,0.04,18,39,0.0023,6e-05
1630680212442,0.01,0.03,22,91,0.00228,8e-05
1630680213442,0.01,0.03,20,102,0.00228,8e-05
1630680214442,0.02,0.04,22,102,0.0023,8e-05
1630680215442,0.01,0.03,18,91,0.0023,8e-05
1630680216442,0.02,0.04,18,116,0.00228,8e-05
1630680217442,0.01,0.04,23,78,0.00228,6e-05
1630680218442,0.01,0.04,18,49,0.00228,8e-05
1630680219442,0.01,0.03,19,43,0.00228,8e-05
1630680220442,0.02,0.03,22,91,0.00232,8e-05
1630680221442,0.01,0.03,22,85,0.00232,6e-05
1630680222442,0.01,0.04,17,55,0.00234,6e-05
1630680223442,0.02,0.04,23,82,0.00234,8e-05
1630680224442,0.01,0.03,19,51,0.00232,8e-05
1630680225442,0.02,0.04,17,68,0.00232,6e-05
1630680226442,0.02,0.04,17,102,0.00232,6e-05
1630680227442,0.02,0.04,18,113,0.00232,8e-05
1630680228442,0.01,0.03,18,65,0.00232,6e-05
1630680229442,0.02,0.03,22,91,0.00232,8e-05
1630680230442,0.02,0.04,18,91,0.00226,8e-05
1630680231442,0.02,0.04,21,102,0.00226,8e-05
1630680232442,0.01,0.03,20,94,0.00228,8e-05
1630680233442,0.02,0.04,20,46,0.00228,8e-05
1630680234442,0.02,0.04,18,56,0.00226,8e-05
1630680235442,0.01,0.04,21,109,0.00226,8e-05
1630680236442,0.02,0.06,20,102,0.00226,8e-05
1630680237442,0.01,0.04,23,78,0.00226,8e-05
1630680238442,0.02,0.06,24,80,0.00228,8e-05
1630680239442,0.01,0.03,18,56,0.00228,8e-05
1630680240442,0.01,0.03,21,90,0.00232,8e-05
1630680241442,0.01,0.04,18,56,0.00232,8e-05
1630680242442,0.02,0.06,16,102,0.00232,8e-05
1630680243442,0.01,0.03,21,102,0.00232,8e-05
1630680244442,0.01,0.04,17,68,0.0023,8e-05
1630680245442,0.02,0.03,21,95,0.0023,8e-05
1630680246442,0.01,0.04,19,39,0.0023,8e-05
1630680247442,0.02,0.03,19,102,0.0023,8e-05
1630680248442,0.02,0.04,22,102,0.00228,8e-05
1630680249442,0.02,0.04,17,46,0.00228,8e-05
1630680250442,0.02,0.04,19,102,0.00228,8e-05
1630680251442,0.01,0.04,23,84,0.00228,8e-05
1630680252442,0.02,0.04,18,49,0.0023,8e-05
1630680253442,0.02,0.03,23,78,0.0023,8e-05
1630680254442,0.01,0.04,24,80,0.00228,8e-05
1630680255442,0.02,0.04,22,49,0.00228,8e-05
1630680256442,0.02,0.03,21,95,0.00224,8e-05
1630680257442,0.02,0.03,23,78,0.00224,8e-05
1630680258442,0.02,0.04,24,80,0.00214,8e-05
1630680259442,0.02,0.03,18,65,0.00214,8e-05
1630680260442,0.01,0.04,23,88,0.00218,8e-05
1630680261442,0.02,0.06,17,68,0.00218,0.0001
1630680262442,0.02,0.04,19,43,0.00228,8e-05
1630680263442,0.02,0.04,21,114,0.00228,8e-05
1630680264442,0.02,0.04,22,108,0.00224,8e-05
1630680265442,0.01,0.04,21,47,0.00224,8e-05
1630680266442,0.01,0.04,24,84,0.00226,8e-05
1630680267442,0.01,0.03,18,88,0.00226,8e-05
1630680268442,0.02,0.03,18,65,0.00222,8e-05
1630680269442,0.01,0.03,20,102,0.00222,8e-05
1630680270442,0.02,0.03,21,90,0.00222,8e-05
1630680271442,0.01,0.04,18,49,0.00222,8e-05
1630680272442,0.02,0.04,24,80,0.00228,8e-05
1630680273442,0.01,0.03,22,84,0.00228,8e-05
1630680274442,0.01,0.04,21,109,0.00228,8e-05
1630680275442,0.01,0.03,23,97,0.00228,8e-05
1630680276442,0.02,0.04,17,83,0.00226,8e-05
1630680277442,0.02,0.04,19,51,0.00226,0.0001
1630680278442,0.01,0.04,23,88,0.00226,8e-05
1630680279442,0.01,0.03,21,81,0.00226,8e-05
1630680280442,0.02,0.06,19,71,0.00222,8e-05
1630680281442,0.01,0.06,22,87,0.00222,8e-05
1630680282442,0.02,0.04,18,113,0.00218,0.0001
1630680283442,0.01,0.03,21,52,0.00218,0.0001
1630680284442,0.01,0.03,23,82,0.0022,8e-05
1630680285442,0.01,0.06,19,68,0.0022,0.0001
1630680286442,0.02,0.03,18,91,0.0022,8e-05
1630680287442,0.01,0.04,23,106,0.0022,8e-05
1630680288442,0.02,0.04,18,65,0.00222,0.0001
1630680289442,0.01,0.04,22,102,0.00222,0.0001
1630680290442,0.01,0.03,24,80,0.0022,0.0001
1630680291442,0.02,0.04,19,56,0.0022,0.0001
1630680292442,0.02,0.03,22,68,0.00224,0.0001
1630680293442,0.02,0.04,19,56,0.00224,8e-05
1630680294442,0.01,0.03,23,82,0.00226,8e-05
1630680295442,0.02,0.04,23,84,0.00226,8e-05
1630680296442,0.01,0.04,19,92,0.00224,8e-05
1630680297442,0.01,0.03,22,85,0.00224,8e-05
1630680298442,0.01,0.03,24,75,0.00224,8e-05
1630680299442,0.02,0.04,18,65,0.00224,8e-05
1630680300442,0.02,0.04,18,65,0.00222,8e-05
1630680301442,0.02,0.03,21,102,0.00222,8e-05
1630680302442,0.02,0.04,18,75,0.00222,8e-05
1630680303442,0.01,0.03,19,63,0.00222,8e-05
1630680304442,0.01,0.04,21,109,0.00224,8e-05
1630680305442,0.02,0.04,19,112,0.00224,8e-05
1630680306442,0.02,0.04,22,91,0.00228,8e-05
1630680307442,0.01,0.04,18,65,0.00228,0.0001
1630680308442,0.02,0.03,20,86,0.00228,0.0001
1630680309442,0.02,0.04,23,102,0.00228,8e-05
1630680310442,0.01,0.04,18,75,0.00224,8e-05
1630680311442,0.02,0.06,20,79,0.00224,8e-05
1630680312442,0.02,0.06,18,49,0.00224,8e-05
1630680313442,0.02,0.04,18,68,0.00224,8e-05
1630680314442,0.02,0.04,24,89,0.00226,8e-05
1630680315442,0.01,0.03,19,80,0.00226,6e-05
1630680316442,0.01,0.03,23,88,0.00222,8e-05
1630680317442,0.01,0.06,19,34,0.00222,8e-05
1630680318442,0.01,0.03,20,94,0.0022,8e-05
1630680319442,0.01,0.03,22,75,0.0022,8e-05
1630680320442,0.01,0.03,19,75,0.00222,8e-05
1630680321442,0.01,0.04,19,63,0.00222,8e-05
1630680322442,0.01,0.04,24,89,0.00218,0.0001
1630680323442,0.02,0.04,25,85,0.00218,8e-05
1630680324442,0.01,0.04,18,65,0.00224,8e-05
1630680325442,0.02,0.06,17,68,0.00224,8e-05
1630680326442,0.02,0.03,19,83,0.00242,8e-05
1630680327442,0.01,0.04,23,88,0.00242,8e-05
1630680328442,0.01,0.06,22,108,0.00242,8e-05
1630680329442,0.02,0.03,23,73,0.00242,8e-05
1630680330442,0.02,0.03,19,56,0.00228,0.0001
1630680331442,0.01,0.06,24,89,0.00228,8e-05
1630680332442,0.01,0.04,24,94,0.00224,8e-05
1630680333442,0.02,0.03,20,52,0.00224,8e-05
1630680334442,0.01,0.04,21,109,0.00222,8e-05
1630680335442,0.01,0.04,21,52,0.00222,8e-05
1630680336442,0.02,0.04,21,108,0.00224,8e-05
1630680337442,0.01,0.03,24,89,0.00224,8e-05
1630680338442,0.02,0.04,23,102,0.00218,8e-05
1630680339442,0.01,0.03,23,82,0.00218,8e-05
1630680340442,0.01,0.04,24,94,0.00218,8e-05
1630680341442,0.02,0.04,21,109,0.00218,8e-05
1630680342442,0.01,0.04,24,89,0.00222,8e-05
1630680343442,0.01,0.04,18,88,0.00222,8e-05
1630680344442,0.02,0.04,21,56,0.00222,8e-05
1630680345442,0.01,0.04,22,53,0.00222,8e-05
1630680346442,0.02,0.06,17,83,0.0022,8e-05
1630680347442,0.02,0.04,20,110,0.0022,8e-05
1630680348442,0.02,0.06,25,86,0.0022,8e-05
1630680349442,0.01,0.04,21,88,0.0022,8e-05
1630680350442,0.01,0.03,21,56,0.00222,8e-05
1630680351442,0.01,0.04,22,108,0.00222,8e-05
1630680352442,0.02,0.04,19,56,0.00222,8e-05
1630680353442,0.01,0.04,20,102,0.00222,8e-05
1630680354442,0.01,0.04,19,71,0.00214,8e-05
1630680355442,0.02,0.04,18,56,0.00214,8e-05
1630680356442,0.02,0.18,8,-124,0.00216,8e-05
1630680357442,0.11,0.19,7,-92,0.00216,0.0001
1630680358442,0.03,0.09,16,39,0.00224,0.0001
1630680359442,0.02,0.04,13,-44,0.00224,8e-05
1630680360442,0.02,0.06,14,-29,0.00228,8e-05
1630680361442,0.02,0.03,13,-168,0.00228,8e-05
1630680362442,0.01,0.03,16,151,0.00232,8e-05
1630680363442,0.01,0.03,13,12,0.00232,8e-05
1630680364442,0.01,0.03,12,-2,0.00224,6e-05
1630680365442,0.01,0.04,17,149,0.00224,6e-05
1630680366442,0.01,0.03,18,26,0.00214,6e-05
1630680367442,0.01,0.03,13,-22,0.00214,6e-05
1630680368442,0.01,0.03,13,-141,0.00214,6e-05
1630680369442,0.01,0.04,14,12,0.00214,8e-05
1630680370442,0.01,0.12,5,-78,0.00212,6e-05
1630680371442,0.01,0.03,18,26,0.00212,6e-05
1630680372442,0.01,0.03,14,-78,0.0021,8e-05
1630680373442,0.01,0.04,17,129,0.0021,6e-05
1630680374442,0.01,0.02,13,12,0.00212,8e-05
1630680375442,0.01,0.03,13,-168,0.00212,8e-05
1630680376442,0.01,0.03,18,26,0.00212,6e-05
1630680377442,0.01,0.03,14,-168,0.00212,8e-05
1630680378442,0.01,0.03,17,46,0.00212,8e-05
1630680379442,0.01,0.04,13,-44,0.00212,8e-05
1630680380442,0.01,0.04,13,12,0.00216,6e-05
1630680381442,0.01,0.03,18,75,0.00216,8e-05
1630680382442,0.01,0.04,12,12,0.0022,6e-05
1630680383442,0.01,0.04,17,165,0.0022,6e-05
1630680384442,0.01,0.04,17,39,0.00218,8e-05
1630680385442,0.01,0.03,14,-127,0.00218,8e-05
1630680386442,0.01,0.03,12,12,0.00216,8e-05
1630680387442,0.01,0.03,17,39,0.00216,6e-05
1630680388442,0.01,0.03,14,-29,0.00214,6e-05
1630680389442,0.01,0.03,13,-168,0.00214,8e-05
1630680390442,0.01,0.03,13,-7,0.00212,8e-05
1630680391442,0.01,0.12,5,-74,0.00212,6e-05
1630680392442,0.01,0.03,13,-141,0.00212,8e-05
1630680393442,0.01,0.03,13,-31,0.00212,6e-05
1630680394442,0.01,0.03,14,-78,0.00208,8e-05
1630680395442,0.01,0.03,13,-105,0.00208,8e-05
1630680396442,0.01,0.04,17,55,0.00204,8e-05
1630680397442,0.01,0.03,18,23,0.00204,8e-05
1630680398442,0.01,0.03,13,-141,0.0021,8e-05
1630680399442,0.01,0.03,17,46,0.0021,8e-05
1630680400442,0.01,0.03,12,-22,0.00216,8e-05
1630680401442,0.01,0.04,13,-168,0.00216,6e-05
1630680402442,0.01,0.04,15,-78,0.00218,6e-05
1630680403442,0.01,0.03,13,12,0.00218,8e-05
1630680404442,0.01,0.03,15,-78,0.00216,6e-05
1630680405442,0.01,0.03,18,39,0.00216,8e-05
1630680406442,0.01,0.03,12,-32,0.00214,8e-05
1630680407442,0.01,0.12,26,95,0.00214,8e-05
1630680408442,0.01,0.04,16,151,0.00212,8e-05
1630680409442,0.01,0.06,13,-125,0.00212,8e-05
1630680410442,0.01,0.04,17,173,0.00216,8e-05
1630680411442,0.01,0.03,17,75,0.00216,8e-05
1630680412442,0.01,0.04,12,1,0.00212,6e-05
1630680413442,0.01,0.03,18,26,0.00212,8e-05
1630680414442,0.01,0.02,16,102,0.00204,8e-05
1630680415442,0.01,0.03,18,26,0.00204,8e-05
1630680416442,0.01,0.03,12,-22,0.00208,8e-05
1630680417442,0.01,0.03,14,-168,0.00208,8e-05
1630680418442,0.01,0.03,13,-7,0.00206,8e-05
1630680419442,0.01,0.03,13,-105,0.00206,8e-05
1630680420442,0.01,0.03,17,149,0.0021,8e-05
1630680421442,0.01,0.03,12,-2,0.0021,6e-05
1630680422442,0.01,0.03,13,-51,0.00212,8e-05
1630680423442,0.01,0.04,12,-168,0.00212,8e-05
1630680424442,0.01,0.03,13,-168,0.0021,8e-05
1630680425442,0.01,0.03,17,165,0.0021,8e-05
1630680426442,0.01,0.03,13,-59,0.0021,8e-05
1630680427442,0.01,0.03,14,12,0.0021,8e-05
1630680428442,0.01,0.03,15,-78,0.00206,8e-05
1630680429442,0.01,0.03,14,12,0.00206,8e-05
1630680430442,0.01,0.03,14,-78,0.00206,6e-05
1630680431442,0.02,0.03,14,12,0.00206,6e-05
1630680432442,0.01,0.03,14,-127,0.00212,8e-05
1630680433442,0.01,0.03,17,102,0.00212,6e-05
1630680434442,0.01,0.04,12,-168,0.00208,8e-05
1630680435442,0.01,0.03,17,39,0.00208,8e-05
1630680436442,0.01,0.03,14,-168,0.00202,8e-05
1630680437442,0.01,0.03,14,-29,0.00202,8e-05
1630680438442,0.01,0.03,12,1,0.00208,8e-05
1630680439442,0.01,0.04,12,-168,0.00208,8e-05
1630680440442,0.01,0.04,13,-59,0.0021,8e-05
1630680441442,0.01,0.03,12,-41,0.0021,8e-05
1630680442442,0.01,0.03,14,-29,0.00218,8e-05
1630680443442,0.01,0.04,14,-29,0.00218,8e-05
1630680444442,0.01,0.04,18,26,0.00222,8e-05
1630680445442,0.02,0.03,12,12,0.00222,8e-05
1630680446442,0.01,0.03,14,-127,0.00212,6e-05
1630680447442,0.01,0.03,14,-168,0.00212,6e-05
1630680448442,0.01,0.04,13,-15,0.00202,6e-05
1630680449442,0.02,0.03,14,-29,0.00202,6e-05
1630680450442,0.01,0.03,17,173,0.00204,8e-05
1630680451442,0.01,0.03,13,-168,0.00204,6e-05
1630680452442,0.01,0.03,15,-78,0.00206,6e-05
1630680453442,0.01,0.04,13,-141,0.00206,8e-05
1630680454442,0.01,0.1,5,-78,0.0021,8e-05
1630680455442,0.01,0.03,13,-168,0.0021,8e-05
1630680456442,0.02,0.06,19,22,0.0021,8e-05
1630680457442,0.02,0.18,4,-111,0.0021,8e-05
1630680458442,0.12,0.24,30,84,0.00208,0.00012
1630680459442,0.17,0.25,32,78,0.00208,0.00012
1630680460442,0.09,0.12,30,71,0.00212,0.00012
1630680461442,0.04,0.06,30,75,0.00212,0.0001
1630680462442,0.02,0.06,32,71,0.00214,0.0001
1630680463442,0.01,0.03,28,87,0.00214,0.00012
1630680464442,0.01,0.03,30,67,0.00228,0.0001
1630680465442,0.02,0.04,30,65,0.00228,0.0001
1630680466442,0.02,0.3,9,-119,0.00242,0.00012
1630680467442,0.22,0.34,3,-106,0.00242,0.00012
1630680468442,0.15,0.21,4,-75,0.00236,0.0001
1630680469442,0.06,0.12,22,91,0.00236,0.0001
1630680470442,0.06,0.09,23,88,0.00224,0.0001
1630680471442,0.04,0.08,23,98,0.00224,0.0001
1630680472442,0.02,0.04,23,75,0.0021,0.0001
1630680473442,0.02,0.08,13,-15,0.0021,8e-05
1630680474442,0.06,0.08,14,-29,0.00208,0.0001
1630680475442,0.03,0.04,16,102,0.00208,8e-05
1630680476442,0.02,0.03,16,53,0.00214,8e-05
1630680477442,0.02,0.03,12,12,0.00214,8e-05
1630680478442,0.01,0.04,17,39,0.00212,8e-05
1630680479442,0.02,0.03,19,39,0.00212,6e-05
1630680480442,0.01,0.03,13,12,0.0021,6e-05
1630680481442,0.01,0.03,19,51,0.0021,6e-05
1630680482442,0.01,0.03,18,39,0.00208,6e-05
1630680483442,0.01,0.04,20,20,0.00208,6e-05
1630680484442,0.02,0.06,18,148,0.00208,8e-05
1630680485442,0.01,0.03,19,51,0.00208,6e-05
1630680486442,0.01,0.04,21,47,0.0021,6e-05
1630680487442,0.01,0.03,18,39,0.0021,8e-05
1630680488442,0.01,0.03,18,26,0.00206,6e-05
1630680489442,0.01,0.03,20,52,0.00206,8e-05
1630680490442,0.01,0.03,19,71,0.00202,6e-05
1630680491442,0.02,0.04,14,12,0.00202,8e-05
1630680492442,0.01,0.04,19,92,0.00208,8e-05
1630680493442,0.01,0.03,15,-78,0.00208,8e-05
1630680494442,0.01,0.04,16,102,0.00212,8e-05
1630680495442,0.01,0.03,18,75,0.00212,8e-05
1630680496442,0.01,0.03,18,91,0.00208,8e-05
1630680497442,0.01,0.03,19,92,0.00208,8e-05
1630680498442,0.02,0.06,22,53,0.00206,8e-05
1630680499442,0.02,0.04,17,31,0.00206,8e-05
1630680500442,0.01,0.04,19,71,0.00206,8e-05
1630680501442,0.01,0.03,17,121,0.00206,8e-05
1630680502442,0.01,0.03,19,22,0.00212,8e-05
1630680503442,0.01,0.03,20,56,0.00212,8e-05
1630680504442,0.02,0.04,11,12,0.00214,6e-05
1630680505442,0.01,0.09,26,91,0.00214,8e-05
1630680506442,0.01,0.03,13,12,0.00212,6e-05
1630680507442,0.01,0.04,12,-15,0.00212,8e-05
1630680508442,0.01,0.03,19,102,0.0021,8e-05
1630680509442,0.02,0.03,12,12,0.0021,8e-05
1630680510442,0.01,0.03,18,91,0.00208,8e-05
1630680511442,0.02,0.04,17,165,0.00208,8e-05
1630680512442,0.01,0.03,12,12,0.0021,6e-05
1630680513442,0.02,0.04,20,79,0.0021,6e-05
1630680514442,0.01,0.04,19,31,0.0021,6e-05
1630680515442,0.01,0.03,12,12,0.0021,8e-05
1630680516442,0.01,0.04,19,43,0.00206,8e-05
1630680517442,0.01,0.03,19,51,0.00206,8e-05
1630680518442,0.01,0.03,20,56,0.00208,8e-05
1630680519442,0.01,0.03,19,39,0.00208,8e-05
1630680520442,0.01,0.03,17,102,0.0021,8e-05
1630680521442,0.01,0.06,22,56,0.0021,8e-05
1630680522442,0.01,0.04,19,63,0.0021,8e-05
1630680523442,0.01,0.04,17,121,0.0021,8e-05
1630680524442,0.01,0.03,17,31,0.00206,8e-05
1630680525442,0.01,0.03,17,121,0.00206,8e-05
1630680526442,0.01,0.03,15,-78,0.00206,6e-05
1630680527442,0.01,0.04,11,12,0.00206,6e-05
1630680528442,0.01,0.03,18,39,0.00204,6e-05
1630680529442,0.01,0.03,12,12,0.00204,6e-05
1630680530442,0.01,0.03,17,102,0.00204,6e-05
1630680531442,0.01,0.03,16,102,0.00204,6e-05
1630680532442,0.01,0.03,20,56,0.00206,8e-05
1630680533442,0.01,0.03,16,102,0.00206,8e-05
1630680534442,0.01,0.03,18,26,0.0021,8e-05
1630680535442,0.02,0.08,12,-89,0.0021,8e-05
1630680536442,0.05,0.13,11,-134,0.0021,8e-05
1630680537442,0.04,0.07,9,-78,0.0021,0.0001
1630680538442,0.02,0.04,12,-141,0.00224,0.0001
1630680539442,0.01,0.03,12,-115,0.00224,0.0001
1630680540442,0.02,0.07,10,5,0.00222,0.00014
1630680541442,0.03,0.06,10,4,0.00222,0.00014
1630680542442,0.02,0.06,11,2,0.00206,0.00012
1630680543442,0.02,0.04,12,-2,0.00206,0.0001
1630680544442,0.02,0.07,13,-149,0.00202,0.0001
1630680545442,0.04,0.06,13,-141,0.00202,8e-05
1630680546442,0.02,0.04,14,12,0.00208,0.0001
1630680547442,0.01,0.03,13,-105,0.00208,8e-05
1630680548442,0.02,0.06,17,39,0.00216,8e-05
1630680549442,0.02,0.04,11,2,0.00216,8e-05
1630680550442,0.02,0.07,13,12,0.0021,8e-05
1630680551442,0.02,0.04,10,4,0.0021,8e-05
1630680552442,0.01,0.03,15,-78,0.0021,8e-05
1630680553442,0.01,0.03,14,12,0.0021,8e-05
1630680554442,0.01,0.04,9,6,0.00208,8e-05
1630680555442,0.01,0.04,14,-127,0.00208,8e-05
1630680556442,0.01,0.04,9,5,0.00204,8e-05
1630680557442,0.01,0.03,13,-7,0.00204,8e-05
1630680558442,0.01,0.04,13,12,0.00204,8e-05
1630680559442,0.01,0.03,19,34,0.00204,8e-05
1630680560442,0.01,0.03,13,-44,0.00204,8e-05
1630680561442,0.01,0.04,9,12,0.00204,8e-05
1630680562442,0.01,0.04,18,23,0.00206,8e-05
1630680563442,0.01,0.04,14,-168,0.00206,8e-05
1630680564442,0.01,0.03,14,-78,0.00204,8e-05
1630680565442,0.01,0.06,13,12,0.00204,6e-05
1630680566442,0.01,0.03,14,12,0.00198,6e-05
1630680567442,0.01,0.03,10,12,0.00198,6e-05
1630680568442,0.01,0.03,20,20,0.002,6e-05
1630680569442,0.01,0.1,5,-71,0.002,6e-05
1630680570442,0.01,0.03,13,-15,0.00202,8e-05
1630680571442,0.01,0.03,11,12,0.00202,6e-05
1630680572442,0.01,0.03,11,12,0.002,8e-05
1630680573442,0.01,0.03,11,2,0.002,6e-05
1630680574442,0.01,0.04,19,20,0.00204,6e-05
1630680575442,0.01,0.03,12,-10,0.00204,6e-05
1630680576442,0.01,0.03,11,-7,0.00206,6e-05
1630680577442,0.01,0.03,12,1,0.00206,8e-05
1630680578442,0.01,0.03,13,12,0.00202,8e-05
1630680579442,0.01,0.04,13,12,0.00202,8e-05
1630680580442,0.01,0.04,14,-127,0.00198,8e-05
1630680581442,0.01,0.03,10,12,0.00198,6e-05
1630680582442,0.01,0.04,9,5,0.00202,8e-05
1630680583442,0.01,0.03,10,4,0.00202,6e-05
1630680584442,0.01,0.04,9,5,0.002,8e-05
1630680585442,0.01,0.03,11,-10,0.002,8e-05
1630680586442,0.01,0.03,17,55,0.00198,6e-05
1630680587442,0.01,0.03,12,12,0.00198,8e-05
1630680588442,0.01,0.04,17,31,0.002,6e-05
1630680589442,0.01,0.04,18,56,0.002,8e-05
1630680590442,0.01,0.03,17,39,0.00202,6e-05
1630680591442,0.01,0.03,13,-7,0.00202,8e-05
1630680592442,0.01,0.03,12,12,0.00202,6e-05
1630680593442,0.01,0.03,10,4,0.00202,8e-05
1630680594442,0.01,0.06,13,-7,0.00208,8e-05
1630680595442,0.01,0.04,12,-2,0.00208,8e-05
1630680596442,0.01,0.03,14,-78,0.0021,0.0001
1630680597442,0.01,0.02,17,75,0.0021,8e-05
1630680598442,0.01,0.04,12,12,0.00204,8e-05
1630680599442,0.01,0.03,10,4,0.00204,8e-05
1630680600442,0.01,0.07,12,-78,0.00202,8e-05
1630680601442,0.03,0.06,14,-78,0.00202,8e-05
1630680602442,0.05,0.18,1,-117,0.00202,0.0001
