timestamp,hr,br,posture,hr_confidence,hrv,is_hr_unreliable,is_br_unreliable,is_hrv_unreliable
1630678967442,88,22.0,-179,100,53.0,0,0,0
1630678968442,91,22.0,-179,100,53.0,0,0,0
1630678969442,94,21.0,-179,100,53.0,0,0,0
1630678970442,92,21.0,-179,100,53.0,0,0,0
1630678971442,90,21.0,-179,100,53.0,0,0,0
1630678972442,85,21.0,-179,100,54.0,0,0,0
1630678973442,81,21.0,180,100,54.0,0,0,0
1630678974442,79,21.0,180,100,55.0,0,0,0
1630678975442,79,20.0,-179,100,55.0,0,0,0
1630678976442,82,20.0,-179,100,55.0,0,0,0
1630678977442,85,20.0,-179,100,55.0,0,0,0
1630678978442,87,20.0,-179,100,55.0,0,0,0
1630678979442,88,19.0,-179,100,54.0,0,0,0
1630678980442,88,19.0,-179,100,55.0,0,0,0
1630678981442,85,19.0,180,100,56.0,0,0,0
1630678982442,81,19.0,180,100,56.0,0,0,0
1630678983442,79,19.0,-179,100,57.0,0,0,0
1630678984442,77,19.0,180,100,57.0,0,0,0
1630678985442,79,19.0,180,100,58.0,0,0,0
1630678986442,79,19.0,180,100,58.0,0,0,0
1630678987442,80,19.0,-179,100,58.0,0,0,0
1630678988442,84,19.0,180,100,58.0,0,0,0
1630678989442,89,19.0,180,100,58.0,0,0,0
1630678990442,88,19.0,180,100,57.0,0,0,0
1630678991442,86,20.0,180,100,57.0,0,0,0
1630678992442,83,20.0,180,100,57.0,0,0,0
1630678993442,80,20.0,-179,100,57.0,0,0,0
1630678994442,81,20.0,180,100,58.0,0,0,0
1630678995442,84,20.0,180,100,58.0,0,0,0
1630678996442,86,20.0,180,100,58.0,0,0,0
1630678997442,91,20.0,180,100,58.0,0,0,0
1630678998442,92,20.0,-179,100,58.0,0,0,0
1630678999442,89,20.0,180,100,58.0,0,0,0
1630679000442,84,20.0,180,100,58.0,0,0,0
1630679001442,82,20.0,-179,100,58.0,0,0,0
1630679002442,79,20.0,-179,100,59.0,0,0,0
1630679003442,78,20.0,180,100,59.0,0,0,0
1630679004442,81,20.0,-179,100,59.0,0,0,0
1630679005442,84,20.0,180,100,59.0,0,0,0
1630679006442,89,20.0,180,100,59.0,0,0,0
1630679007442,89,21.0,180,100,59.0,0,0,0
1630679008442,87,21.0,180,100,59.0,0,0,0
1630679009442,84,21.0,180,100,60.0,0,0,0
1630679010442,80,21.0,180,100,60.0,0,0,0
1630679011442,79,22.0,180,100,60.0,0,0,0
1630679012442,83,22.0,180,100,60.0,0,0,0
1630679013442,87,22.0,-179,100,60.0,0,0,0
1630679014442,89,22.0,180,100,60.0,0,0,0
1630679015442,90,22.0,180,100,60.0,0,0,0
1630679016442,85,22.0,180,100,61.0,0,0,0
1630679017442,80,22.0,180,100,61.0,0,0,0
1630679018442,76,22.0,180,100,62.0,0,0,0
1630679019442,73,21.0,180,100,63.0,0,0,0
1630679020442,74,21.0,180,100,63.0,0,0,0
1630679021442,78,21.0,180,100,63.0,0,0,0
1630679022442,81,21.0,180,100,63.0,0,0,0
1630679023442,87,21.0,180,100,63.0,0,0,0
1630679024442,91,21.0,180,100,63.0,0,0,0
1630679025442,90,21.0,180,100,63.0,0,0,0
1630679026442,89,21.0,180,100,63.0,0,0,0
1630679027442,83,20.0,-179,100,64.0,0,0,0
1630679028442,80,20.0,-179,100,64.0,0,0,0
1630679029442,81,20.0,-179,100,64.0,0,0,0
1630679030442,86,20.0,180,100,63.0,0,0,0
1630679031442,90,21.0,180,100,63.0,0,0,0
1630679032442,93,21.0,180,100,63.0,0,0,0
1630679033442,91,21.0,180,100,63.0,0,0,0
1630679034442,89,21.0,180,100,63.0,0,0,0
1630679035442,86,21.0,-179,100,63.0,0,0,0
1630679036442,81,21.0,-179,100,64.0,0,0,0
1630679037442,81,21.0,-179,100,64.0,0,0,0
1630679038442,82,21.0,180,100,64.0,0,0,0
1630679039442,82,21.0,-179,100,64.0,0,0,0
1630679040442,81,21.0,-179,100,64.0,0,0,0
1630679041442,81,20.0,180,100,64.0,0,0,0
1630679042442,79,20.0,180,100,64.0,0,0,0
1630679043442,76,20.0,180,100,65.0,0,0,0
1630679044442,76,20.0,180,100,65.0,0,0,0
1630679045442,77,20.0,-179,100,65.0,0,0,0
1630679046442,75,20.0,-179,100,66.0,0,0,0
1630679047442,74,19.0,-179,100,66.0,0,0,0
1630679048442,76,19.0,180,100,67.0,0,0,0
1630679049442,77,19.0,180,100,67.0,0,0,0
1630679050442,75,19.0,180,100,68.0,0,0,0
1630679051442,75,19.0,180,100,68.0,0,0,0
1630679052442,75,19.0,-179,100,68.0,0,0,0
1630679053442,74,19.0,180,100,69.0,0,0,0
1630679054442,72,19.0,180,100,69.0,0,0,0
1630679055442,74,18.0,180,100,70.0,0,0,0
1630679056442,75,18.0,180,100,70.0,0,0,0
1630679057442,75,18.0,180,100,70.0,0,0,0
1630679058442,75,18.0,-179,100,71.0,0,0,0
1630679059442,76,18.0,-179,100,71.0,0,0,0
1630679060442,74,18.0,180,100,72.0,0,0,0
1630679061442,73,18.0,180,100,72.0,0,0,0
1630679062442,76,18.0,-179,100,72.0,0,0,0
1630679063442,76,18.0,-179,100,73.0,0,0,0
1630679064442,76,18.0,-179,100,73.0,0,0,0
1630679065442,79,18.0,-179,100,73.0,0,0,0
1630679066442,78,18.0,-179,100,73.0,0,0,0
1630679067442,76,18.0,180,100,73.0,0,0,0
1630679068442,77,18.0,180,100,74.0,0,0,0
1630679069442,76,18.0,180,100,74.0,0,0,0
1630679070442,75,18.0,180,100,74.0,0,0,0
1630679071442,78,18.0,-179,100,74.0,0,0,0
1630679072442,80,18.0,-179,100,74.0,0,0,0
1630679073442,79,18.0,180,100,74.0,0,0,0
1630679074442,82,18.0,-179,100,73.0,0,0,0
1630679075442,81,18.0,-179,100,73.0,0,0,0
1630679076442,79,18.0,180,100,73.0,0,0,0
1630679077442,80,18.0,180,100,73.0,0,0,0
1630679078442,80,18.0,-179,100,73.0,0,0,0
1630679079442,76,18.0,-179,100,73.0,0,0,0
1630679080442,75,18.0,-179,100,73.0,0,0,0
1630679081442,77,18.0,180,100,73.0,0,0,0
1630679082442,80,18.0,180,100,72.0,0,0,0
1630679083442,78,18.0,180,100,71.0,0,0,0
1630679084442,77,18.0,180,100,71.0,0,0,0
1630679085442,78,19.0,180,100,70.0,0,0,0
1630679086442,77,19.0,180,100,70.0,0,0,0
1630679087442,74,18.0,-179,100,71.0,0,0,0
1630679088442,74,18.0,180,100,71.0,0,0,0
1630679089442,76,18.0,180,100,70.0,0,0,0
1630679090442,76,18.0,180,100,70.0,0,0,0
1630679091442,78,18.0,180,100,70.0,0,0,0
1630679092442,81,18.0,180,100,69.0,0,0,0
1630679093442,80,18.0,180,100,69.0,0,0,0
1630679094442,76,18.0,-179,100,69.0,0,0,0
1630679095442,76,18.0,180,100,69.0,0,0,0
1630679096442,76,18.0,180,100,69.0,0,0,0
1630679097442,76,18.0,180,100,69.0,0,0,0
1630679098442,79,18.0,180,100,69.0,0,0,0
1630679099442,82,18.0,-179,100,69.0,0,0,0
1630679100442,81,18.0,180,100,69.0,0,0,0
1630679101442,82,18.0,180,100,69.0,0,0,0
1630679102442,83,18.0,180,100,69.0,0,0,0
1630679103442,82,18.0,-179,100,69.0,0,0,0
1630679104442,83,18.0,180,100,69.0,0,0,0
1630679105442,85,18.0,180,100,68.0,0,0,0
1630679106442,82,18.0,180,100,69.0,0,0,0
1630679107442,80,18.0,180,100,69.0,0,0,0
1630679108442,80,18.0,180,100,69.0,0,0,0
1630679109442,80,18.0,180,100,69.0,0,0,0
1630679110442,78,18.0,180,100,69.0,0,0,0
1630679111442,75,18.0,180,100,69.0,0,0,0
1630679112442,78,18.0,180,100,69.0,0,0,0
1630679113442,80,18.0,-179,100,69.0,0,0,0
1630679114442,81,18.0,-179,100,69.0,0,0,0
1630679115442,82,18.0,180,100,69.0,0,0,0
1630679116442,82,18.0,180,100,69.0,0,0,0
1630679117442,77,18.0,180,100,69.0,0,0,0
1630679118442,76,18.0,180,100,70.0,0,0,0
1630679119442,76,18.0,180,100,69.0,0,0,0
1630679120442,76,18.0,180,100,70.0,0,0,0
1630679121442,77,18.0,180,100,70.0,0,0,0
1630679122442,81,18.0,180,100,69.0,0,0,0
1630679123442,80,18.0,180,100,69.0,0,0,0
1630679124442,81,18.0,180,100,69.0,0,0,0
1630679125442,79,18.0,180,100,70.0,0,0,0
1630679126442,77,18.0,180,100,70.0,0,0,0
1630679127442,78,18.0,180,100,70.0,0,0,0
1630679128442,78,18.0,180,100,70.0,0,0,0
1630679129442,77,18.0,-179,100,70.0,0,0,0
1630679130442,76,18.0,180,100,70.0,0,0,0
1630679131442,78,18.0,180,100,70.0,0,0,0
1630679132442,78,18.0,180,100,70.0,0,0,0
1630679133442,75,18.0,180,100,71.0,0,0,0
1630679134442,73,18.0,180,100,71.0,0,0,0
1630679135442,74,19.0,180,100,71.0,0,0,0
1630679136442,75,19.0,180,100,71.0,0,0,0
1630679137442,75,19.0,180,100,72.0,0,0,0
1630679138442,77,19.0,180,100,72.0,0,0,0
1630679139442,78,19.0,180,100,72.0,0,0,0
1630679140442,78,19.0,180,100,72.0,0,0,0
1630679141442,79,19.0,180,100,72.0,0,0,0
1630679142442,79,19.0,180,100,72.0,0,0,0
1630679143442,76,18.0,180,100,72.0,0,0,0
1630679144442,77,18.0,-179,100,71.0,0,0,0
1630679145442,79,18.0,-172,100,71.0,0,0,0
1630679146442,85,18.0,-167,100,71.0,0,0,0
1630679147442,87,18.0,-162,100,70.0,0,0,0
1630679148442,86,18.0,-162,100,70.0,0,0,0
1630679149442,87,18.0,-162,100,69.0,0,0,0
1630679150442,85,18.0,-161,100,69.0,0,0,0
1630679151442,84,19.0,-161,100,68.0,0,0,0
1630679152442,84,19.0,-161,100,68.0,0,0,0
1630679153442,84,19.0,-161,100,67.0,0,0,0
1630679154442,85,19.0,-161,100,67.0,0,0,0
1630679155442,87,19.0,-161,100,67.0,0,0,0
1630679156442,87,19.0,-161,100,67.0,0,0,0
1630679157442,86,19.0,-161,100,67.0,0,0,0
1630679158442,86,19.0,-162,100,66.0,0,0,0
1630679159442,86,20.0,-163,100,66.0,0,0,0
1630679160442,87,20.0,-163,100,66.0,0,0,0
1630679161442,85,20.0,-163,100,66.0,0,0,0
1630679162442,81,20.0,-163,100,66.0,0,0,0
1630679163442,79,20.0,-163,100,65.0,0,0,0
1630679164442,78,20.0,-163,100,65.0,0,0,0
1630679165442,78,20.0,-163,100,64.0,0,0,0
1630679166442,80,20.0,-163,100,63.0,0,0,0
1630679167442,82,20.0,-163,100,62.0,0,0,0
1630679168442,80,20.0,-163,100,60.0,0,0,0
1630679169442,80,21.0,-167,100,59.0,0,0,0
1630679170442,81,21.0,-167,100,58.0,0,0,0
1630679171442,83,21.0,-167,100,56.0,0,0,0
1630679172442,85,21.0,-167,100,56.0,0,0,0
1630679173442,85,21.0,-167,100,56.0,0,0,0
1630679174442,84,21.0,-167,100,56.0,0,0,0
1630679175442,85,21.0,-167,100,56.0,0,0,0
1630679176442,87,21.0,-167,100,55.0,0,0,0
1630679177442,86,21.0,-170,100,55.0,0,0,0
1630679178442,84,21.0,-170,100,55.0,0,0,0
1630679179442,87,21.0,-169,100,55.0,0,0,0
1630679180442,90,21.0,-169,100,55.0,0,0,0
1630679181442,92,21.0,-170,100,55.0,0,0,0
1630679182442,93,21.0,-169,100,55.0,0,0,0
1630679183442,92,20.0,-169,100,55.0,0,0,0
1630679184442,89,20.0,-170,100,55.0,0,0,0
1630679185442,84,20.0,-170,100,55.0,0,0,0
1630679186442,80,20.0,-170,100,54.0,0,0,0
1630679187442,81,20.0,-170,100,54.0,0,0,0
1630679188442,82,20.0,-170,100,54.0,0,0,0
1630679189442,82,20.0,-169,100,54.0,0,0,0
1630679190442,84,20.0,-169,100,54.0,0,0,0
1630679191442,85,20.0,-169,100,53.0,0,0,0
1630679192442,82,20.0,-168,100,53.0,0,0,0
1630679193442,82,20.0,-168,100,53.0,0,0,0
1630679194442,82,20.0,-168,100,52.0,0,0,0
1630679195442,82,21.0,-168,100,52.0,0,0,0
1630679196442,81,21.0,-168,100,52.0,0,0,0
1630679197442,80,21.0,-169,100,52.0,0,0,0
1630679198442,81,21.0,-168,100,52.0,0,0,0
1630679199442,82,21.0,-168,100,52.0,0,0,0
1630679200442,85,21.0,-169,100,52.0,0,0,0
1630679201442,86,21.0,-168,100,52.0,0,0,0
1630679202442,90,21.0,-167,100,52.0,0,0,0
1630679203442,94,21.0,-167,100,53.0,0,0,0
1630679204442,96,21.0,-163,100,53.0,0,0,0
1630679205442,100,21.0,-162,100,54.0,0,0,0
1630679206442,102,21.0,-162,100,56.0,0,0,0
1630679207442,101,20.0,-162,100,56.0,0,0,0
1630679208442,101,20.0,-162,100,57.0,0,0,0
1630679209442,100,20.0,-162,100,58.0,0,0,0
1630679210442,97,20.0,-161,100,58.0,0,0,0
1630679211442,94,19.0,-161,100,58.0,0,0,0
1630679212442,93,19.0,-161,100,58.0,0,0,0
1630679213442,94,19.0,-162,100,59.0,0,0,0
1630679214442,93,19.0,-161,100,59.0,0,0,0
1630679215442,87,18.0,-162,100,59.0,0,0,0
1630679216442,85,18.0,-163,100,59.0,0,0,0
1630679217442,85,18.0,-163,100,59.0,0,0,0
1630679218442,83,18.0,-163,100,58.0,0,0,0
1630679219442,82,17.0,-163,100,58.0,0,0,0
1630679220442,83,17.0,-161,100,58.0,0,0,0
1630679221442,87,17.0,-158,100,58.0,0,0,0
1630679222442,91,17.0,-158,100,59.0,0,0,0
1630679223442,92,17.0,-159,100,59.0,0,0,0
1630679224442,92,17.0,-160,100,59.0,0,0,0
1630679225442,90,17.0,-160,100,59.0,0,0,0
1630679226442,88,17.0,-160,100,59.0,0,0,0
1630679227442,87,16.0,-161,100,59.0,0,0,0
1630679228442,87,16.0,-161,100,59.0,0,0,0
1630679229442,89,17.0,-161,100,59.0,0,0,0
1630679230442,92,17.0,-161,100,59.0,0,0,0
1630679231442,95,17.0,-161,100,60.0,0,0,0
1630679232442,93,17.0,-161,100,60.0,0,0,0
1630679233442,89,18.0,-161,100,60.0,0,0,0
1630679234442,86,18.0,-160,100,60.0,0,0,0
1630679235442,82,18.0,-161,100,59.0,0,0,0
1630679236442,80,18.0,-160,100,59.0,0,0,0
1630679237442,80,19.0,-161,100,59.0,0,0,0
1630679238442,83,19.0,-161,100,59.0,0,0,0
1630679239442,82,19.0,-161,100,58.0,0,0,0
1630679240442,82,19.0,-160,100,58.0,0,0,0
1630679241442,84,20.0,-160,100,59.0,0,0,0
1630679242442,79,20.0,-160,100,59.0,0,0,0
1630679243442,79,20.0,-160,100,58.0,0,0,0
1630679244442,78,20.0,-160,100,58.0,0,0,0
1630679245442,77,20.0,-160,100,58.0,0,0,0
1630679246442,80,20.0,-160,100,58.0,0,0,0
1630679247442,80,21.0,-160,100,58.0,0,0,0
1630679248442,84,21.0,-160,100,58.0,0,0,0
1630679249442,85,21.0,-160,100,58.0,0,0,0
1630679250442,83,21.0,-160,100,58.0,0,0,0
1630679251442,85,21.0,-160,100,58.0,0,0,0
1630679252442,83,21.0,-160,100,57.0,0,0,0
1630679253442,84,21.0,-160,100,57.0,0,0,0
1630679254442,85,21.0,-160,100,57.0,0,0,0
1630679255442,85,21.0,-160,100,57.0,0,0,0
1630679256442,90,21.0,-160,100,57.0,0,0,0
1630679257442,92,21.0,-160,100,57.0,0,0,0
1630679258442,93,21.0,-160,100,58.0,0,0,0
1630679259442,91,21.0,-160,100,58.0,0,0,0
1630679260442,93,21.0,-160,100,58.0,0,0,0
1630679261442,92,21.0,-160,100,58.0,0,0,0
1630679262442,92,21.0,-161,100,59.0,0,0,0
1630679263442,90,21.0,-160,100,58.0,0,0,0
1630679264442,89,21.0,-161,100,58.0,0,0,0
1630679265442,89,21.0,-160,100,58.0,0,0,0
1630679266442,88,21.0,-160,100,58.0,0,0,0
1630679267442,85,21.0,-160,100,58.0,0,0,0
1630679268442,87,21.0,-160,100,58.0,0,0,0
1630679269442,89,21.0,-160,100,57.0,0,0,0
1630679270442,88,21.0,-160,100,57.0,0,0,0
1630679271442,87,21.0,-160,100,57.0,0,0,0
1630679272442,83,21.0,-160,100,57.0,0,0,0
1630679273442,81,21.0,-161,100,56.0,0,0,0
1630679274442,82,21.0,-160,100,56.0,0,0,0
1630679275442,81,21.0,-160,100,56.0,0,0,0
1630679276442,82,21.0,-160,100,56.0,0,0,0
1630679277442,83,22.0,-160,100,56.0,0,0,0
1630679278442,83,22.0,-161,100,55.0,0,0,0
1630679279442,85,22.0,-161,100,55.0,0,0,0
1630679280442,85,22.0,-161,100,55.0,0,0,0
1630679281442,85,22.0,-161,100,55.0,0,0,0
1630679282442,82,22.0,-160,100,55.0,0,0,0
1630679283442,81,22.0,-161,100,55.0,0,0,0
1630679284442,80,22.0,-160,100,54.0,0,0,0
1630679285442,76,22.0,-160,100,55.0,0,0,0
1630679286442,75,22.0,-160,100,55.0,0,0,0
1630679287442,75,22.0,-160,100,55.0,0,0,0
1630679288442,78,22.0,-161,100,55.0,0,0,0
1630679289442,82,22.0,-160,100,55.0,0,0,0
1630679290442,82,22.0,-161,100,54.0,0,0,0
1630679291442,82,23.0,-161,100,55.0,0,0,0
1630679292442,82,23.0,-162,100,54.0,0,0,0
1630679293442,84,23.0,-162,100,54.0,0,0,0
1630679294442,84,23.0,-163,100,54.0,0,0,0
1630679295442,87,23.0,-164,100,54.0,0,0,0
1630679296442,87,23.0,-161,100,54.0,0,0,0
1630679297442,90,23.0,-158,100,54.0,0,0,0
1630679298442,93,23.0,-157,100,55.0,0,0,0
1630679299442,93,23.0,-157,100,55.0,0,0,0
1630679300442,92,23.0,-155,100,55.0,0,0,0
1630679301442,89,23.0,-155,100,54.0,0,0,0
1630679302442,85,23.0,-155,100,54.0,0,0,0
1630679303442,83,24.0,-155,100,53.0,0,0,0
1630679304442,84,24.0,-155,100,53.0,0,0,0
1630679305442,84,24.0,-155,100,53.0,0,0,0
1630679306442,86,24.0,-155,100,53.0,0,0,0
1630679307442,88,24.0,-155,100,53.0,0,0,0
1630679308442,86,24.0,-155,100,53.0,0,0,0
1630679309442,85,24.0,-155,100,52.0,0,0,0
1630679310442,84,24.0,-155,100,52.0,0,0,0
1630679311442,82,24.0,-155,100,52.0,0,0,0
1630679312442,82,24.0,-155,100,52.0,0,0,0
1630679313442,83,24.0,-154,100,52.0,0,0,0
1630679314442,85,24.0,-154,100,52.0,0,0,0
1630679315442,87,24.0,-155,100,52.0,0,0,0
1630679316442,88,24.0,-154,100,52.0,0,0,0
1630679317442,88,23.0,-155,100,52.0,0,0,0
1630679318442,90,23.0,-155,100,52.0,0,0,0
1630679319442,88,23.0,-155,100,52.0,0,0,0
1630679320442,87,23.0,-155,100,52.0,0,0,0
1630679321442,87,23.0,-155,100,52.0,0,0,0
1630679322442,87,23.0,-155,100,52.0,0,0,0
1630679323442,88,23.0,-155,100,52.0,0,0,0
1630679324442,89,23.0,-158,100,52.0,0,0,0
1630679325442,92,23.0,-161,100,51.0,0,0,0
1630679326442,94,23.0,-161,100,52.0,0,0,0
1630679327442,94,22.0,-162,100,52.0,0,0,0
1630679328442,94,22.0,-163,100,52.0,0,0,0
1630679329442,96,22.0,-162,100,53.0,0,0,0
1630679330442,97,22.0,-162,100,52.0,0,0,0
1630679331442,99,22.0,-162,100,53.0,0,0,0
1630679332442,97,22.0,-162,100,53.0,0,0,0
1630679333442,96,22.0,-162,100,53.0,0,0,0
1630679334442,93,22.0,-162,100,53.0,0,0,0
1630679335442,88,22.0,-162,100,53.0,0,0,0
1630679336442,89,22.0,-162,100,53.0,0,0,0
1630679337442,89,22.0,-161,100,52.0,0,0,0
1630679338442,89,22.0,-162,100,52.0,0,0,0
1630679339442,90,23.0,-162,100,52.0,0,0,0
1630679340442,90,23.0,-162,100,52.0,0,0,0
1630679341442,91,23.0,-162,100,51.0,0,0,0
1630679342442,90,23.0,-161,100,51.0,0,0,0
1630679343442,89,23.0,-162,100,51.0,0,0,0
1630679344442,91,23.0,-162,100,50.0,0,0,0
1630679345442,89,23.0,-161,100,49.0,0,0,0
1630679346442,90,23.0,-162,100,49.0,0,0,0
1630679347442,92,23.0,-162,100,49.0,0,0,0
1630679348442,92,23.0,-162,100,49.0,0,0,0
1630679349442,91,23.0,-161,100,48.0,0,0,0
1630679350442,91,23.0,-162,100,48.0,0,0,0
1630679351442,92,23.0,-161,100,48.0,0,0,0
1630679352442,87,23.0,-161,100,47.0,0,0,0
1630679353442,83,23.0,-161,100,47.0,0,0,0
1630679354442,83,23.0,-162,100,47.0,0,0,0
1630679355442,87,22.0,-161,100,47.0,0,0,0
1630679356442,90,22.0,-161,100,47.0,0,0,0
1630679357442,88,22.0,-161,100,47.0,0,0,0
1630679358442,85,22.0,-162,100,48.0,0,0,0
1630679359442,85,22.0,-161,100,48.0,0,0,0
1630679360442,82,22.0,-161,100,48.0,0,0,0
1630679361442,81,22.0,-161,100,48.0,0,0,0
1630679362442,84,22.0,-161,100,48.0,0,0,0
1630679363442,85,21.0,-161,100,48.0,0,0,0
1630679364442,85,21.0,-161,100,48.0,0,0,0
1630679365442,86,21.0,-161,100,48.0,0,0,0
1630679366442,86,21.0,-161,100,48.0,0,0,0
1630679367442,84,20.0,-161,100,48.0,0,0,0
1630679368442,84,20.0,-161,100,48.0,0,0,0
1630679369442,82,20.0,-161,100,48.0,0,0,0
1630679370442,80,20.0,-161,100,48.0,0,0,0
1630679371442,82,20.0,-161,100,47.0,0,0,0
1630679372442,83,20.0,-161,100,47.0,0,0,0
1630679373442,86,20.0,-161,100,47.0,0,0,0
1630679374442,86,20.0,-161,100,46.0,0,0,0
1630679375442,83,20.0,-161,100,47.0,0,0,0
1630679376442,80,20.0,-161,100,47.0,0,0,0
1630679377442,82,20.0,-161,100,47.0,0,0,0
1630679378442,81,20.0,-161,100,47.0,0,0,0
1630679379442,77,20.0,-161,100,47.0,0,0,0
1630679380442,78,20.0,-161,100,48.0,0,0,0
1630679381442,79,20.0,-162,100,48.0,0,0,0
1630679382442,80,20.0,-163,100,48.0,0,0,0
1630679383442,85,20.0,-163,100,48.0,0,0,0
1630679384442,91,20.0,-162,100,48.0,0,0,0
1630679385442,90,20.0,-162,100,48.0,0,0,0
1630679386442,88,20.0,-162,100,48.0,0,0,0
1630679387442,91,20.0,-162,100,48.0,0,0,0
1630679388442,88,20.0,-162,100,48.0,0,0,0
1630679389442,83,20.0,-162,100,48.0,0,0,0
1630679390442,80,20.0,-162,100,49.0,0,0,0
1630679391442,81,20.0,-162,100,48.0,0,0,0
1630679392442,82,20.0,-162,100,48.0,0,0,0
1630679393442,80,19.0,-162,100,49.0,0,0,0
1630679394442,77,19.0,-167,100,49.0,0,0,0
1630679395442,81,19.0,-160,100,49.0,0,0,0
1630679396442,84,19.0,-161,100,49.0,0,0,0
1630679397442,90,19.0,-163,100,49.0,0,0,0
1630679398442,97,19.0,-166,100,49.0,0,0,0
1630679399442,102,18.0,-169,100,50.0,0,0,0
1630679400442,106,18.0,-169,100,52.0,0,0,0
1630679401442,110,18.0,-170,100,53.0,0,0,0
1630679402442,113,18.0,-169,100,54.0,0,0,0
1630679403442,116,18.0,-168,100,56.0,0,0,0
1630679404442,118,18.0,-155,100,58.0,0,0,0
1630679405442,120,17.0,-158,100,61.0,0,0,0
1630679406442,120,17.0,-161,100,62.0,0,0,0
1630679407442,120,17.0,-165,100,63.0,0,0,0
1630679408442,118,17.0,-162,100,65.0,0,0,0
1630679409442,112,16.0,-162,100,65.0,0,0,0
1630679410442,107,16.0,-168,100,65.0,0,0,0
1630679411442,105,16.0,-170,100,66.0,0,0,0
1630679412442,105,16.0,-169,100,66.0,0,0,0
1630679413442,107,16.0,-171,100,66.0,0,0,0
1630679414442,106,16.0,-171,100,66.0,0,0,0
1630679415442,106,17.0,-172,100,67.0,0,0,0
1630679416442,106,17.0,-172,100,67.0,0,0,0
1630679417442,107,17.0,-173,100,68.0,0,0,0
1630679418442,106,17.0,-173,100,68.0,0,0,0
1630679419442,105,17.0,-173,100,69.0,0,0,0
1630679420442,105,17.0,-172,100,69.0,0,0,0
1630679421442,105,18.0,-173,100,69.0,0,0,0
1630679422442,103,18.0,-173,100,70.0,0,0,0
1630679423442,102,18.0,-172,100,70.0,0,0,0
1630679424442,102,18.0,-172,100,70.0,0,0,0
1630679425442,102,20.0,-172,100,70.0,0,0,0
1630679426442,103,20.0,-173,100,71.0,0,0,0
1630679427442,105,21.0,-172,100,71.0,0,0,0
1630679428442,105,21.0,-172,100,72.0,0,0,0
1630679429442,105,22.0,-172,100,72.0,0,0,0
1630679430442,104,22.0,-169,100,72.0,0,0,0
1630679431442,103,23.0,-169,100,72.0,0,0,0
1630679432442,100,23.0,-168,100,72.0,0,0,0
1630679433442,98,24.0,-168,100,72.0,0,0,0
1630679434442,96,24.0,-169,100,72.0,0,0,0
1630679435442,95,24.0,-169,100,73.0,0,0,0
1630679436442,99,24.0,-167,100,73.0,0,0,0
1630679437442,105,25.0,-166,100,73.0,0,0,0
1630679438442,110,25.0,-166,100,73.0,0,0,0
1630679439442,109,26.0,-166,100,74.0,0,0,0
1630679440442,105,26.0,-166,100,74.0,0,0,0
1630679441442,100,26.0,-166,100,74.0,0,0,0
1630679442442,95,26.0,-164,100,74.0,0,0,0
1630679443442,95,26.0,-163,100,73.0,0,0,0
1630679444442,98,26.0,-162,100,73.0,0,0,0
1630679445442,102,26.0,-163,100,73.0,0,0,0
1630679446442,109,26.0,-164,100,74.0,0,0,0
1630679447442,115,26.0,-165,100,75.0,0,0,0
1630679448442,118,26.0,-164,100,76.0,0,0,0
1630679449442,122,26.0,-165,100,77.0,0,0,0
1630679450442,125,26.0,-164,100,78.0,0,0,0
1630679451442,128,26.0,-167,99,79.0,0,0,0
1630679452442,131,26.0,-164,97,81.0,0,0,0
1630679453442,135,27.0,-166,95,81.0,0,0,0
1630679454442,137,27.0,-167,89,82.0,0,0,0
1630679455442,139,27.0,-163,80,83.0,0,0,0
1630679456442,140,27.0,-166,73,84.0,0,0,0
1630679457442,141,28.0,-163,65,86.0,0,0,0
1630679458442,141,28.0,-168,57,86.0,1,0,0
1630679459442,141,28.0,-162,50,86.0,1,0,0
1630679460442,147,28.0,-167,44,86.0,1,0,0
1630679461442,153,29.0,-166,39,86.0,1,0,0
1630679462442,156,29.0,-167,34,86.0,1,0,0
1630679463442,158,29.0,-163,30,89.0,1,0,0
1630679464442,159,29.0,-163,26,93.0,1,0,0
1630679465442,161,30.0,-166,23,94.0,1,0,0
1630679466442,162,30.0,-167,21,97.0,1,0,0
1630679467442,163,30.0,-167,18,99.0,1,0,0
1630679468442,162,30.0,-163,16,99.0,1,0,0
1630679469442,161,30.0,-166,14,99.0,1,0,0
1630679470442,160,30.0,-164,13,99.0,1,0,0
1630679471442,159,30.0,-161,13,99.0,1,0,0
1630679472442,158,30.0,-163,12,99.0,1,0,0
1630679473442,158,31.0,-163,11,99.0,1,0,0
1630679474442,157,31.0,-163,10,99.0,1,0,0
1630679475442,157,31.0,-163,10,99.0,1,0,0
1630679476442,157,31.0,-166,9,99.0,1,0,0
1630679477442,157,30.0,-166,8,99.0,1,0,0
1630679478442,158,30.0,-167,7,99.0,1,0,0
1630679479442,159,30.0,-167,7,99.0,1,0,0
1630679480442,159,30.0,-166,6,99.0,1,0,0
1630679481442,159,30.0,-163,5,99.0,1,0,0
1630679482442,159,30.0,-168,5,99.0,1,0,0
1630679483442,159,29.0,-164,4,99.0,1,0,0
1630679484442,159,29.0,-166,4,99.0,1,0,0
1630679485442,160,29.0,-164,3,99.0,1,0,0
1630679486442,160,29.0,-167,3,99.0,1,0,0
1630679487442,160,28.0,-163,3,99.0,1,0,0
1630679488442,160,28.0,-163,3,99.0,1,0,0
1630679489442,160,27.0,-163,2,99.0,1,0,0
1630679490442,160,27.0,-167,2,99.0,1,0,0
1630679491442,162,26.0,-163,3,99.0,1,0,0
1630679492442,165,26.0,-163,4,99.0,1,0,0
1630679493442,165,26.0,-164,6,99.0,1,0,0
1630679494442,166,26.0,-166,9,99.0,1,0,0
1630679495442,168,26.0,-162,9,99.0,1,0,0
1630679496442,168,26.0,-163,10,99.0,1,0,0
1630679497442,169,26.0,-163,10,99.0,1,0,0
1630679498442,169,26.0,-164,9,99.0,1,0,0
1630679499442,170,28.0,-163,9,99.0,1,0,0
1630679500442,171,28.0,-162,9,99.0,1,0,0
1630679501442,172,28.0,-163,8,99.0,1,0,0
1630679502442,172,28.0,-162,7,99.0,1,0,0
1630679503442,173,28.0,-167,6,99.0,1,0,0
1630679504442,174,28.0,-162,6,99.0,1,0,0
1630679505442,175,28.0,-163,5,99.0,1,0,0
1630679506442,175,28.0,-164,4,99.0,1,0,0
1630679507442,176,28.0,-164,4,99.0,1,0,0
1630679508442,177,28.0,-168,4,99.0,1,0,0
1630679509442,178,28.0,-162,3,99.0,1,0,0
1630679510442,179,28.0,-163,3,99.0,1,0,0
1630679511442,179,29.0,-163,3,99.0,1,0,0
1630679512442,179,29.0,-163,4,99.0,1,0,0
1630679513442,179,30.0,-163,4,99.0,1,0,0
1630679514442,178,30.0,-163,6,99.0,1,0,0
1630679515442,177,30.0,-164,6,99.0,1,0,0
1630679516442,176,30.0,-163,8,99.0,1,0,0
1630679517442,176,31.0,-163,9,99.0,1,0,0
1630679518442,176,31.0,-163,9,99.0,1,0,0
1630679519442,175,31.0,-163,8,99.0,1,0,0
1630679520442,174,31.0,-164,7,99.0,1,0,0
1630679521442,174,32.0,-163,7,99.0,1,0,0
1630679522442,173,32.0,-162,6,99.0,1,0,0
1630679523442,173,33.0,-162,5,99.0,1,0,0
1630679524442,173,33.0,-162,5,99.0,1,0,0
1630679525442,174,34.0,-163,4,99.0,1,0,0
1630679526442,174,34.0,-164,4,99.0,1,0,0
1630679527442,174,34.0,-163,7,,1,0,0
1630679528442,173,34.0,-162,8,,1,0,0
1630679529442,173,34.0,-163,8,,1,0,0
1630679530442,174,34.0,-162,11,,1,0,0
1630679531442,175,34.0,-162,13,,1,0,0
1630679532442,176,34.0,-162,16,,1,0,0
1630679533442,176,35.0,-162,18,,1,0,0
1630679534442,177,35.0,-164,21,,1,0,0
1630679535442,178,36.0,-163,24,,1,0,0
1630679536442,178,36.0,-163,25,,1,0,0
1630679537442,179,36.0,-161,23,,1,0,0
1630679538442,179,36.0,-162,21,,1,0,0
1630679539442,179,37.0,-163,20,,1,0,0
1630679540442,180,37.0,-163,20,,1,0,0
1630679541442,181,37.0,-163,21,,1,0,0
1630679542442,181,37.0,-162,22,,1,0,0
1630679543442,182,37.0,-162,24,,1,0,0
1630679544442,182,37.0,-163,25,,1,0,0
1630679545442,182,37.0,-164,26,,1,0,0
1630679546442,182,37.0,-163,28,,1,0,0
1630679547442,182,36.0,-164,30,,1,0,0
1630679548442,181,36.0,-164,32,,1,0,0
1630679549442,182,36.0,-163,33,,1,0,0
1630679550442,182,36.0,-163,36,,1,0,0
1630679551442,182,37.0,-162,35,,1,0,0
1630679552442,182,37.0,-163,34,,1,0,0
1630679553442,182,38.0,-164,34,,1,0,0
1630679554442,183,38.0,-164,33,,1,0,0
1630679555442,182,38.0,-163,32,,1,0,0
1630679556442,182,38.0,-163,31,,1,0,0
1630679557442,182,38.0,-163,31,,1,0,0
1630679558442,183,38.0,-162,32,,1,0,0
1630679559442,183,39.0,-164,32,,1,0,0
1630679560442,184,39.0,-163,33,,1,0,0
1630679561442,183,40.0,-161,34,,1,0,0
1630679562442,184,40.0,-161,34,,1,0,0
1630679563442,185,41.0,-159,36,,1,0,0
1630679564442,186,41.0,-159,38,,1,0,0
1630679565442,186,42.0,-159,40,,1,0,0
1630679566442,187,42.0,-158,42,,1,0,0
1630679567442,187,42.0,-159,44,,1,0,0
1630679568442,187,42.0,-159,46,,1,0,0
1630679569442,188,43.0,-160,48,,1,0,0
1630679570442,188,43.0,-160,48,,1,0,0
1630679571442,188,43.0,-160,48,,1,0,0
1630679572442,188,43.0,-162,44,,1,0,0
1630679573442,189,43.0,-162,38,,1,0,0
1630679574442,189,43.0,-162,34,,1,0,0
1630679575442,189,44.0,-162,29,,1,0,0
1630679576442,187,44.0,-161,26,,1,0,0
1630679577442,187,44.0,-162,23,,1,0,0
1630679578442,189,44.0,-162,20,,1,0,0
1630679579442,189,43.0,-161,18,,1,0,0
1630679580442,189,43.0,-162,16,,1,0,0
1630679581442,188,42.0,-160,14,,1,0,0
1630679582442,188,42.0,-160,13,,1,0,0
1630679583442,188,41.0,-161,12,,1,0,0
1630679584442,187,41.0,-161,12,,1,0,0
1630679585442,187,40.0,-162,13,,1,0,0
1630679586442,186,40.0,-161,13,,1,0,0
1630679587442,186,40.0,-162,14,,1,0,0
1630679588442,185,40.0,-161,15,,1,0,0
1630679589442,186,41.0,-159,16,,1,0,0
1630679590442,187,41.0,-161,17,,1,0,0
1630679591442,188,41.0,-160,18,,1,0,0
1630679592442,188,41.0,-159,18,,1,0,0
1630679593442,187,41.0,-160,18,,1,0,0
1630679594442,186,41.0,-161,20,,1,0,0
1630679595442,186,41.0,-161,22,,1,0,0
1630679596442,186,41.0,-161,23,,1,0,0
1630679597442,186,41.0,-159,25,,1,0,0
1630679598442,187,41.0,-161,26,,1,0,0
1630679599442,186,41.0,-161,26,,1,0,0
1630679600442,185,41.0,-161,24,,1,0,0
1630679601442,185,41.0,-162,23,,1,0,0
1630679602442,184,41.0,-161,23,,1,0,0
1630679603442,185,42.0,-161,23,,1,0,0
1630679604442,186,42.0,-162,23,,1,0,0
1630679605442,186,42.0,-161,21,,1,0,0
1630679606442,185,42.0,-162,19,,1,0,0
1630679607442,184,42.0,-161,17,,1,0,0
1630679608442,184,42.0,-160,15,,1,0,0
1630679609442,184,43.0,-161,13,,1,0,0
1630679610442,184,43.0,-161,12,,1,0,0
1630679611442,185,43.0,-160,10,,1,0,0
1630679612442,186,43.0,-161,9,,1,0,0
1630679613442,186,44.0,-160,8,,1,0,0
1630679614442,186,44.0,-161,7,,1,0,0
1630679615442,186,43.0,-161,6,,1,0,0
1630679616442,187,43.0,-161,6,,1,0,0
1630679617442,187,42.0,-161,5,,1,0,0
1630679618442,187,42.0,-159,5,,1,0,0
1630679619442,187,42.0,-159,6,,1,0,0
1630679620442,186,42.0,-159,7,,1,0,0
1630679621442,187,41.0,-161,8,,1,0,0
1630679622442,185,41.0,-160,9,,1,0,0
1630679623442,185,40.0,-159,10,,1,0,0
1630679624442,186,40.0,-160,12,,1,0,0
1630679625442,187,40.0,-161,14,,1,0,0
1630679626442,188,40.0,-162,16,,1,0,0
1630679627442,188,39.0,-160,17,,1,0,0
1630679628442,188,39.0,-160,16,,1,0,0
1630679629442,188,40.0,-161,16,,1,0,0
1630679630442,189,40.0,-160,15,,1,0,0
1630679631442,189,41.0,-161,15,,1,0,0
1630679632442,188,41.0,-159,18,,1,0,0
1630679633442,188,42.0,-159,20,,1,0,0
1630679634442,187,42.0,-159,23,,1,0,0
1630679635442,186,42.0,-158,26,,1,0,0
1630679636442,186,42.0,-161,29,,1,0,0
1630679637442,186,42.0,-161,29,,1,0,0
1630679638442,185,42.0,-160,32,,1,0,0
1630679639442,187,41.0,-159,31,,1,0,0
1630679640442,186,41.0,-161,30,,1,0,0
1630679641442,186,40.0,-160,30,,1,0,0
1630679642442,185,40.0,-162,30,,1,0,0
1630679643442,185,40.0,-161,32,,1,0,0
1630679644442,184,40.0,-160,33,,1,0,0
1630679645442,183,41.0,-159,36,,1,0,0
1630679646442,181,41.0,-155,39,,1,0,0
1630679647442,180,42.0,-163,42,,1,0,0
1630679648442,180,42.0,-163,47,,1,0,0
1630679649442,179,43.0,-169,54,,1,0,0
1630679650442,178,43.0,-169,59,,1,0,0
1630679651442,176,44.0,-161,64,,0,0,0
1630679652442,176,44.0,-157,69,,0,0,0
1630679653442,175,44.0,-163,73,,0,0,0
1630679654442,174,44.0,-166,76,,0,0,0
1630679655442,172,45.0,-163,79,,0,0,0
1630679656442,170,45.0,-163,82,,0,0,0
1630679657442,167,44.0,-162,84,,0,0,0
1630679658442,166,44.0,-162,86,,0,0,0
1630679659442,165,44.0,-162,88,,0,0,0
1630679660442,165,44.0,-162,89,,0,0,0
1630679661442,165,43.0,-163,91,,0,0,0
1630679662442,164,43.0,-161,92,,0,0,0
1630679663442,165,42.0,-167,93,,0,0,0
1630679664442,163,42.0,-163,94,,0,0,0
1630679665442,158,41.0,-163,95,,0,0,0
1630679666442,158,41.0,-162,95,,0,0,0
1630679667442,158,41.0,-162,96,,0,0,0
1630679668442,157,41.0,-162,96,,0,0,0
1630679669442,155,40.0,-163,97,,0,0,0
1630679670442,153,40.0,-163,97,,0,0,0
1630679671442,150,39.0,-163,98,,0,0,0
1630679672442,148,39.0,-162,98,,0,0,0
1630679673442,144,38.0,-162,98,,0,0,0
1630679674442,142,38.0,-162,98,,0,0,0
1630679675442,142,37.0,-162,99,,0,0,0
1630679676442,143,37.0,-162,99,,0,0,0
1630679677442,142,36.0,-162,99,,0,0,0
1630679678442,141,36.0,-162,99,,0,0,0
1630679679442,138,36.0,-162,99,,0,0,0
1630679680442,136,36.0,-162,99,,0,0,0
1630679681442,134,35.0,-162,99,,0,0,0
1630679682442,135,35.0,-166,100,,0,0,0
1630679683442,136,35.0,-167,100,,0,0,0
1630679684442,139,35.0,-166,100,,0,0,0
1630679685442,141,35.0,-167,100,,0,0,0
1630679686442,140,35.0,-167,100,,0,0,0
1630679687442,136,34.0,-167,100,,0,0,0
1630679688442,135,34.0,-167,100,,0,0,0
1630679689442,132,34.0,-167,100,,0,0,0
1630679690442,133,34.0,-167,100,,0,0,0
1630679691442,135,34.0,-167,100,,0,0,0
1630679692442,135,34.0,-167,100,,0,0,0
1630679693442,136,34.0,-167,100,42.0,0,0,0
1630679694442,136,34.0,-167,100,42.0,0,0,0
1630679695442,137,33.0,-167,100,43.0,0,0,0
1630679696442,133,33.0,-167,100,44.0,0,0,0
1630679697442,131,32.0,-167,100,45.0,0,0,0
1630679698442,127,32.0,-167,100,46.0,0,0,0
1630679699442,127,32.0,-167,100,47.0,0,0,0
1630679700442,126,32.0,-167,100,48.0,0,0,0
1630679701442,126,31.0,-167,100,49.0,0,0,0
1630679702442,125,31.0,-167,100,50.0,0,0,0
1630679703442,125,31.0,-167,100,51.0,0,0,0
1630679704442,124,31.0,-167,100,52.0,0,0,0
1630679705442,123,31.0,-167,100,53.0,0,0,0
1630679706442,122,31.0,-167,100,54.0,0,0,0
1630679707442,121,31.0,-167,100,55.0,0,0,0
1630679708442,121,31.0,-167,100,56.0,0,0,0
1630679709442,119,31.0,-167,100,57.0,0,0,0
1630679710442,119,31.0,-167,100,58.0,0,0,0
1630679711442,119,31.0,-167,100,59.0,0,0,0
1630679712442,120,31.0,-167,100,59.0,0,0,0
1630679713442,119,32.0,-167,100,60.0,0,0,0
1630679714442,119,32.0,-167,100,61.0,0,0,0
1630679715442,118,32.0,-167,100,62.0,0,0,0
1630679716442,117,32.0,-167,100,63.0,0,0,0
1630679717442,117,32.0,-167,100,64.0,0,0,0
1630679718442,118,32.0,-167,100,65.0,0,0,0
1630679719442,116,32.0,-167,100,65.0,0,0,0
1630679720442,117,32.0,-167,100,66.0,0,0,0
1630679721442,116,31.0,-167,100,67.0,0,0,0
1630679722442,117,31.0,-167,100,67.0,0,0,0
1630679723442,117,31.0,-167,100,68.0,0,0,0
1630679724442,117,31.0,-167,100,69.0,0,0,0
1630679725442,116,31.0,-167,100,69.0,0,0,0
1630679726442,115,31.0,-167,100,70.0,0,0,0
1630679727442,114,31.0,-167,100,71.0,0,0,0
1630679728442,114,31.0,-167,100,71.0,0,0,0
1630679729442,114,31.0,-167,100,72.0,0,0,0
1630679730442,115,31.0,-167,100,72.0,0,0,0
1630679731442,115,31.0,-167,100,73.0,0,0,0
1630679732442,116,31.0,-167,100,73.0,0,0,0
1630679733442,116,31.0,-167,100,74.0,0,0,0
1630679734442,117,31.0,-167,100,74.0,0,0,0
1630679735442,116,31.0,-167,100,74.0,0,0,0
1630679736442,117,31.0,-167,100,74.0,0,0,0
1630679737442,116,31.0,-167,100,75.0,0,0,0
1630679738442,116,31.0,-167,100,75.0,0,0,0
1630679739442,115,31.0,-167,100,75.0,0,0,0
1630679740442,116,31.0,-167,100,76.0,0,0,0
1630679741442,114,31.0,-167,100,76.0,0,0,0
1630679742442,115,31.0,-167,100,76.0,0,0,0
1630679743442,114,31.0,-167,100,76.0,0,0,0
1630679744442,114,31.0,-167,100,76.0,0,0,0
1630679745442,112,31.0,-167,100,77.0,0,0,0
1630679746442,111,31.0,-167,100,77.0,0,0,0
1630679747442,111,31.0,-167,100,77.0,0,0,0
1630679748442,112,31.0,-167,100,77.0,0,0,0
1630679749442,112,31.0,-167,100,78.0,0,0,0
1630679750442,114,31.0,-167,100,78.0,0,0,0
1630679751442,112,31.0,-167,100,78.0,0,0,0
1630679752442,111,31.0,-167,100,78.0,0,0,0
1630679753442,110,31.0,-166,100,78.0,0,0,0
1630679754442,109,31.0,-167,100,78.0,0,0,0
1630679755442,111,30.0,-169,100,78.0,0,0,0
1630679756442,113,30.0,-170,100,78.0,0,0,0
1630679757442,115,30.0,-170,100,78.0,0,0,0
1630679758442,116,30.0,-169,100,78.0,0,0,0
1630679759442,117,30.0,-169,100,78.0,0,0,0
1630679760442,115,30.0,-168,100,78.0,0,0,0
1630679761442,115,30.0,-168,100,78.0,0,0,0
1630679762442,114,30.0,-168,100,77.0,0,0,0
1630679763442,115,30.0,-168,100,77.0,0,0,0
1630679764442,118,30.0,-169,100,77.0,0,0,0
1630679765442,120,30.0,-169,100,76.0,0,0,0
1630679766442,122,30.0,-168,100,76.0,0,0,0
1630679767442,123,30.0,-167,100,75.0,0,0,0
1630679768442,121,30.0,-167,100,75.0,0,0,0
1630679769442,119,30.0,-167,100,74.0,0,0,0
1630679770442,117,30.0,-167,100,74.0,0,0,0
1630679771442,117,30.0,-168,100,74.0,0,0,0
1630679772442,117,30.0,-167,100,73.0,0,0,0
1630679773442,118,30.0,-167,100,72.0,0,0,0
1630679774442,118,30.0,-167,100,72.0,0,0,0
1630679775442,115,29.0,-167,100,71.0,0,0,0
1630679776442,114,29.0,-168,100,71.0,0,0,0
1630679777442,113,29.0,-167,100,71.0,0,0,0
1630679778442,111,29.0,-168,100,70.0,0,0,0
1630679779442,111,29.0,-167,100,70.0,0,0,0
1630679780442,111,29.0,-167,100,69.0,0,0,0
1630679781442,112,29.0,-167,100,69.0,0,0,0
1630679782442,113,29.0,-167,100,68.0,0,0,0
1630679783442,113,28.0,-167,100,67.0,0,0,0
1630679784442,114,28.0,-168,100,67.0,0,0,0
1630679785442,115,28.0,-167,100,66.0,0,0,0
1630679786442,114,28.0,-168,100,65.0,0,0,0
1630679787442,113,28.0,-168,100,65.0,0,0,0
1630679788442,112,28.0,-168,100,64.0,0,0,0
1630679789442,111,28.0,-167,100,64.0,0,0,0
1630679790442,111,28.0,-167,100,63.0,0,0,0
1630679791442,110,29.0,-167,100,62.0,0,0,0
1630679792442,110,29.0,-167,100,62.0,0,0,0
1630679793442,111,29.0,-167,100,61.0,0,0,0
1630679794442,112,29.0,-167,100,61.0,0,0,0
1630679795442,112,29.0,-167,100,60.0,0,0,0
1630679796442,112,29.0,-167,100,59.0,0,0,0
1630679797442,112,29.0,-167,100,58.0,0,0,0
1630679798442,111,29.0,-168,100,57.0,0,0,0
1630679799442,112,29.0,-168,100,57.0,0,0,0
1630679800442,112,29.0,-167,100,56.0,0,0,0
1630679801442,111,29.0,-168,100,55.0,0,0,0
1630679802442,111,29.0,-167,100,55.0,0,0,0
1630679803442,110,29.0,-168,100,54.0,0,0,0
1630679804442,111,29.0,-167,100,53.0,0,0,0
1630679805442,111,28.0,-167,100,53.0,0,0,0
1630679806442,111,28.0,-167,100,52.0,0,0,0
1630679807442,110,28.0,-168,100,51.0,0,0,0
1630679808442,110,28.0,-168,100,51.0,0,0,0
1630679809442,110,28.0,-167,100,50.0,0,0,0
1630679810442,109,28.0,-167,100,49.0,0,0,0
1630679811442,109,28.0,-167,100,48.0,0,0,0
1630679812442,110,28.0,-167,100,47.0,0,0,0
1630679813442,110,28.0,-167,100,46.0,0,0,0
1630679814442,110,28.0,-168,100,46.0,0,0,0
1630679815442,110,28.0,-167,100,45.0,0,0,0
1630679816442,110,28.0,-169,100,44.0,0,0,0
1630679817442,111,28.0,-172,100,43.0,0,0,0
1630679818442,112,28.0,-168,100,42.0,0,0,0
1630679819442,114,28.0,-161,100,41.0,0,0,0
1630679820442,116,28.0,-163,100,40.0,0,0,0
1630679821442,119,28.0,-164,100,39.0,0,0,0
1630679822442,120,28.0,-164,100,38.0,0,0,0
1630679823442,120,28.0,-166,100,37.0,0,0,0
1630679824442,119,28.0,-166,100,37.0,0,0,0
1630679825442,117,28.0,-166,100,36.0,0,0,0
1630679826442,117,28.0,-164,100,35.0,0,0,0
1630679827442,117,27.0,-163,100,35.0,0,0,0
1630679828442,118,27.0,-163,100,34.0,0,0,0
1630679829442,118,27.0,-163,100,34.0,0,0,0
1630679830442,114,27.0,-163,100,33.0,0,0,0
1630679831442,110,27.0,-163,100,33.0,0,0,0
1630679832442,105,27.0,-163,100,33.0,0,0,0
1630679833442,104,26.0,-163,100,33.0,0,0,0
1630679834442,103,26.0,-163,100,33.0,0,0,0
1630679835442,104,26.0,-163,100,33.0,0,0,0
1630679836442,105,26.0,-163,100,33.0,0,0,0
1630679837442,107,26.0,-163,100,32.0,0,0,0
1630679838442,109,26.0,-163,100,32.0,0,0,0
1630679839442,111,25.0,-163,100,31.0,0,0,0
1630679840442,112,25.0,-163,100,30.0,0,0,0
1630679841442,111,25.0,-163,100,29.0,0,0,0
1630679842442,110,25.0,-163,100,29.0,0,0,0
1630679843442,109,25.0,-167,100,28.0,0,0,0
1630679844442,108,25.0,-167,100,28.0,0,0,0
1630679845442,109,25.0,-167,100,28.0,0,0,0
1630679846442,110,25.0,-167,100,27.0,0,0,0
1630679847442,110,25.0,-167,100,27.0,0,0,0
1630679848442,111,25.0,-167,100,26.0,0,0,0
1630679849442,111,25.0,-166,100,25.0,0,0,0
1630679850442,111,25.0,-166,100,25.0,0,0,0
1630679851442,110,26.0,-166,100,24.0,0,0,0
1630679852442,109,26.0,-166,100,23.0,0,0,0
1630679853442,109,26.0,-166,100,22.0,0,0,0
1630679854442,108,26.0,-166,100,22.0,0,0,0
1630679855442,107,26.0,-166,100,22.0,0,0,0
1630679856442,107,26.0,-166,100,22.0,0,0,0
1630679857442,107,26.0,-166,100,21.0,0,0,0
1630679858442,106,26.0,-166,100,21.0,0,0,0
1630679859442,103,26.0,-166,100,22.0,0,0,0
1630679860442,102,26.0,-166,100,22.0,0,0,0
1630679861442,100,27.0,-166,100,22.0,0,0,0
1630679862442,100,27.0,-166,100,23.0,0,0,0
1630679863442,101,27.0,-166,100,23.0,0,0,0
1630679864442,102,27.0,-166,100,23.0,0,0,0
1630679865442,103,27.0,-166,100,23.0,0,0,0
1630679866442,103,27.0,-166,100,23.0,0,0,0
1630679867442,102,27.0,-166,100,23.0,0,0,0
1630679868442,102,27.0,-166,100,24.0,0,0,0
1630679869442,102,26.0,-166,100,24.0,0,0,0
1630679870442,102,26.0,-166,100,24.0,0,0,0
1630679871442,102,26.0,-166,100,24.0,0,0,0
1630679872442,103,26.0,-168,100,24.0,0,0,0
1630679873442,104,26.0,-173,100,24.0,0,0,0
1630679874442,105,26.0,-175,100,24.0,0,0,0
1630679875442,105,26.0,-176,100,24.0,0,0,0
1630679876442,107,26.0,-176,100,24.0,0,0,0
1630679877442,110,26.0,-176,100,24.0,0,0,0
1630679878442,111,26.0,-176,100,24.0,0,0,0
1630679879442,110,26.0,-178,100,24.0,0,0,0
1630679880442,108,26.0,-178,100,24.0,0,0,0
1630679881442,106,26.0,-178,100,24.0,0,0,0
1630679882442,102,26.0,-179,100,25.0,0,0,0
1630679883442,100,25.0,-179,100,25.0,0,0,0
1630679884442,100,25.0,-179,100,25.0,0,0,0
1630679885442,100,25.0,-179,100,26.0,0,0,0
1630679886442,101,25.0,-179,100,26.0,0,0,0
1630679887442,102,24.0,-179,100,26.0,0,0,0
1630679888442,104,24.0,-179,100,26.0,0,0,0
1630679889442,105,23.0,-179,100,26.0,0,0,0
1630679890442,107,23.0,-167,100,26.0,0,0,0
1630679891442,107,23.0,-177,100,26.0,0,0,0
1630679892442,109,23.0,-179,100,26.0,0,0,0
1630679893442,111,23.0,180,100,26.0,0,0,0
1630679894442,113,23.0,-179,100,26.0,0,0,0
1630679895442,113,23.0,-166,100,26.0,0,0,0
1630679896442,115,23.0,-167,100,26.0,0,0,0
1630679897442,115,23.0,-168,100,26.0,0,0,0
1630679898442,116,23.0,-168,100,26.0,0,0,0
1630679899442,116,23.0,-169,100,26.0,0,0,0
1630679900442,116,23.0,-170,100,26.0,0,0,0
1630679901442,113,24.0,-170,100,26.0,0,0,0
1630679902442,109,24.0,-169,100,26.0,0,0,0
1630679903442,105,24.0,-170,100,26.0,0,0,0
1630679904442,102,24.0,-170,100,26.0,0,0,0
1630679905442,102,24.0,-170,100,27.0,0,0,0
1630679906442,102,24.0,-169,100,27.0,0,0,0
1630679907442,101,24.0,-170,100,27.0,0,0,0
1630679908442,101,24.0,-170,100,27.0,0,0,0
1630679909442,102,24.0,-170,100,27.0,0,0,0
1630679910442,103,24.0,-170,100,27.0,0,0,0
1630679911442,105,24.0,-170,100,27.0,0,0,0
1630679912442,106,24.0,-170,100,27.0,0,0,0
1630679913442,105,24.0,-170,100,28.0,0,0,0
1630679914442,104,24.0,-170,100,28.0,0,0,0
1630679915442,103,23.0,-170,100,28.0,0,0,0
1630679916442,102,23.0,-170,100,28.0,0,0,0
1630679917442,102,22.0,-170,100,28.0,0,0,0
1630679918442,102,22.0,-170,100,28.0,0,0,0
1630679919442,103,22.0,-170,100,28.0,0,0,0
1630679920442,104,22.0,-170,100,28.0,0,0,0
1630679921442,105,22.0,-170,100,28.0,0,0,0
1630679922442,105,22.0,-170,100,28.0,0,0,0
1630679923442,105,21.0,-170,100,28.0,0,0,0
1630679924442,105,21.0,-170,100,28.0,0,0,0
1630679925442,104,21.0,-170,100,28.0,0,0,0
1630679926442,105,21.0,-170,100,28.0,0,0,0
1630679927442,105,22.0,-170,100,28.0,0,0,0
1630679928442,106,22.0,-170,100,28.0,0,0,0
1630679929442,106,22.0,-170,100,28.0,0,0,0
1630679930442,107,22.0,-170,100,27.0,0,0,0
1630679931442,107,22.0,-170,100,27.0,0,0,0
1630679932442,107,22.0,-170,100,26.0,0,0,0
1630679933442,106,23.0,-170,100,26.0,0,0,0
1630679934442,105,23.0,-170,100,26.0,0,0,0
1630679935442,105,23.0,-170,100,26.0,0,0,0
1630679936442,105,23.0,-170,100,26.0,0,0,0
1630679937442,104,23.0,-170,100,26.0,0,0,0
1630679938442,104,23.0,-170,100,26.0,0,0,0
1630679939442,104,23.0,-170,100,25.0,0,0,0
1630679940442,103,23.0,-170,100,25.0,0,0,0
1630679941442,103,23.0,-170,100,25.0,0,0,0
1630679942442,102,23.0,-170,100,25.0,0,0,0
1630679943442,102,24.0,-170,100,25.0,0,0,0
1630679944442,102,24.0,-170,100,26.0,0,0,0
1630679945442,103,24.0,-170,100,26.0,0,0,0
1630679946442,105,24.0,-170,100,26.0,0,0,0
1630679947442,106,24.0,-170,100,25.0,0,0,0
1630679948442,106,24.0,-170,100,25.0,0,0,0
1630679949442,103,24.0,-170,100,25.0,0,0,0
1630679950442,101,24.0,-170,100,26.0,0,0,0
1630679951442,100,24.0,-170,100,26.0,0,0,0
1630679952442,98,24.0,-170,100,26.0,0,0,0
1630679953442,98,24.0,-170,100,26.0,0,0,0
1630679954442,98,24.0,-170,100,26.0,0,0,0
1630679955442,99,24.0,-170,100,26.0,0,0,0
1630679956442,100,24.0,-170,100,27.0,0,0,0
1630679957442,101,24.0,-170,100,27.0,0,0,0
1630679958442,100,24.0,-170,100,27.0,0,0,0
1630679959442,100,24.0,-170,100,27.0,0,0,0
1630679960442,99,24.0,-170,100,27.0,0,0,0
1630679961442,99,24.0,-170,100,27.0,0,0,0
1630679962442,99,24.0,-170,100,27.0,0,0,0
1630679963442,99,24.0,-170,100,28.0,0,0,0
1630679964442,100,24.0,-170,100,28.0,0,0,0
1630679965442,99,24.0,-170,100,28.0,0,0,0
1630679966442,99,24.0,-170,100,28.0,0,0,0
1630679967442,99,24.0,-170,100,28.0,0,0,0
1630679968442,99,24.0,-170,100,28.0,0,0,0
1630679969442,100,24.0,-170,100,28.0,0,0,0
1630679970442,100,24.0,-170,100,28.0,0,0,0
1630679971442,101,24.0,-170,100,28.0,0,0,0
1630679972442,101,24.0,-170,100,28.0,0,0,0
1630679973442,102,24.0,-170,100,28.0,0,0,0
1630679974442,103,24.0,-170,100,28.0,0,0,0
1630679975442,104,24.0,-170,100,28.0,0,0,0
1630679976442,103,24.0,-170,100,28.0,0,0,0
1630679977442,101,24.0,-170,100,28.0,0,0,0
1630679978442,98,24.0,-170,100,28.0,0,0,0
1630679979442,97,24.0,-170,100,29.0,0,0,0
1630679980442,97,24.0,-170,100,29.0,0,0,0
1630679981442,98,24.0,-170,100,29.0,0,0,0
1630679982442,99,24.0,-170,100,29.0,0,0,0
1630679983442,100,24.0,-170,100,29.0,0,0,0
1630679984442,102,24.0,-170,100,29.0,0,0,0
1630679985442,102,24.0,-170,100,29.0,0,0,0
1630679986442,101,24.0,-170,100,29.0,0,0,0
1630679987442,101,24.0,-170,100,29.0,0,0,0
1630679988442,100,24.0,-170,100,29.0,0,0,0
1630679989442,100,24.0,-170,100,29.0,0,0,0
1630679990442,100,24.0,-170,100,29.0,0,0,0
1630679991442,101,24.0,-170,100,28.0,0,0,0
1630679992442,101,24.0,-171,100,28.0,0,0,0
1630679993442,101,24.0,-170,100,28.0,0,0,0
1630679994442,101,24.0,-170,100,27.0,0,0,0
1630679995442,101,23.0,-170,100,27.0,0,0,0
1630679996442,99,23.0,-170,100,26.0,0,0,0
1630679997442,100,23.0,-170,100,26.0,0,0,0
1630679998442,100,23.0,-170,100,26.0,0,0,0
1630679999442,102,23.0,-170,100,25.0,0,0,0
1630680000442,104,23.0,-170,100,25.0,0,0,0
1630680001442,104,23.0,-170,100,24.0,0,0,0
1630680002442,103,23.0,-170,100,24.0,0,0,0
1630680003442,102,23.0,-170,100,24.0,0,0,0
1630680004442,99,23.0,-170,100,24.0,0,0,0
1630680005442,99,23.0,-170,100,24.0,0,0,0
1630680006442,99,23.0,-170,100,24.0,0,0,0
1630680007442,99,23.0,-170,100,24.0,0,0,0
1630680008442,101,23.0,-170,100,24.0,0,0,0
1630680009442,102,23.0,-170,100,24.0,0,0,0
1630680010442,104,23.0,-170,100,24.0,0,0,0
1630680011442,105,23.0,-170,100,24.0,0,0,0
1630680012442,107,23.0,-170,100,24.0,0,0,0
1630680013442,109,23.0,-170,100,24.0,0,0,0
1630680014442,109,23.0,-170,100,24.0,0,0,0
1630680015442,108,23.0,-170,100,24.0,0,0,0
1630680016442,106,23.0,-170,100,23.0,0,0,0
1630680017442,103,23.0,-170,100,23.0,0,0,0
1630680018442,102,23.0,-170,100,23.0,0,0,0
1630680019442,100,23.0,-170,100,23.0,0,0,0
1630680020442,101,23.0,-170,100,23.0,0,0,0
1630680021442,101,23.0,-170,100,23.0,0,0,0
1630680022442,102,23.0,-170,100,23.0,0,0,0
1630680023442,103,23.0,-170,100,23.0,0,0,0
1630680024442,102,23.0,-170,100,22.0,0,0,0
1630680025442,102,23.0,-170,100,22.0,0,0,0
1630680026442,102,23.0,-170,100,22.0,0,0,0
1630680027442,101,23.0,-170,100,22.0,0,0,0
1630680028442,100,23.0,-170,100,22.0,0,0,0
1630680029442,101,24.0,-171,100,22.0,0,0,0
1630680030442,100,24.0,-170,100,22.0,0,0,0
1630680031442,101,23.0,-170,100,22.0,0,0,0
1630680032442,101,23.0,-170,100,22.0,0,0,0
1630680033442,100,23.0,-170,100,22.0,0,0,0
1630680034442,100,23.0,-170,100,22.0,0,0,0
1630680035442,101,23.0,-170,100,22.0,0,0,0
1630680036442,101,23.0,-170,100,22.0,0,0,0
1630680037442,101,23.0,-170,100,22.0,0,0,0
1630680038442,102,23.0,-170,100,22.0,0,0,0
1630680039442,103,23.0,-170,100,22.0,0,0,0
1630680040442,102,23.0,-170,100,22.0,0,0,0
1630680041442,102,22.0,-170,100,22.0,0,0,0
1630680042442,102,22.0,-170,100,22.0,0,0,0
1630680043442,103,22.0,-170,100,22.0,0,0,0
1630680044442,105,22.0,-171,100,22.0,0,0,0
1630680045442,106,22.0,-171,100,22.0,0,0,0
1630680046442,107,22.0,-170,100,22.0,0,0,0
1630680047442,109,22.0,-171,100,23.0,0,0,0
1630680048442,110,22.0,-171,100,23.0,0,0,0
1630680049442,109,22.0,-170,100,23.0,0,0,0
1630680050442,108,22.0,-170,100,23.0,0,0,0
1630680051442,107,21.0,-171,100,22.0,0,0,0
1630680052442,106,21.0,-171,100,22.0,0,0,0
1630680053442,106,21.0,-171,100,22.0,0,0,0
1630680054442,105,21.0,-171,100,22.0,0,0,0
1630680055442,104,21.0,-171,100,22.0,0,0,0
1630680056442,101,21.0,-171,100,22.0,0,0,0
1630680057442,100,21.0,-171,100,22.0,0,0,0
1630680058442,100,21.0,-171,100,22.0,0,0,0
1630680059442,99,21.0,-171,100,22.0,0,0,0
1630680060442,101,21.0,-171,100,22.0,0,0,0
1630680061442,102,21.0,-171,100,22.0,0,0,0
1630680062442,102,21.0,-170,100,22.0,0,0,0
1630680063442,103,20.0,-171,100,22.0,0,0,0
1630680064442,104,20.0,-171,100,22.0,0,0,0
1630680065442,104,20.0,-171,100,22.0,0,0,0
1630680066442,104,20.0,-171,100,22.0,0,0,0
1630680067442,103,20.0,-171,100,21.0,0,0,0
1630680068442,103,20.0,-171,100,21.0,0,0,0
1630680069442,104,20.0,-171,100,21.0,0,0,0
1630680070442,104,20.0,-171,100,20.0,0,0,0
1630680071442,104,20.0,-171,100,20.0,0,0,0
1630680072442,104,20.0,-171,100,19.0,0,0,0
1630680073442,103,20.0,-170,100,19.0,0,0,0
1630680074442,103,20.0,-171,100,18.0,0,0,0
1630680075442,102,20.0,-170,100,17.0,0,0,0
1630680076442,102,20.0,-171,100,16.0,0,0,0
1630680077442,102,20.0,-171,100,16.0,0,0,0
1630680078442,101,20.0,-171,100,16.0,0,0,0
1630680079442,101,20.0,-171,100,16.0,0,0,0
1630680080442,100,20.0,-171,100,16.0,0,0,0
1630680081442,100,21.0,-171,100,16.0,0,0,0
1630680082442,100,21.0,-170,100,16.0,0,0,0
1630680083442,100,21.0,-171,100,16.0,0,0,0
1630680084442,101,21.0,-171,100,16.0,0,0,0
1630680085442,102,21.0,-170,100,16.0,0,0,0
1630680086442,102,21.0,-171,100,16.0,0,0,0
1630680087442,101,22.0,-170,100,16.0,0,0,0
1630680088442,101,22.0,-166,100,16.0,0,0,0
1630680089442,101,22.0,-170,100,16.0,0,0,0
1630680090442,102,22.0,180,100,16.0,0,0,0
1630680091442,103,22.0,-172,100,16.0,0,0,0
1630680092442,105,22.0,-167,100,16.0,0,0,0
1630680093442,107,22.0,-161,100,17.0,0,0,0
1630680094442,110,22.0,-159,100,17.0,0,0,0
1630680095442,111,22.0,-158,100,17.0,0,0,0
1630680096442,112,22.0,-161,100,18.0,0,0,0
1630680097442,114,22.0,-158,100,18.0,0,0,0
1630680098442,115,22.0,-157,100,19.0,0,0,0
1630680099442,117,22.0,-154,100,20.0,0,0,0
1630680100442,119,22.0,-154,100,21.0,0,0,0
1630680101442,121,22.0,-153,100,23.0,0,0,0
1630680102442,120,22.0,-153,100,24.0,0,0,0
1630680103442,117,22.0,-153,100,24.0,0,0,0
1630680104442,113,22.0,-153,100,24.0,0,0,0
1630680105442,111,21.0,-154,100,24.0,0,0,0
1630680106442,109,21.0,-154,100,24.0,0,0,0
1630680107442,108,21.0,-154,100,24.0,0,0,0
1630680108442,108,21.0,-153,100,24.0,0,0,0
1630680109442,109,20.0,-153,100,24.0,0,0,0
1630680110442,108,20.0,-151,100,24.0,0,0,0
1630680111442,108,20.0,-151,100,24.0,0,0,0
1630680112442,107,20.0,-151,100,24.0,0,0,0
1630680113442,105,20.0,-151,100,24.0,0,0,0
1630680114442,105,20.0,-151,100,24.0,0,0,0
1630680115442,105,19.0,-151,100,24.0,0,0,0
1630680116442,104,19.0,-151,100,24.0,0,0,0
1630680117442,104,19.0,-151,100,24.0,0,0,0
1630680118442,105,19.0,-150,100,24.0,0,0,0
1630680119442,105,19.0,-150,100,24.0,0,0,0
1630680120442,106,19.0,-151,100,24.0,0,0,0
1630680121442,106,19.0,-151,100,24.0,0,0,0
1630680122442,104,19.0,-151,100,24.0,0,0,0
1630680123442,104,19.0,-151,100,24.0,0,0,0
1630680124442,104,19.0,-151,100,24.0,0,0,0
1630680125442,104,19.0,-151,100,24.0,0,0,0
1630680126442,105,19.0,-151,100,24.0,0,0,0
1630680127442,106,19.0,-152,100,24.0,0,0,0
1630680128442,108,19.0,-153,100,24.0,0,0,0
1630680129442,109,19.0,-154,100,24.0,0,0,0
1630680130442,109,19.0,-155,100,24.0,0,0,0
1630680131442,109,19.0,-155,100,24.0,0,0,0
1630680132442,108,19.0,-155,100,24.0,0,0,0
1630680133442,109,20.0,-157,100,24.0,0,0,0
1630680134442,111,20.0,-157,100,25.0,0,0,0
1630680135442,113,20.0,-155,100,25.0,0,0,0
1630680136442,116,20.0,-154,100,25.0,0,0,0
1630680137442,117,20.0,-154,100,26.0,0,0,0
1630680138442,116,20.0,-153,100,26.0,0,0,0
1630680139442,112,21.0,-152,100,26.0,0,0,0
1630680140442,106,21.0,-153,100,26.0,0,0,0
1630680141442,103,21.0,-155,100,26.0,0,0,0
1630680142442,103,21.0,-157,100,26.0,0,0,0
1630680143442,103,22.0,-158,100,26.0,0,0,0
1630680144442,103,22.0,-158,100,26.0,0,0,0
1630680145442,104,22.0,-158,100,26.0,0,0,0
1630680146442,106,22.0,-158,100,26.0,0,0,0
1630680147442,109,22.0,-158,100,26.0,0,0,0
1630680148442,111,22.0,-158,100,26.0,0,0,0
1630680149442,111,22.0,-158,100,26.0,0,0,0
1630680150442,109,22.0,-159,100,26.0,0,0,0
1630680151442,106,22.0,-159,100,26.0,0,0,0
1630680152442,102,22.0,-159,100,26.0,0,0,0
1630680153442,100,22.0,-159,100,26.0,0,0,0
1630680154442,101,22.0,-159,100,26.0,0,0,0
1630680155442,103,22.0,-160,100,26.0,0,0,0
1630680156442,105,22.0,-160,100,26.0,0,0,0
1630680157442,107,22.0,-161,100,26.0,0,0,0
1630680158442,110,22.0,-160,100,26.0,0,0,0
1630680159442,112,23.0,-160,100,26.0,0,0,0
1630680160442,111,23.0,-160,100,26.0,0,0,0
1630680161442,110,22.0,-161,100,26.0,0,0,0
1630680162442,106,22.0,-161,100,26.0,0,0,0
1630680163442,104,22.0,-161,100,26.0,0,0,0
1630680164442,104,22.0,-161,100,26.0,0,0,0
1630680165442,104,22.0,-160,100,26.0,0,0,0
1630680166442,104,22.0,-161,100,26.0,0,0,0
1630680167442,106,22.0,-161,100,25.0,0,0,0
1630680168442,107,22.0,-160,100,25.0,0,0,0
1630680169442,105,22.0,-161,100,25.0,0,0,0
1630680170442,103,22.0,-160,100,25.0,0,0,0
1630680171442,102,21.0,-161,100,25.0,0,0,0
1630680172442,102,21.0,-160,100,25.0,0,0,0
1630680173442,101,21.0,-160,100,25.0,0,0,0
1630680174442,101,21.0,-161,100,25.0,0,0,0
1630680175442,103,21.0,-161,100,25.0,0,0,0
1630680176442,105,21.0,-161,100,25.0,0,0,0
1630680177442,105,20.0,-161,100,25.0,0,0,0
1630680178442,106,20.0,-161,100,25.0,0,0,0
1630680179442,106,20.0,-160,100,25.0,0,0,0
1630680180442,106,20.0,-161,100,25.0,0,0,0
1630680181442,106,20.0,-160,100,25.0,0,0,0
1630680182442,107,20.0,-161,100,25.0,0,0,0
1630680183442,107,20.0,-161,100,25.0,0,0,0
1630680184442,108,20.0,-161,100,25.0,0,0,0
1630680185442,109,20.0,-161,100,25.0,0,0,0
1630680186442,111,20.0,-161,100,25.0,0,0,0
1630680187442,113,19.0,-161,100,25.0,0,0,0
1630680188442,114,19.0,-161,100,25.0,0,0,0
1630680189442,115,19.0,-161,100,25.0,0,0,0
1630680190442,114,19.0,-161,100,26.0,0,0,0
1630680191442,111,20.0,-161,100,26.0,0,0,0
1630680192442,109,20.0,-161,100,25.0,0,0,0
1630680193442,108,20.0,-161,100,25.0,0,0,0
1630680194442,107,20.0,-161,100,25.0,0,0,0
1630680195442,108,20.0,-161,100,25.0,0,0,0
1630680196442,107,20.0,-161,100,25.0,0,0,0
1630680197442,104,20.0,-161,100,25.0,0,0,0
1630680198442,105,20.0,-161,100,25.0,0,0,0
1630680199442,106,20.0,-160,100,25.0,0,0,0
1630680200442,106,20.0,-160,100,25.0,0,0,0
1630680201442,106,20.0,-161,100,25.0,0,0,0
1630680202442,106,20.0,-160,100,25.0,0,0,0
1630680203442,106,20.0,-161,100,25.0,0,0,0
1630680204442,105,20.0,-161,100,24.0,0,0,0
1630680205442,103,20.0,-160,100,24.0,0,0,0
1630680206442,102,20.0,-160,100,24.0,0,0,0
1630680207442,103,20.0,-161,100,24.0,0,0,0
1630680208442,105,20.0,-161,100,24.0,0,0,0
1630680209442,107,20.0,-160,100,24.0,0,0,0
1630680210442,108,20.0,-160,100,24.0,0,0,0
1630680211442,108,20.0,-160,100,24.0,0,0,0
1630680212442,106,20.0,-160,100,24.0,0,0,0
1630680213442,103,20.0,-160,100,24.0,0,0,0
1630680214442,102,20.0,-160,100,25.0,0,0,0
1630680215442,101,20.0,-160,100,25.0,0,0,0
1630680216442,102,20.0,-160,100,25.0,0,0,0
1630680217442,103,20.0,-160,100,25.0,0,0,0
1630680218442,104,20.0,-160,100,24.0,0,0,0
1630680219442,105,20.0,-160,100,24.0,0,0,0
1630680220442,105,20.0,-161,100,24.0,0,0,0
1630680221442,105,20.0,-160,100,25.0,0,0,0
1630680222442,106,20.0,-160,100,25.0,0,0,0
1630680223442,107,20.0,-160,100,25.0,0,0,0
1630680224442,104,20.0,-160,100,25.0,0,0,0
1630680225442,104,20.0,-160,100,25.0,0,0,0
1630680226442,105,20.0,-160,100,24.0,0,0,0
1630680227442,105,20.0,-160,100,24.0,0,0,0
1630680228442,104,20.0,-160,100,24.0,0,0,0
1630680229442,105,20.0,-160,100,24.0,0,0,0
1630680230442,105,20.0,-160,100,24.0,0,0,0
1630680231442,104,20.0,-160,100,24.0,0,0,0
1630680232442,103,20.0,-160,100,24.0,0,0,0
1630680233442,102,20.0,-160,100,24.0,0,0,0
1630680234442,102,20.0,-160,100,24.0,0,0,0
1630680235442,102,20.0,-160,100,24.0,0,0,0
1630680236442,102,20.0,-160,100,24.0,0,0,0
1630680237442,103,20.0,-160,100,24.0,0,0,0
1630680238442,104,20.0,-160,100,24.0,0,0,0
1630680239442,104,20.0,-160,100,24.0,0,0,0
1630680240442,105,20.0,-160,100,24.0,0,0,0
1630680241442,105,20.0,-160,100,24.0,0,0,0
1630680242442,104,20.0,-160,100,24.0,0,0,0
1630680243442,104,20.0,-160,100,24.0,0,0,0
1630680244442,104,20.0,-160,100,24.0,0,0,0
1630680245442,106,20.0,-160,100,24.0,0,0,0
1630680246442,106,20.0,-160,100,24.0,0,0,0
1630680247442,105,20.0,-160,100,24.0,0,0,0
1630680248442,106,20.0,-160,100,23.0,0,0,0
1630680249442,107,21.0,-160,100,23.0,0,0,0
1630680250442,107,21.0,-160,100,23.0,0,0,0
1630680251442,105,21.0,-160,100,23.0,0,0,0
1630680252442,104,21.0,-160,100,23.0,0,0,0
1630680253442,103,21.0,-160,100,23.0,0,0,0
1630680254442,102,21.0,-160,100,23.0,0,0,0
1630680255442,102,21.0,-160,100,23.0,0,0,0
1630680256442,104,21.0,-160,100,23.0,0,0,0
1630680257442,105,22.0,-160,100,23.0,0,0,0
1630680258442,108,22.0,-160,100,23.0,0,0,0
1630680259442,109,22.0,-160,100,23.0,0,0,0
1630680260442,107,22.0,-160,100,23.0,0,0,0
1630680261442,102,22.0,-159,100,23.0,0,0,0
1630680262442,99,22.0,-160,100,23.0,0,0,0
1630680263442,100,22.0,-160,100,23.0,0,0,0
1630680264442,100,22.0,-159,100,24.0,0,0,0
1630680265442,100,22.0,-160,100,24.0,0,0,0
1630680266442,102,22.0,-160,100,23.0,0,0,0
1630680267442,104,21.0,-160,100,23.0,0,0,0
1630680268442,102,21.0,-160,100,23.0,0,0,0
1630680269442,102,21.0,-160,100,22.0,0,0,0
1630680270442,100,21.0,-160,100,22.0,0,0,0
1630680271442,98,21.0,-160,100,22.0,0,0,0
1630680272442,97,21.0,-160,100,22.0,0,0,0
1630680273442,98,21.0,-159,100,21.0,0,0,0
1630680274442,100,21.0,-160,100,21.0,0,0,0
1630680275442,102,20.0,-160,100,21.0,0,0,0
1630680276442,102,20.0,-160,100,21.0,0,0,0
1630680277442,102,20.0,-160,100,21.0,0,0,0
1630680278442,102,20.0,-159,100,21.0,0,0,0
1630680279442,98,20.0,-159,100,22.0,0,0,0
1630680280442,97,20.0,-160,100,22.0,0,0,0
1630680281442,97,20.0,-159,100,22.0,0,0,0
1630680282442,98,20.0,-160,100,22.0,0,0,0
1630680283442,99,20.0,-160,100,23.0,0,0,0
1630680284442,100,20.0,-159,100,23.0,0,0,0
1630680285442,100,20.0,-159,100,23.0,0,0,0
1630680286442,102,20.0,-160,100,23.0,0,0,0
1630680287442,103,20.0,-159,100,23.0,0,0,0
1630680288442,102,20.0,-159,100,23.0,0,0,0
1630680289442,103,20.0,-160,100,23.0,0,0,0
1630680290442,102,20.0,-159,100,23.0,0,0,0
1630680291442,102,21.0,-160,100,23.0,0,0,0
1630680292442,103,21.0,-159,100,23.0,0,0,0
1630680293442,103,21.0,-159,100,23.0,0,0,0
1630680294442,105,21.0,-160,100,23.0,0,0,0
1630680295442,105,21.0,-159,100,23.0,0,0,0
1630680296442,104,21.0,-159,100,23.0,0,0,0
1630680297442,105,21.0,-160,100,23.0,0,0,0
1630680298442,104,21.0,-159,100,23.0,0,0,0
1630680299442,101,21.0,-159,100,23.0,0,0,0
1630680300442,103,21.0,-159,100,23.0,0,0,0
1630680301442,104,21.0,-159,100,23.0,0,0,0
1630680302442,104,21.0,-159,100,23.0,0,0,0
1630680303442,105,21.0,-159,100,23.0,0,0,0
1630680304442,106,21.0,-159,100,23.0,0,0,0
1630680305442,106,21.0,-159,100,23.0,0,0,0
1630680306442,107,21.0,-159,100,22.0,0,0,0
1630680307442,108,21.0,-159,100,22.0,0,0,0
1630680308442,109,21.0,-159,100,21.0,0,0,0
1630680309442,107,21.0,-159,100,21.0,0,0,0
1630680310442,105,21.0,-159,100,21.0,0,0,0
1630680311442,107,21.0,-159,100,21.0,0,0,0
1630680312442,107,21.0,-159,100,20.0,0,0,0
1630680313442,107,21.0,-160,100,20.0,0,0,0
1630680314442,107,21.0,-159,100,20.0,0,0,0
1630680315442,106,21.0,-160,100,20.0,0,0,0
1630680316442,106,21.0,-159,100,20.0,0,0,0
1630680317442,105,21.0,-159,100,20.0,0,0,0
1630680318442,105,21.0,-159,100,20.0,0,0,0
1630680319442,107,22.0,-159,100,20.0,0,0,0
1630680320442,108,22.0,-159,100,20.0,0,0,0
1630680321442,108,22.0,-159,100,20.0,0,0,0
1630680322442,108,22.0,-159,100,20.0,0,0,0
1630680323442,108,22.0,-159,100,20.0,0,0,0
1630680324442,107,22.0,-159,100,20.0,0,0,0
1630680325442,107,22.0,-159,100,20.0,0,0,0
1630680326442,108,22.0,-160,100,20.0,0,0,0
1630680327442,107,22.0,-160,100,20.0,0,0,0
1630680328442,105,22.0,-159,100,20.0,0,0,0
1630680329442,104,22.0,-159,100,20.0,0,0,0
1630680330442,105,22.0,-160,100,19.0,0,0,0
1630680331442,107,23.0,-160,100,19.0,0,0,0
1630680332442,107,23.0,-159,100,19.0,0,0,0
1630680333442,106,23.0,-160,100,19.0,0,0,0
1630680334442,105,23.0,-159,100,19.0,0,0,0
1630680335442,102,22.0,-159,100,19.0,0,0,0
1630680336442,101,22.0,-159,100,19.0,0,0,0
1630680337442,101,22.0,-159,100,19.0,0,0,0
1630680338442,102,22.0,-160,100,19.0,0,0,0
1630680339442,104,22.0,-159,100,19.0,0,0,0
1630680340442,103,22.0,-159,100,19.0,0,0,0
1630680341442,101,22.0,-159,100,19.0,0,0,0
1630680342442,102,22.0,-159,100,19.0,0,0,0
1630680343442,100,21.0,-159,100,19.0,0,0,0
1630680344442,99,21.0,-159,100,20.0,0,0,0
1630680345442,100,21.0,-159,100,20.0,0,0,0
1630680346442,101,21.0,-159,100,20.0,0,0,0
1630680347442,102,21.0,-159,100,20.0,0,0,0
1630680348442,103,21.0,-159,100,20.0,0,0,0
1630680349442,102,21.0,-159,100,20.0,0,0,0
1630680350442,103,21.0,-159,100,20.0,0,0,0
1630680351442,101,21.0,-159,100,20.0,0,0,0
1630680352442,99,21.0,-160,100,20.0,0,0,0
1630680353442,100,21.0,-159,100,20.0,0,0,0
1630680354442,100,21.0,-160,100,20.0,0,0,0
1630680355442,102,21.0,-160,100,20.0,0,0,0
1630680356442,103,21.0,-160,100,20.0,0,0,0
1630680357442,105,21.0,-163,100,20.0,0,0,0
1630680358442,109,21.0,-163,100,20.0,0,0,0
1630680359442,111,21.0,-164,100,20.0,0,0,0
1630680360442,112,21.0,-164,100,20.0,0,0,0
1630680361442,110,21.0,-164,100,19.0,0,0,0
1630680362442,106,21.0,-164,100,19.0,0,0,0
1630680363442,102,22.0,-164,100,19.0,0,0,0
1630680364442,102,22.0,-166,100,19.0,0,0,0
1630680365442,101,22.0,-164,100,19.0,0,0,0
1630680366442,101,22.0,-164,100,19.0,0,0,0
1630680367442,102,22.0,-164,100,19.0,0,0,0
1630680368442,102,22.0,-164,100,19.0,0,0,0
1630680369442,102,22.0,-164,100,19.0,0,0,0
1630680370442,102,22.0,-164,100,19.0,0,0,0
1630680371442,101,21.0,-164,100,19.0,0,0,0
1630680372442,100,21.0,-164,100,19.0,0,0,0
1630680373442,99,21.0,-164,100,19.0,0,0,0
1630680374442,100,21.0,-164,100,19.0,0,0,0
1630680375442,101,21.0,-164,100,19.0,0,0,0
1630680376442,101,21.0,-164,100,19.0,0,0,0
1630680377442,102,21.0,-164,100,19.0,0,0,0
1630680378442,102,21.0,-164,100,19.0,0,0,0
1630680379442,100,21.0,-164,100,19.0,0,0,0
1630680380442,99,21.0,-164,100,19.0,0,0,0
1630680381442,98,21.0,-164,100,20.0,0,0,0
1630680382442,97,21.0,-164,100,20.0,0,0,0
1630680383442,99,21.0,-164,100,20.0,0,0,0
1630680384442,98,21.0,-164,100,20.0,0,0,0
1630680385442,98,20.0,-164,100,20.0,0,0,0
1630680386442,100,20.0,-164,100,20.0,0,0,0
1630680387442,100,20.0,-164,100,20.0,0,0,0
1630680388442,100,20.0,-164,100,20.0,0,0,0
1630680389442,100,20.0,-164,100,20.0,0,0,0
1630680390442,99,20.0,-164,100,20.0,0,0,0
1630680391442,97,20.0,-164,100,20.0,0,0,0
1630680392442,97,20.0,-164,100,20.0,0,0,0
1630680393442,97,20.0,-164,100,20.0,0,0,0
1630680394442,96,20.0,-164,100,21.0,0,0,0
1630680395442,97,20.0,-164,100,21.0,0,0,0
1630680396442,98,20.0,-164,100,21.0,0,0,0
1630680397442,100,20.0,-164,100,21.0,0,0,0
1630680398442,102,20.0,-164,100,21.0,0,0,0
1630680399442,102,20.0,-164,100,21.0,0,0,0
1630680400442,101,20.0,-164,100,21.0,0,0,0
1630680401442,99,20.0,-164,100,21.0,0,0,0
1630680402442,95,20.0,-164,100,22.0,0,0,0
1630680403442,93,20.0,-164,100,22.0,0,0,0
1630680404442,95,20.0,-164,100,22.0,0,0,0
1630680405442,96,20.0,-164,100,22.0,0,0,0
1630680406442,96,20.0,-164,100,22.0,0,0,0
1630680407442,98,20.0,-164,100,22.0,0,0,0
1630680408442,99,20.0,-164,100,22.0,0,0,0
1630680409442,100,20.0,-166,100,22.0,0,0,0
1630680410442,101,20.0,-166,100,22.0,0,0,0
1630680411442,100,20.0,-164,100,23.0,0,0,0
1630680412442,97,20.0,-164,100,23.0,0,0,0
1630680413442,98,20.0,-164,100,23.0,0,0,0
1630680414442,99,20.0,-164,100,23.0,0,0,0
1630680415442,97,20.0,-164,100,23.0,0,0,0
1630680416442,97,20.0,-164,100,23.0,0,0,0
1630680417442,99,20.0,-164,100,23.0,0,0,0
1630680418442,100,20.0,-164,100,23.0,0,0,0
1630680419442,102,20.0,-166,100,23.0,0,0,0
1630680420442,102,20.0,-166,100,23.0,0,0,0
1630680421442,96,20.0,-164,100,24.0,0,0,0
1630680422442,93,20.0,-166,100,24.0,0,0,0
1630680423442,93,20.0,-166,100,24.0,0,0,0
1630680424442,92,20.0,-164,100,25.0,0,0,0
1630680425442,93,20.0,-164,100,25.0,0,0,0
1630680426442,96,20.0,-164,100,25.0,0,0,0
1630680427442,99,20.0,-164,100,25.0,0,0,0
1630680428442,100,20.0,-164,100,25.0,0,0,0
1630680429442,100,20.0,-166,100,25.0,0,0,0
1630680430442,99,20.0,-164,100,25.0,0,0,0
1630680431442,95,19.0,-164,100,25.0,0,0,0
1630680432442,97,19.0,-166,100,25.0,0,0,0
1630680433442,97,19.0,-164,100,25.0,0,0,0
1630680434442,97,19.0,-164,100,25.0,0,0,0
1630680435442,97,19.0,-166,100,25.0,0,0,0
1630680436442,99,19.0,-164,100,25.0,0,0,0
1630680437442,100,19.0,-166,100,25.0,0,0,0
1630680438442,101,19.0,-166,100,25.0,0,0,0
1630680439442,101,19.0,-164,100,24.0,0,0,0
1630680440442,101,19.0,-166,100,24.0,0,0,0
1630680441442,103,19.0,-166,100,24.0,0,0,0
1630680442442,105,19.0,-166,100,25.0,0,0,0
1630680443442,102,19.0,-166,100,25.0,0,0,0
1630680444442,100,19.0,-166,100,25.0,0,0,0
1630680445442,98,19.0,-164,100,25.0,0,0,0
1630680446442,99,19.0,-164,100,25.0,0,0,0
1630680447442,98,19.0,-164,100,25.0,0,0,0
1630680448442,97,19.0,-164,100,25.0,0,0,0
1630680449442,99,19.0,-166,100,25.0,0,0,0
1630680450442,101,19.0,-166,100,25.0,0,0,0
1630680451442,101,19.0,-164,100,25.0,0,0,0
1630680452442,103,19.0,-164,100,25.0,0,0,0
1630680453442,103,19.0,-166,100,25.0,0,0,0
1630680454442,103,19.0,-166,100,25.0,0,0,0
1630680455442,102,19.0,-164,100,25.0,0,0,0
1630680456442,101,19.0,-164,100,25.0,0,0,0
1630680457442,102,19.0,-164,100,24.0,0,0,0
1630680458442,104,19.0,-166,100,24.0,0,0,0
1630680459442,108,19.0,-159,100,25.0,0,0,0
1630680460442,111,19.0,-155,100,25.0,0,0,0
1630680461442,111,18.0,-153,100,25.0,0,0,0
1630680462442,108,18.0,-152,100,25.0,0,0,0
1630680463442,107,18.0,-152,100,26.0,0,0,0
1630680464442,106,18.0,-151,100,26.0,0,0,0
1630680465442,105,18.0,-151,100,26.0,0,0,0
1630680466442,104,18.0,-152,100,26.0,0,0,0
1630680467442,106,18.0,-160,100,26.0,0,0,0
1630680468442,108,18.0,-166,100,26.0,0,0,0
1630680469442,110,18.0,-164,100,26.0,0,0,0
1630680470442,112,18.0,-162,100,27.0,0,0,0
1630680471442,114,18.0,-161,100,27.0,0,0,0
1630680472442,115,18.0,-160,100,28.0,0,0,0
1630680473442,116,18.0,-160,100,28.0,0,0,0
1630680474442,116,18.0,-162,100,29.0,0,0,0
1630680475442,115,18.0,-162,100,29.0,0,0,0
1630680476442,114,18.0,-163,100,30.0,0,0,0
1630680477442,112,18.0,-163,100,30.0,0,0,0
1630680478442,110,18.0,-163,100,30.0,0,0,0
1630680479442,105,18.0,-163,100,30.0,0,0,0
1630680480442,105,18.0,-163,100,30.0,0,0,0
1630680481442,104,18.0,-163,100,30.0,0,0,0
1630680482442,104,18.0,-163,100,30.0,0,0,0
1630680483442,103,18.0,-163,100,29.0,0,0,0
1630680484442,103,18.0,-163,100,29.0,0,0,0
1630680485442,103,18.0,-163,100,29.0,0,0,0
1630680486442,101,18.0,-163,100,29.0,0,0,0
1630680487442,100,18.0,-163,100,29.0,0,0,0
1630680488442,96,18.0,-163,100,30.0,0,0,0
1630680489442,97,18.0,-163,100,30.0,0,0,0
1630680490442,97,18.0,-163,100,30.0,0,0,0
1630680491442,97,18.0,-162,100,30.0,0,0,0
1630680492442,99,18.0,-162,100,30.0,0,0,0
1630680493442,99,18.0,-163,100,30.0,0,0,0
1630680494442,100,18.0,-162,100,29.0,0,0,0
1630680495442,100,18.0,-163,100,29.0,0,0,0
1630680496442,98,18.0,-163,100,29.0,0,0,0
1630680497442,97,19.0,-163,100,29.0,0,0,0
1630680498442,97,19.0,-162,100,29.0,0,0,0
1630680499442,99,19.0,-162,100,29.0,0,0,0
1630680500442,102,19.0,-163,100,29.0,0,0,0
1630680501442,102,19.0,-163,100,29.0,0,0,0
1630680502442,99,19.0,-163,100,29.0,0,0,0
1630680503442,95,20.0,-163,100,30.0,0,0,0
1630680504442,91,20.0,-163,100,30.0,0,0,0
1630680505442,88,20.0,-163,100,32.0,0,0,0
1630680506442,86,20.0,-163,100,32.0,0,0,0
1630680507442,88,20.0,-163,100,33.0,0,0,0
1630680508442,91,20.0,-163,100,33.0,0,0,0
1630680509442,92,21.0,-163,100,33.0,0,0,0
1630680510442,94,21.0,-163,100,33.0,0,0,0
1630680511442,93,21.0,-163,100,33.0,0,0,0
1630680512442,92,21.0,-163,100,33.0,0,0,0
1630680513442,92,21.0,-163,100,33.0,0,0,0
1630680514442,92,21.0,-163,100,34.0,0,0,0
1630680515442,94,21.0,-163,100,34.0,0,0,0
1630680516442,95,21.0,-163,100,34.0,0,0,0
1630680517442,95,22.0,-163,100,34.0,0,0,0
1630680518442,96,22.0,-163,100,34.0,0,0,0
1630680519442,95,22.0,-163,100,34.0,0,0,0
1630680520442,95,22.0,-162,100,34.0,0,0,0
1630680521442,94,22.0,-163,100,34.0,0,0,0
1630680522442,92,22.0,-163,100,34.0,0,0,0
1630680523442,93,22.0,-163,100,35.0,0,0,0
1630680524442,94,22.0,-163,100,35.0,0,0,0
1630680525442,95,22.0,-163,100,35.0,0,0,0
1630680526442,96,22.0,-163,100,35.0,0,0,0
1630680527442,95,22.0,-163,100,35.0,0,0,0
1630680528442,93,22.0,-163,100,35.0,0,0,0
1630680529442,93,22.0,-163,100,35.0,0,0,0
1630680530442,93,22.0,-163,100,35.0,0,0,0
1630680531442,94,22.0,-163,100,35.0,0,0,0
1630680532442,96,22.0,-163,100,35.0,0,0,0
1630680533442,97,22.0,-163,100,35.0,0,0,0
1630680534442,98,22.0,-163,100,35.0,0,0,0
1630680535442,97,22.0,-163,100,35.0,0,0,0
1630680536442,97,22.0,-166,100,35.0,0,0,0
1630680537442,100,22.0,-166,100,35.0,0,0,0
1630680538442,101,22.0,-166,100,35.0,0,0,0
1630680539442,101,22.0,-166,100,35.0,0,0,0
1630680540442,101,22.0,-166,100,34.0,0,0,0
1630680541442,101,22.0,-167,100,34.0,0,0,0
1630680542442,103,22.0,-167,100,34.0,0,0,0
1630680543442,105,22.0,-168,100,34.0,0,0,0
1630680544442,108,22.0,-168,100,34.0,0,0,0
1630680545442,108,21.0,-167,100,34.0,0,0,0
1630680546442,108,21.0,-166,100,35.0,0,0,0
1630680547442,108,21.0,-166,100,35.0,0,0,0
1630680548442,106,21.0,-166,100,35.0,0,0,0
1630680549442,107,21.0,-166,100,35.0,0,0,0
1630680550442,108,21.0,-167,100,35.0,0,0,0
1630680551442,108,20.0,-167,100,35.0,0,0,0
1630680552442,109,20.0,-167,100,35.0,0,0,0
1630680553442,108,20.0,-167,100,35.0,0,0,0
1630680554442,105,20.0,-167,100,35.0,0,0,0
1630680555442,102,20.0,-167,100,35.0,0,0,0
1630680556442,101,20.0,-163,100,35.0,0,0,0
1630680557442,99,20.0,-167,100,35.0,0,0,0
1630680558442,100,20.0,-167,100,35.0,0,0,0
1630680559442,102,20.0,-167,100,36.0,0,0,0
1630680560442,103,20.0,-167,100,36.0,0,0,0
1630680561442,104,21.0,-167,100,35.0,0,0,0
1630680562442,103,21.0,-168,100,35.0,0,0,0
1630680563442,102,21.0,-163,100,35.0,0,0,0
1630680564442,99,21.0,-163,100,36.0,0,0,0
1630680565442,96,21.0,-163,100,36.0,0,0,0
1630680566442,97,21.0,-163,100,36.0,0,0,0
1630680567442,97,21.0,-163,100,36.0,0,0,0
1630680568442,98,21.0,-163,100,36.0,0,0,0
1630680569442,100,21.0,-163,100,36.0,0,0,0
1630680570442,101,21.0,-167,100,36.0,0,0,0
1630680571442,102,21.0,-163,100,36.0,0,0,0
1630680572442,100,21.0,-163,100,36.0,0,0,0
1630680573442,96,21.0,-163,100,36.0,0,0,0
1630680574442,95,21.0,-163,100,36.0,0,0,0
1630680575442,93,22.0,-163,100,36.0,0,0,0
1630680576442,93,22.0,-163,100,36.0,0,0,0
1630680577442,95,22.0,-167,100,36.0,0,0,0
1630680578442,97,22.0,-163,100,36.0,0,0,0
1630680579442,98,22.0,-167,100,36.0,0,0,0
1630680580442,97,22.0,-163,100,36.0,0,0,0
1630680581442,96,22.0,-163,100,36.0,0,0,0
1630680582442,95,22.0,-167,100,36.0,0,0,0
1630680583442,94,22.0,-167,100,36.0,0,0,0
1630680584442,93,22.0,-167,100,36.0,0,0,0
1630680585442,94,22.0,-167,100,36.0,0,0,0
1630680586442,95,22.0,-167,100,36.0,0,0,0
1630680587442,96,22.0,-167,100,36.0,0,0,0
1630680588442,97,22.0,-167,100,36.0,0,0,0
1630680589442,95,22.0,-167,100,37.0,0,0,0
1630680590442,92,22.0,-167,100,37.0,0,0,0
1630680591442,92,21.0,-167,100,37.0,0,0,0
1630680592442,92,21.0,-167,100,37.0,0,0,0
1630680593442,93,21.0,-167,100,37.0,0,0,0
1630680594442,95,21.0,-167,100,37.0,0,0,0
1630680595442,96,21.0,-167,100,37.0,0,0,0
1630680596442,98,21.0,-167,100,37.0,0,0,0
1630680597442,98,21.0,-167,100,37.0,0,0,0
1630680598442,95,21.0,-167,100,37.0,0,0,0
1630680599442,94,21.0,-167,100,37.0,0,0,0
1630680600442,92,21.0,-167,100,38.0,0,0,0
1630680601442,91,21.0,-167,100,38.0,0,0,0
1630680602442,94,21.0,-166,100,38.0,0,0,0
