timestamp,battery_voltage,battery_level,device_temperature,bluetooth_link_quality,bluetooth_rssi,bluetooth_tx_power,worn_confidence,is_button_press,is_not_fitted_to_garment
1630678967442,4.084,80,25.4,254,0,12,00,0,0
1630678968442,4.084,80,25.4,254,0,12,00,0,0
1630678969442,4.084,80,25.4,254,0,12,00,0,0
1630678970442,4.084,80,25.4,254,0,12,00,0,0
1630678971442,4.084,80,25.4,254,0,12,00,0,0
1630678972442,4.084,80,25.4,254,2,12,00,0,0
1630678973442,4.084,80,25.4,254,0,12,00,0,0
1630678974442,4.084,80,25.4,254,0,12,00,0,0
1630678975442,4.084,80,25.4,254,3,12,00,0,0
1630678976442,4.084,80,25.4,254,0,12,00,0,0
1630678977442,4.084,80,25.4,254,0,12,00,0,0
1630678978442,4.084,80,25.4,254,0,12,00,0,0
1630678979442,4.084,80,25.4,254,0,12,00,0,0
1630678980442,4.084,80,25.4,254,0,12,00,0,0
1630678981442,4.084,80,25.4,254,0,12,00,0,0
1630678982442,4.084,80,25.4,254,2,12,00,0,0
1630678983442,4.084,80,25.4,254,0,12,00,0,0
1630678984442,4.084,80,25.4,254,0,12,00,0,0
1630678985442,4.084,80,25.4,254,0,12,00,0,0
1630678986442,4.084,80,25.4,254,0,12,00,0,0
1630678987442,4.084,80,25.4,254,0,12,00,0,0
1630678988442,4.084,80,25.4,254,0,12,00,0,0
1630678989442,4.084,80,25.4,254,0,12,00,0,0
1630678990442,4.084,80,25.4,254,0,12,00,0,0
1630678991442,4.084,80,25.4,254,0,12,00,0,0
1630678992442,4.084,80,25.5,254,0,12,00,0,0
1630678993442,4.084,80,25.5,254,0,12,00,0,0
1630678994442,4.084,80,25.5,254,0,12,00,0,0
1630678995442,4.084,80,25.5,254,0,12,00,0,0
1630678996442,4.084,80,25.6,254,0,12,00,0,0
1630678997442,4.084,80,25.6,254,0,12,00,0,0
1630678998442,4.084,80,25.6,254,0,12,00,0,0
1630678999442,4.084,80,25.6,254,0,12,00,0,0
1630679000442,4.084,80,25.6,254,0,12,00,0,0
1630679001442,4.084,80,25.7,254,0,12,00,0,0
1630679002442,4.083,80,25.7,254,0,12,00,0,0
1630679003442,4.083,80,25.7,254,0,12,00,0,0
1630679004442,4.083,80,25.7,254,0,12,00,0,0
1630679005442,4.083,80,25.7,254,0,12,00,0,0
1630679006442,4.083,80,25.7,254,0,12,00,0,0
1630679007442,4.083,80,25.7,254,0,12,00,0,0
1630679008442,4.083,80,25.7,254,0,12,00,0,0
1630679009442,4.083,80,25.7,254,0,12,00,0,0
1630679010442,4.083,80,25.7,254,0,12,00,0,0
1630679011442,4.083,80,25.7,254,0,12,00,0,0
1630679012442,4.083,80,25.7,254,1,12,00,0,0
1630679013442,4.083,80,25.7,254,0,12,00,0,0
1630679014442,4.083,80,25.7,254,0,12,00,0,0
1630679015442,4.083,80,25.7,254,0,12,00,0,0
1630679016442,4.083,80,25.7,254,0,12,00,0,0
1630679017442,4.083,80,25.7,254,0,12,00,0,0
1630679018442,4.083,80,25.7,254,0,12,00,0,0
1630679019442,4.083,80,25.7,254,3,12,00,0,0
1630679020442,4.083,80,25.7,254,0,12,00,0,0
1630679021442,4.083,80,25.7,254,0,12,00,0,0
1630679022442,4.083,80,25.7,254,0,12,00,0,0
1630679023442,4.083,80,25.7,254,0,12,00,0,0
1630679024442,4.083,80,25.7,254,0,12,00,0,0
1630679025442,4.083,80,25.7,254,0,12,00,0,0
1630679026442,4.083,80,25.7,254,0,12,00,0,0
1630679027442,4.083,80,25.7,254,0,12,00,0,0
1630679028442,4.083,80,25.7,254,0,12,00,0,0
1630679029442,4.083,80,25.7,254,0,12,00,0,0
1630679030442,4.082,80,25.7,254,0,12,00,0,0
1630679031442,4.082,80,25.7,254,0,12,00,0,0
1630679032442,4.082,80,25.7,254,0,12,00,0,0
1630679033442,4.082,80,25.7,254,0,12,00,0,0
1630679034442,4.082,80,25.7,254,0,12,00,0,0
1630679035442,4.082,80,25.7,254,0,12,00,0,0
1630679036442,4.082,80,25.8,254,0,12,00,0,0
1630679037442,4.082,80,25.8,215,3,12,00,0,0
1630679038442,4.082,80,25.8,254,0,12,00,0,0
1630679039442,4.082,80,25.8,254,0,12,00,0,0
1630679040442,4.082,80,25.8,254,0,12,00,0,0
1630679041442,4.082,80,25.8,254,0,12,00,0,0
1630679042442,4.082,80,25.8,254,0,12,00,0,0
1630679043442,4.082,80,25.8,254,0,12,00,0,0
1630679044442,4.082,80,25.8,254,0,12,00,0,0
1630679045442,4.082,80,25.8,254,0,12,00,0,0
1630679046442,4.082,80,25.9,254,0,12,00,0,0
1630679047442,4.082,80,25.9,254,0,12,00,0,0
1630679048442,4.082,80,25.9,254,0,12,00,0,0
1630679049442,4.082,80,25.9,254,0,12,00,0,0
1630679050442,4.082,80,25.9,254,0,12,00,0,0
1630679051442,4.082,80,25.9,254,0,12,00,0,0
1630679052442,4.082,80,25.9,254,0,12,00,0,0
1630679053442,4.082,80,25.9,254,0,12,00,0,0
1630679054442,4.082,80,25.9,254,0,12,00,0,0
1630679055442,4.082,80,25.9,254,0,12,00,0,0
1630679056442,4.082,80,25.9,254,0,12,00,0,0
1630679057442,4.082,80,25.9,254,0,12,00,0,0
1630679058442,4.082,80,26.0,254,0,12,00,0,0
1630679059442,4.082,80,26.0,254,1,12,00,0,0
1630679060442,4.082,80,26.0,254,0,12,00,0,0
1630679061442,4.082,80,26.0,254,0,12,00,0,0
1630679062442,4.082,80,26.0,254,0,12,00,0,0
1630679063442,4.082,80,26.0,254,0,12,00,0,0
1630679064442,4.082,80,26.0,254,0,12,00,0,0
1630679065442,4.082,80,26.0,254,0,12,00,0,0
1630679066442,4.082,80,26.0,254,0,12,00,0,0
1630679067442,4.082,80,26.0,254,0,12,00,0,0
1630679068442,4.082,80,26.0,254,0,12,00,0,0
1630679069442,4.082,80,26.0,254,0,12,00,0,0
1630679070442,4.082,80,26.0,254,0,12,00,0,0
1630679071442,4.082,80,26.0,254,1,12,00,0,0
1630679072442,4.082,80,26.0,215,0,12,00,0,0
1630679073442,4.082,80,26.0,254,0,12,00,0,0
1630679074442,4.082,80,26.0,254,0,12,00,0,0
1630679075442,4.082,80,26.0,254,0,12,00,0,0
1630679076442,4.082,80,26.0,254,0,12,00,0,0
1630679077442,4.082,80,26.0,254,0,12,00,0,0
1630679078442,4.082,80,26.0,254,0,12,00,0,0
1630679079442,4.082,80,26.0,254,1,12,00,0,0
1630679080442,4.082,80,26.0,254,0,12,00,0,0
1630679081442,4.082,80,26.0,254,0,12,00,0,0
1630679082442,4.082,80,26.0,254,0,12,00,0,0
1630679083442,4.082,80,26.0,254,0,12,00,0,0
1630679084442,4.082,80,26.0,254,0,12,00,0,0
1630679085442,4.082,80,26.1,254,0,12,00,0,0
1630679086442,4.082,80,26.1,254,0,12,00,0,0
1630679087442,4.082,80,26.1,235,0,12,00,0,0
1630679088442,4.082,80,26.1,254,0,12,00,0,0
1630679089442,4.082,80,26.1,254,0,12,00,0,0
1630679090442,4.082,80,26.1,254,0,12,00,0,0
1630679091442,4.082,80,26.1,254,0,12,00,0,0
1630679092442,4.082,80,26.1,254,1,12,00,0,0
1630679093442,4.082,80,26.1,254,0,12,00,0,0
1630679094442,4.082,80,26.1,254,0,12,00,0,0
1630679095442,4.082,80,26.1,254,0,12,00,0,0
1630679096442,4.082,80,26.1,254,0,12,00,0,0
1630679097442,4.082,80,26.1,254,0,12,00,0,0
1630679098442,4.082,80,26.1,254,0,12,00,0,0
1630679099442,4.082,80,26.2,254,0,12,00,0,0
1630679100442,4.082,80,26.2,254,0,12,00,0,0
1630679101442,4.082,80,26.2,254,0,12,00,0,0
1630679102442,4.082,80,26.2,254,0,12,00,0,0
1630679103442,4.082,80,26.2,254,0,12,00,0,0
1630679104442,4.082,80,26.2,254,0,12,00,0,0
1630679105442,4.082,80,26.2,254,0,12,00,0,0
1630679106442,4.082,80,26.2,254,0,12,00,0,0
1630679107442,4.082,80,26.2,254,0,12,00,0,0
1630679108442,4.081,80,26.2,254,0,12,00,0,0
1630679109442,4.081,80,26.3,254,0,12,00,0,0
1630679110442,4.081,80,26.3,254,0,12,00,0,0
1630679111442,4.081,80,26.3,254,0,12,00,0,0
1630679112442,4.081,80,26.3,254,0,12,00,0,0
1630679113442,4.081,80,26.3,254,0,12,00,0,0
1630679114442,4.081,80,26.3,254,0,12,00,0,0
1630679115442,4.081,80,26.3,254,0,12,00,0,0
1630679116442,4.081,80,26.3,254,0,12,00,0,0
1630679117442,4.081,80,26.3,254,0,12,00,0,0
1630679118442,4.081,80,26.3,254,0,12,00,0,0
1630679119442,4.081,80,26.3,254,0,12,00,0,0
1630679120442,4.081,80,26.3,254,2,12,00,0,0
1630679121442,4.081,80,26.3,254,0,12,00,0,0
1630679122442,4.081,80,26.3,254,0,12,00,0,0
1630679123442,4.081,80,26.3,254,0,12,00,0,0
1630679124442,4.081,80,26.3,254,0,12,00,0,0
1630679125442,4.081,80,26.3,254,0,12,00,0,0
1630679126442,4.081,80,26.3,254,0,12,00,0,0
1630679127442,4.081,80,26.3,254,0,12,00,0,0
1630679128442,4.081,80,26.3,254,0,12,00,0,0
1630679129442,4.081,80,26.3,254,0,12,00,0,0
1630679130442,4.081,80,26.3,254,0,12,00,0,0
1630679131442,4.081,80,26.3,254,0,12,00,0,0
1630679132442,4.081,80,26.3,254,0,12,00,0,0
1630679133442,4.081,80,26.3,254,0,12,00,0,0
1630679134442,4.081,80,26.3,254,0,12,00,0,0
1630679135442,4.081,80,26.3,254,0,12,00,0,0
1630679136442,4.081,80,26.4,254,0,12,00,0,0
1630679137442,4.081,80,26.4,254,0,12,00,0,0
1630679138442,4.081,80,26.4,254,0,12,00,0,0
1630679139442,4.081,80,26.4,254,0,12,00,0,0
1630679140442,4.081,80,26.4,254,0,12,00,0,0
1630679141442,4.081,80,26.4,254,0,12,00,0,0
1630679142442,4.081,80,26.5,254,0,12,00,0,0
1630679143442,4.081,80,26.5,254,0,12,00,0,0
1630679144442,4.081,80,26.5,254,4,12,00,0,0
1630679145442,4.081,80,26.5,254,2,12,00,0,0
1630679146442,4.08,80,26.5,254,0,12,00,0,0
1630679147442,4.08,80,26.5,254,3,12,00,0,0
1630679148442,4.08,80,26.5,254,2,12,00,0,0
1630679149442,4.08,80,26.5,254,4,12,00,0,0
1630679150442,4.08,80,26.5,254,3,12,00,0,0
1630679151442,4.08,80,26.5,254,0,12,00,0,0
1630679152442,4.08,80,26.5,254,3,12,00,0,0
1630679153442,4.08,80,26.5,254,2,12,00,0,0
1630679154442,4.08,80,26.5,254,0,12,00,0,0
1630679155442,4.08,80,26.6,254,0,12,00,0,0
1630679156442,4.08,80,26.6,254,2,12,00,0,0
1630679157442,4.08,80,26.6,254,0,12,00,0,0
1630679158442,4.08,80,26.6,254,0,12,00,0,0
1630679159442,4.08,80,26.6,254,2,12,00,0,0
1630679160442,4.08,80,26.6,254,3,12,00,0,0
1630679161442,4.08,80,26.6,254,4,12,00,0,0
1630679162442,4.08,80,26.6,254,3,12,00,0,0
1630679163442,4.08,80,26.6,254,0,12,00,0,0
1630679164442,4.08,80,26.6,254,0,12,00,0,0
1630679165442,4.08,80,26.7,254,0,12,00,0,0
1630679166442,4.08,80,26.7,254,3,12,00,0,0
1630679167442,4.08,80,26.7,254,0,12,00,0,0
1630679168442,4.08,80,26.7,254,0,12,00,0,0
1630679169442,4.08,80,26.7,254,0,12,00,0,0
1630679170442,4.08,80,26.7,254,0,12,00,0,0
1630679171442,4.08,80,26.7,254,0,12,00,0,0
1630679172442,4.08,80,26.7,254,2,12,00,0,0
1630679173442,4.08,80,26.7,254,0,12,00,0,0
1630679174442,4.08,80,26.7,254,0,12,00,0,0
1630679175442,4.08,80,26.7,254,0,12,00,0,0
1630679176442,4.08,80,26.7,254,0,12,00,0,0
1630679177442,4.08,80,26.7,254,0,12,00,0,0
1630679178442,4.08,80,26.7,254,0,12,00,0,0
1630679179442,4.08,80,26.7,254,0,12,00,0,0
1630679180442,4.08,80,26.7,254,8,12,00,0,0
1630679181442,4.08,80,26.7,254,0,12,00,0,0
1630679182442,4.08,80,26.7,254,0,12,00,0,0
1630679183442,4.08,80,26.7,254,6,12,00,0,0
1630679184442,4.08,80,26.7,254,0,12,00,0,0
1630679185442,4.08,80,26.7,254,5,12,00,0,0
1630679186442,4.08,80,26.7,254,3,12,00,0,0
1630679187442,4.08,80,26.7,254,0,12,00,0,0
1630679188442,4.08,80,26.7,254,0,12,00,0,0
1630679189442,4.08,80,26.7,254,1,12,00,0,0
1630679190442,4.08,80,26.7,254,0,12,00,0,0
1630679191442,4.08,80,26.7,254,0,12,00,0,0
1630679192442,4.08,80,26.7,254,0,12,00,0,0
1630679193442,4.08,80,26.7,254,0,12,00,0,0
1630679194442,4.08,80,26.7,254,2,12,00,0,0
1630679195442,4.08,80,26.8,254,0,12,00,0,0
1630679196442,4.08,80,26.8,254,3,12,00,0,0
1630679197442,4.08,80,26.8,254,0,12,00,0,0
1630679198442,4.08,80,26.8,254,0,12,00,0,0
1630679199442,4.08,80,26.8,254,2,12,00,0,0
1630679200442,4.08,80,26.8,254,0,12,00,0,0
1630679201442,4.08,80,26.8,254,0,12,00,0,0
1630679202442,4.08,80,26.8,254,1,12,00,0,0
1630679203442,4.08,80,26.8,254,1,12,00,0,0
1630679204442,4.08,80,26.8,254,2,12,00,0,0
1630679205442,4.08,80,26.8,254,3,12,00,0,0
1630679206442,4.08,80,26.8,254,2,12,00,0,0
1630679207442,4.08,80,26.8,254,0,12,00,0,0
1630679208442,4.08,80,26.8,254,4,12,00,0,0
1630679209442,4.08,80,26.8,254,0,12,00,0,0
1630679210442,4.08,80,26.8,254,0,12,00,0,0
1630679211442,4.08,80,26.8,254,0,12,00,0,0
1630679212442,4.08,80,26.8,254,0,12,00,0,0
1630679213442,4.08,80,26.8,254,4,12,00,0,0
1630679214442,4.08,80,26.8,254,0,12,00,0,0
1630679215442,4.08,80,26.8,254,3,12,00,0,0
1630679216442,4.08,80,26.8,254,3,12,00,0,0
1630679217442,4.08,80,26.8,254,3,12,00,0,0
1630679218442,4.08,80,26.8,254,0,12,00,0,0
1630679219442,4.08,80,26.8,254,0,12,00,0,0
1630679220442,4.08,80,26.8,254,0,12,00,0,0
1630679221442,4.08,80,26.8,254,0,12,00,0,0
1630679222442,4.08,80,26.8,254,0,12,00,0,0
1630679223442,4.08,80,26.8,254,0,12,00,0,0
1630679224442,4.08,80,26.8,254,0,12,00,0,0
1630679225442,4.08,80,26.8,254,0,12,00,0,0
1630679226442,4.08,80,26.8,254,0,12,00,0,0
1630679227442,4.08,80,26.8,254,3,12,00,0,0
1630679228442,4.08,80,26.8,254,0,12,00,0,0
1630679229442,4.08,80,26.8,254,0,12,00,0,0
1630679230442,4.08,80,26.8,254,4,12,00,0,0
1630679231442,4.08,80,26.8,254,0,12,00,0,0
1630679232442,4.08,80,26.8,254,1,12,00,0,0
1630679233442,4.08,80,26.8,254,0,12,00,0,0
1630679234442,4.08,80,26.8,254,0,12,00,0,0
1630679235442,4.08,80,26.8,254,0,12,00,0,0
1630679236442,4.08,80,26.8,254,0,12,00,0,0
1630679237442,4.08,80,26.8,254,0,12,00,0,0
1630679238442,4.08,80,26.8,254,0,12,00,0,0
1630679239442,4.08,80,26.8,254,4,12,00,0,0
1630679240442,4.08,80,26.8,254,0,12,00,0,0
1630679241442,4.08,80,26.8,254,0,12,00,0,0
1630679242442,4.08,80,26.8,254,0,12,00,0,0
1630679243442,4.08,80,26.9,254,0,12,00,0,0
1630679244442,4.08,80,26.9,254,5,12,00,0,0
1630679245442,4.08,80,26.9,254,0,12,00,0,0
1630679246442,4.08,80,26.9,254,0,12,00,0,0
1630679247442,4.08,80,26.9,254,0,12,00,0,0
1630679248442,4.08,80,26.9,254,0,12,00,0,0
1630679249442,4.08,80,26.9,254,1,12,00,0,0
1630679250442,4.08,80,26.9,254,5,12,00,0,0
1630679251442,4.08,80,26.9,254,0,12,00,0,0
1630679252442,4.08,80,26.9,254,4,12,00,0,0
1630679253442,4.08,80,26.9,254,5,12,00,0,0
1630679254442,4.08,80,26.9,254,3,12,00,0,0
1630679255442,4.08,80,26.9,254,5,12,00,0,0
1630679256442,4.08,80,26.9,254,5,12,00,0,0
1630679257442,4.08,80,26.9,254,0,12,00,0,0
1630679258442,4.08,80,26.9,254,4,12,00,0,0
1630679259442,4.08,80,26.9,254,0,12,00,0,0
1630679260442,4.08,80,26.9,254,0,12,00,0,0
1630679261442,4.08,80,26.9,254,0,12,00,0,0
1630679262442,4.08,80,27.0,254,0,12,00,0,0
1630679263442,4.08,80,27.0,254,1,12,00,0,0
1630679264442,4.08,80,27.0,254,0,12,00,0,0
1630679265442,4.08,80,27.0,254,5,12,00,0,0
1630679266442,4.08,80,27.0,254,0,12,00,0,0
1630679267442,4.08,80,27.0,254,0,12,00,0,0
1630679268442,4.08,80,27.0,254,0,12,00,0,0
1630679269442,4.08,80,27.0,254,3,12,00,0,0
1630679270442,4.08,80,27.0,254,0,12,00,0,0
1630679271442,4.08,80,27.0,254,0,12,00,0,0
1630679272442,4.08,80,27.0,254,0,12,00,0,0
1630679273442,4.08,80,27.0,254,0,12,00,0,0
1630679274442,4.08,80,27.0,254,0,12,00,0,0
1630679275442,4.08,80,27.0,254,0,12,00,0,0
1630679276442,4.08,80,27.0,254,5,12,00,0,0
1630679277442,4.08,80,27.0,254,0,12,00,0,0
1630679278442,4.08,80,27.0,254,0,12,00,0,0
1630679279442,4.08,80,27.0,254,0,12,00,0,0
1630679280442,4.08,80,27.0,254,1,12,00,0,0
1630679281442,4.08,80,27.0,254,0,12,00,0,0
1630679282442,4.08,80,27.0,254,4,12,00,0,0
1630679283442,4.08,80,27.0,254,0,12,00,0,0
1630679284442,4.08,80,27.0,254,0,12,00,0,0
1630679285442,4.08,80,27.0,254,0,12,00,0,0
1630679286442,4.08,80,27.0,254,0,12,00,0,0
1630679287442,4.08,80,27.0,254,0,12,00,0,0
1630679288442,4.08,80,27.0,254,5,12,00,0,0
1630679289442,4.08,80,27.0,254,0,12,00,0,0
1630679290442,4.08,80,27.0,254,0,12,00,0,0
1630679291442,4.08,80,27.0,254,0,12,00,0,0
1630679292442,4.079,79,27.0,254,0,12,00,0,0
1630679293442,4.079,79,27.0,254,0,12,00,0,0
1630679294442,4.079,79,27.0,254,3,12,00,0,0
1630679295442,4.079,79,27.0,254,0,12,00,0,0
1630679296442,4.079,79,27.0,254,0,12,00,0,0
1630679297442,4.079,79,27.0,254,0,12,00,0,0
1630679298442,4.079,79,27.0,254,0,12,00,0,0
1630679299442,4.079,79,27.0,254,0,12,00,0,0
1630679300442,4.079,79,27.0,254,0,12,00,0,0
1630679301442,4.079,79,27.0,254,0,12,00,0,0
1630679302442,4.079,79,27.0,254,0,12,00,0,0
1630679303442,4.079,79,27.0,254,0,12,00,0,0
1630679304442,4.079,79,27.0,254,3,12,00,0,0
1630679305442,4.079,79,27.0,254,0,12,00,0,0
1630679306442,4.079,79,27.0,254,0,12,00,0,0
1630679307442,4.079,79,27.0,254,0,12,00,0,0
1630679308442,4.079,79,27.0,254,4,12,00,0,0
1630679309442,4.079,79,27.0,254,0,12,00,0,0
1630679310442,4.079,79,27.1,254,0,12,00,0,0
1630679311442,4.079,79,27.1,254,0,12,00,0,0
1630679312442,4.079,79,27.1,254,3,12,00,0,0
1630679313442,4.079,79,27.1,254,3,12,00,0,0
1630679314442,4.079,79,27.1,254,0,12,00,0,0
1630679315442,4.079,79,27.1,254,0,12,00,0,0
1630679316442,4.079,79,27.1,254,0,12,00,0,0
1630679317442,4.079,79,27.1,254,0,12,00,0,0
1630679318442,4.079,79,27.1,254,0,12,00,0,0
1630679319442,4.079,79,27.1,254,0,12,00,0,0
1630679320442,4.079,79,27.1,254,0,12,00,0,0
1630679321442,4.079,79,27.1,254,0,12,00,0,0
1630679322442,4.079,79,27.1,254,0,12,00,0,0
1630679323442,4.079,79,27.1,254,0,12,00,0,0
1630679324442,4.079,79,27.1,254,0,12,00,0,0
1630679325442,4.079,79,27.1,254,0,12,00,0,0
1630679326442,4.079,79,27.1,254,6,12,00,0,0
1630679327442,4.079,79,27.1,254,0,12,00,0,0
1630679328442,4.079,79,27.1,254,0,12,00,0,0
1630679329442,4.079,79,27.1,254,4,12,00,0,0
1630679330442,4.079,79,27.1,254,0,12,00,0,0
1630679331442,4.079,79,27.1,254,0,12,00,0,0
1630679332442,4.079,79,27.1,254,0,12,00,0,0
1630679333442,4.079,79,27.1,254,0,12,00,0,0
1630679334442,4.079,79,27.1,254,0,12,00,0,0
1630679335442,4.079,79,27.1,254,1,12,00,0,0
1630679336442,4.079,79,27.1,254,0,12,00,0,0
1630679337442,4.079,79,27.1,254,3,12,00,0,0
1630679338442,4.079,79,27.1,254,0,12,00,0,0
1630679339442,4.079,79,27.1,254,0,12,00,0,0
1630679340442,4.079,79,27.1,254,6,12,00,0,0
1630679341442,4.079,79,27.1,254,1,12,00,0,0
1630679342442,4.079,79,27.1,254,5,12,00,0,0
1630679343442,4.079,79,27.1,254,0,12,00,0,0
1630679344442,4.079,79,27.1,254,0,12,00,0,0
1630679345442,4.079,79,27.1,254,0,12,00,0,0
1630679346442,4.079,79,27.1,254,0,12,00,0,0
1630679347442,4.079,79,27.1,254,0,12,00,0,0
1630679348442,4.079,79,27.1,254,0,12,00,0,0
1630679349442,4.079,79,27.1,254,5,12,00,0,0
1630679350442,4.078,79,27.1,254,6,12,00,0,0
1630679351442,4.078,79,27.1,254,1,12,00,0,0
1630679352442,4.078,79,27.1,254,5,12,00,0,0
1630679353442,4.078,79,27.1,254,3,12,00,0,0
1630679354442,4.078,79,27.1,254,6,12,00,0,0
1630679355442,4.078,79,27.1,254,0,12,00,0,0
1630679356442,4.078,79,27.1,254,0,12,00,0,0
1630679357442,4.078,79,27.1,254,0,12,00,0,0
1630679358442,4.078,79,27.2,254,0,12,00,0,0
1630679359442,4.078,79,27.2,254,0,12,00,0,0
1630679360442,4.078,79,27.2,254,3,12,00,0,0
1630679361442,4.078,79,27.2,254,1,12,00,0,0
1630679362442,4.078,79,27.2,254,0,12,00,0,0
1630679363442,4.078,79,27.2,254,3,12,00,0,0
1630679364442,4.078,79,27.2,254,0,12,00,0,0
1630679365442,4.078,79,27.2,254,0,12,00,0,0
1630679366442,4.078,79,27.2,254,1,12,00,0,0
1630679367442,4.078,79,27.2,254,1,12,00,0,0
1630679368442,4.078,79,27.2,254,2,12,00,0,0
1630679369442,4.078,79,27.3,254,0,12,00,0,0
1630679370442,4.078,79,27.3,254,0,12,00,0,0
1630679371442,4.078,79,27.3,254,5,12,00,0,0
1630679372442,4.078,79,27.3,190,0,12,00,0,0
1630679373442,4.078,79,27.3,254,4,12,00,0,0
1630679374442,4.078,79,27.3,254,4,12,00,0,0
1630679375442,4.078,79,27.3,254,0,12,00,0,0
1630679376442,4.078,79,27.3,254,1,12,00,0,0
1630679377442,4.078,79,27.3,254,0,12,00,0,0
1630679378442,4.078,79,27.3,254,0,12,00,0,0
1630679379442,4.078,79,27.3,254,1,12,00,0,0
1630679380442,4.078,79,27.3,254,2,12,00,0,0
1630679381442,4.078,79,27.3,254,4,12,00,0,0
1630679382442,4.078,79,27.3,254,1,12,00,0,0
1630679383442,4.078,79,27.3,254,4,12,00,0,0
1630679384442,4.078,79,27.3,254,0,12,00,0,0
1630679385442,4.078,79,27.3,254,3,12,00,0,0
1630679386442,4.078,79,27.3,254,1,12,00,0,0
1630679387442,4.078,79,27.3,254,2,12,00,0,0
1630679388442,4.078,79,27.3,254,0,12,00,0,0
1630679389442,4.078,79,27.3,254,0,12,00,0,0
1630679390442,4.078,79,27.3,254,1,12,00,0,0
1630679391442,4.078,79,27.3,254,2,12,00,0,0
1630679392442,4.078,79,27.3,254,0,12,00,0,0
1630679393442,4.078,79,27.3,254,4,12,00,0,0
1630679394442,4.078,79,27.3,254,0,12,00,0,0
1630679395442,4.078,79,27.3,254,0,12,00,0,0
1630679396442,4.078,79,27.3,254,2,12,00,0,0
1630679397442,4.078,79,27.3,254,0,12,00,0,0
1630679398442,4.078,79,27.3,254,0,12,00,0,0
1630679399442,4.078,79,27.3,254,0,12,00,0,0
1630679400442,4.078,79,27.3,254,0,12,00,0,0
1630679401442,4.078,79,27.3,254,0,12,00,0,0
1630679402442,4.078,79,27.3,215,0,12,00,0,0
1630679403442,4.078,79,27.3,254,0,12,00,0,0
1630679404442,4.078,79,27.3,254,0,12,00,0,0
1630679405442,4.078,79,27.3,254,0,12,00,0,0
1630679406442,4.078,79,27.3,254,0,12,00,0,0
1630679407442,4.078,79,27.3,254,0,12,00,0,0
1630679408442,4.078,79,27.3,254,0,12,00,0,0
1630679409442,4.078,79,27.3,254,0,12,00,0,0
1630679410442,4.078,79,27.3,254,0,12,00,0,0
1630679411442,4.078,79,27.3,254,0,12,00,0,0
1630679412442,4.078,79,27.3,254,0,12,00,0,0
1630679413442,4.078,79,27.3,254,0,12,00,0,0
1630679414442,4.078,79,27.3,254,0,12,00,0,0
1630679415442,4.078,79,27.3,254,0,12,00,0,0
1630679416442,4.078,79,27.3,254,0,12,00,0,0
1630679417442,4.078,79,27.3,254,0,12,00,0,0
1630679418442,4.078,79,27.3,254,0,12,00,0,0
1630679419442,4.078,79,27.4,254,0,12,00,0,0
1630679420442,4.078,79,27.4,254,-2,12,00,0,0
1630679421442,4.078,79,27.4,254,0,12,00,0,0
1630679422442,4.078,79,27.4,254,0,12,00,0,0
1630679423442,4.078,79,27.4,254,0,12,00,0,0
1630679424442,4.078,79,27.4,215,0,12,00,0,0
1630679425442,4.078,79,27.4,254,0,12,00,0,0
1630679426442,4.078,79,27.4,254,0,12,00,0,0
1630679427442,4.077,79,27.4,254,0,12,00,0,0
1630679428442,4.076,79,27.4,254,0,12,00,0,0
1630679429442,4.076,79,27.4,254,0,12,00,0,0
1630679430442,4.076,79,27.4,254,0,12,00,0,0
1630679431442,4.076,79,27.5,254,0,12,00,0,0
1630679432442,4.076,79,27.5,254,0,12,00,0,0
1630679433442,4.076,79,27.5,254,0,12,00,0,0
1630679434442,4.076,79,27.5,254,0,12,00,0,0
1630679435442,4.076,79,27.5,254,0,12,00,0,0
1630679436442,4.076,79,27.5,155,0,12,00,0,0
1630679437442,4.076,79,27.5,254,0,12,00,0,0
1630679438442,4.076,79,27.5,254,0,12,00,0,0
1630679439442,4.076,79,27.5,254,0,12,00,0,0
1630679440442,4.076,79,27.5,254,0,12,00,0,0
1630679441442,4.076,79,27.5,254,0,12,00,0,0
1630679442442,4.076,79,27.5,254,0,12,00,0,0
1630679443442,4.076,79,27.5,254,0,12,00,0,0
1630679444442,4.076,79,27.5,254,0,12,00,0,0
1630679445442,4.076,79,27.5,254,-2,12,00,0,0
1630679446442,4.076,79,27.5,254,0,12,00,0,0
1630679447442,4.076,79,27.5,254,0,12,00,0,0
1630679448442,4.076,79,27.5,254,0,12,00,0,0
1630679449442,4.076,79,27.5,254,0,12,00,0,0
1630679450442,4.076,79,27.5,254,0,12,00,0,0
1630679451442,4.076,79,27.5,235,0,12,00,0,0
1630679452442,4.076,79,27.5,254,0,12,00,0,0
1630679453442,4.076,79,27.5,175,0,12,00,0,0
1630679454442,4.076,79,27.5,254,0,12,00,0,0
1630679455442,4.076,79,27.5,254,0,12,00,0,0
1630679456442,4.076,79,27.6,195,-1,12,00,0,0
1630679457442,4.076,79,27.6,254,0,12,00,0,0
1630679458442,4.076,79,27.6,254,0,12,00,0,0
1630679459442,4.076,79,27.6,254,0,12,00,0,0
1630679460442,4.076,79,27.6,254,0,12,00,0,0
1630679461442,4.076,79,27.6,254,0,12,00,0,0
1630679462442,4.076,79,27.6,254,0,12,00,0,0
1630679463442,4.076,79,27.6,254,0,12,00,0,0
1630679464442,4.076,79,27.6,254,0,12,00,0,0
1630679465442,4.076,79,27.6,175,0,12,00,0,0
1630679466442,4.076,79,27.6,254,-4,12,00,0,0
1630679467442,4.076,79,27.6,254,-5,12,00,0,0
1630679468442,4.076,79,27.6,254,0,12,00,0,0
1630679469442,4.076,79,27.6,254,0,12,00,0,0
1630679470442,4.076,79,27.6,254,0,12,00,0,0
1630679471442,4.076,79,27.6,215,0,12,00,0,0
1630679472442,4.076,79,27.6,254,0,12,00,0,0
1630679473442,4.076,79,27.6,254,0,12,00,0,0
1630679474442,4.076,79,27.6,254,0,12,00,0,0
1630679475442,4.075,79,27.7,155,0,12,00,0,0
1630679476442,4.075,79,27.7,254,0,12,00,0,0
1630679477442,4.075,79,27.7,254,0,12,00,0,0
1630679478442,4.075,79,27.7,254,-14,12,00,0,0
1630679479442,4.075,79,27.7,254,0,12,00,0,0
1630679480442,4.075,79,27.7,254,0,12,00,0,0
1630679481442,4.075,79,27.7,254,-16,12,00,0,0
1630679482442,4.075,79,27.8,254,0,12,00,0,0
1630679483442,4.075,79,27.8,254,0,12,00,0,0
1630679484442,4.075,79,27.8,254,-6,12,00,0,0
1630679485442,4.075,79,27.8,254,0,12,00,0,0
1630679486442,4.075,79,27.8,254,0,12,00,0,0
1630679487442,4.075,79,27.8,254,0,12,00,0,0
1630679488442,4.075,79,27.8,254,-7,12,00,0,0
1630679489442,4.075,79,27.8,254,0,12,00,0,0
1630679490442,4.075,79,27.8,254,0,12,00,0,0
1630679491442,4.075,79,27.8,254,0,12,00,0,0
1630679492442,4.075,79,27.8,254,-2,12,00,0,0
1630679493442,4.075,79,27.8,254,0,12,00,0,0
1630679494442,4.075,79,27.9,175,0,12,00,0,0
1630679495442,4.075,79,27.9,235,0,12,00,0,0
1630679496442,4.075,79,27.9,254,0,12,00,0,0
1630679497442,4.075,79,27.9,254,0,12,00,0,0
1630679498442,4.075,79,27.9,254,0,12,00,0,0
1630679499442,4.075,79,27.9,254,0,12,00,0,0
1630679500442,4.075,79,27.9,254,0,12,00,0,0
1630679501442,4.075,79,27.9,254,0,12,00,0,0
1630679502442,4.075,79,27.9,254,0,12,00,0,0
1630679503442,4.075,79,27.9,254,0,12,00,0,0
1630679504442,4.075,79,27.9,254,0,12,00,0,0
1630679505442,4.075,79,27.9,254,0,12,00,0,0
1630679506442,4.075,79,27.9,254,-26,12,00,0,0
1630679507442,4.075,79,27.9,254,0,12,00,0,0
1630679508442,4.075,79,27.9,195,0,12,00,0,0
1630679509442,4.075,79,27.9,254,0,12,00,0,0
1630679510442,4.075,79,27.9,254,0,12,00,0,0
1630679511442,4.075,79,27.9,254,0,12,00,0,0
1630679512442,4.075,79,27.9,254,0,12,00,0,0
1630679513442,4.075,79,27.9,254,0,12,00,0,0
1630679514442,4.075,79,27.9,254,-6,12,00,0,0
1630679515442,4.075,79,27.9,254,0,12,00,0,0
1630679516442,4.075,79,27.9,254,-10,12,00,0,0
1630679517442,4.075,79,27.9,254,0,12,00,0,0
1630679518442,4.075,79,27.9,254,0,12,00,0,0
1630679519442,4.075,79,27.9,35,0,12,00,0,0
1630679520442,4.075,79,27.9,254,0,12,00,0,0
1630679521442,4.075,79,27.9,254,0,12,00,0,0
1630679522442,4.075,79,27.9,254,0,12,00,0,0
1630679523442,4.075,79,27.9,254,0,12,00,0,0
1630679524442,4.075,79,27.9,235,0,12,00,0,0
1630679525442,4.075,79,27.9,254,0,12,00,0,0
1630679526442,4.075,79,27.9,254,0,12,00,0,0
1630679527442,4.075,79,27.9,254,0,12,00,0,0
1630679528442,4.075,79,27.9,254,-1,12,00,0,0
1630679529442,4.075,79,27.9,254,0,12,00,0,0
1630679530442,4.075,79,27.9,254,0,12,00,0,0
1630679531442,4.075,79,27.9,254,0,12,00,0,0
1630679532442,4.075,79,27.9,235,0,12,00,0,0
1630679533442,4.075,79,27.9,254,0,12,00,0,0
1630679534442,4.074,79,27.9,254,0,12,00,0,0
1630679535442,4.074,79,27.9,254,0,12,00,0,0
1630679536442,4.074,79,27.9,254,0,12,00,0,0
1630679537442,4.074,79,27.9,254,0,12,00,0,0
1630679538442,4.074,79,27.9,254,0,12,00,0,0
1630679539442,4.074,79,28.0,254,-10,12,00,0,0
1630679540442,4.074,79,28.0,254,-2,12,00,0,0
1630679541442,4.074,79,28.0,254,0,12,00,0,0
1630679542442,4.074,79,28.0,254,0,12,00,0,0
1630679543442,4.074,79,28.0,175,0,12,00,0,0
1630679544442,4.074,79,28.0,254,0,12,00,0,0
1630679545442,4.074,79,28.1,254,0,12,00,0,0
1630679546442,4.074,79,28.1,254,0,12,00,0,0
1630679547442,4.074,79,28.1,215,0,12,00,0,0
1630679548442,4.074,79,28.1,235,0,12,00,0,0
1630679549442,4.074,79,28.1,254,0,12,00,0,0
1630679550442,4.074,79,28.1,254,0,12,00,0,0
1630679551442,4.074,79,28.1,254,0,12,00,0,0
1630679552442,4.074,79,28.1,254,0,12,00,0,0
1630679553442,4.074,79,28.1,254,0,12,00,0,0
1630679554442,4.074,79,28.1,254,0,12,00,0,0
1630679555442,4.074,79,28.1,254,0,12,00,0,0
1630679556442,4.074,79,28.1,254,0,12,00,0,0
1630679557442,4.074,79,28.1,254,0,12,00,0,0
1630679558442,4.074,79,28.1,254,0,12,00,0,0
1630679559442,4.074,79,28.1,254,0,12,00,0,0
1630679560442,4.074,79,28.1,235,0,12,00,0,0
1630679561442,4.074,79,28.1,254,0,12,00,0,0
1630679562442,4.074,79,28.1,235,0,12,00,0,0
1630679563442,4.074,79,28.1,254,-2,12,00,0,0
1630679564442,4.074,79,28.1,254,0,12,00,0,0
1630679565442,4.074,79,28.1,254,0,12,00,0,0
1630679566442,4.074,79,28.1,195,0,12,00,0,0
1630679567442,4.074,79,28.1,254,0,12,00,0,0
1630679568442,4.074,79,28.1,254,0,12,00,0,0
1630679569442,4.074,79,28.1,254,0,12,00,0,0
1630679570442,4.074,79,28.1,254,0,12,00,0,0
1630679571442,4.074,79,28.1,254,0,12,00,0,0
1630679572442,4.074,79,28.1,254,0,12,00,0,0
1630679573442,4.074,79,28.1,254,0,12,00,0,0
1630679574442,4.074,79,28.1,254,0,12,00,0,0
1630679575442,4.074,79,28.1,254,0,12,00,0,0
1630679576442,4.074,79,28.1,254,0,12,00,0,0
1630679577442,4.074,79,28.1,254,0,12,00,0,0
1630679578442,4.074,79,28.1,254,0,12,00,0,0
1630679579442,4.074,79,28.1,254,-2,12,00,0,0
1630679580442,4.074,79,28.1,254,0,12,00,0,0
1630679581442,4.074,79,28.1,254,0,12,00,0,0
1630679582442,4.074,79,28.2,254,0,12,00,0,0
1630679583442,4.074,79,28.2,254,0,12,00,0,0
1630679584442,4.074,79,28.2,254,-1,12,00,0,0
1630679585442,4.074,79,28.2,254,0,12,00,0,0
1630679586442,4.074,79,28.2,254,-2,12,00,0,0
1630679587442,4.074,79,28.2,254,-1,12,00,0,0
1630679588442,4.074,79,28.2,254,0,12,00,0,0
1630679589442,4.074,79,28.2,215,0,12,00,0,0
1630679590442,4.074,79,28.2,254,0,12,00,0,0
1630679591442,4.074,79,28.2,254,0,12,00,0,0
1630679592442,4.074,79,28.2,254,0,12,00,0,0
1630679593442,4.074,79,28.2,254,0,12,00,0,0
1630679594442,4.074,79,28.2,254,0,12,00,0,0
1630679595442,4.074,79,28.2,254,0,12,00,0,0
1630679596442,4.074,79,28.2,254,-15,12,00,0,0
1630679597442,4.074,79,28.2,254,0,12,00,0,0
1630679598442,4.074,79,28.2,254,0,12,00,0,0
1630679599442,4.074,79,28.2,254,0,12,00,0,0
1630679600442,4.074,79,28.2,254,0,12,00,0,0
1630679601442,4.074,79,28.2,254,0,12,00,0,0
1630679602442,4.074,79,28.3,235,0,12,00,0,0
1630679603442,4.074,79,28.3,135,0,12,00,0,0
1630679604442,4.074,79,28.3,254,0,12,00,0,0
1630679605442,4.074,79,28.3,254,0,12,00,0,0
1630679606442,4.074,79,28.3,254,0,12,00,0,0
1630679607442,4.074,79,28.3,254,0,12,00,0,0
1630679608442,4.074,79,28.3,254,0,12,00,0,0
1630679609442,4.074,79,28.3,254,0,12,00,0,0
1630679610442,4.074,79,28.3,254,0,12,00,0,0
1630679611442,4.074,79,28.3,254,0,12,00,0,0
1630679612442,4.074,79,28.3,254,0,12,00,0,0
1630679613442,4.074,79,28.3,254,0,12,00,0,0
1630679614442,4.074,79,28.3,254,0,12,00,0,0
1630679615442,4.074,79,28.3,254,0,12,00,0,0
1630679616442,4.074,79,28.3,254,-6,12,00,0,0
1630679617442,4.074,79,28.3,254,0,12,00,0,0
1630679618442,4.074,79,28.3,254,0,12,00,0,0
1630679619442,4.074,79,28.3,254,0,12,00,0,0
1630679620442,4.074,79,28.3,254,0,12,00,0,0
1630679621442,4.074,79,28.3,254,0,12,00,0,0
1630679622442,4.074,79,28.3,195,0,12,00,0,0
1630679623442,4.074,79,28.3,254,0,12,00,0,0
1630679624442,4.074,79,28.3,254,0,12,00,0,0
1630679625442,4.074,79,28.3,254,0,12,00,0,0
1630679626442,4.074,79,28.3,254,0,12,00,0,0
1630679627442,4.074,79,28.3,135,0,12,00,0,0
1630679628442,4.074,79,28.3,254,0,12,00,0,0
1630679629442,4.074,79,28.3,254,0,12,00,0,0
1630679630442,4.074,79,28.3,254,0,12,00,0,0
1630679631442,4.074,79,28.3,254,0,12,00,0,0
1630679632442,4.074,79,28.3,254,0,12,00,0,0
1630679633442,4.074,79,28.3,254,0,12,00,0,0
1630679634442,4.074,79,28.3,254,0,12,00,0,0
1630679635442,4.074,79,28.3,254,0,12,00,0,0
1630679636442,4.074,79,28.3,254,0,12,00,0,0
1630679637442,4.074,79,28.3,254,0,12,00,0,0
1630679638442,4.074,79,28.3,254,0,12,00,0,0
1630679639442,4.074,79,28.3,215,0,12,00,0,0
1630679640442,4.074,79,28.3,254,0,12,00,0,0
1630679641442,4.073,78,28.3,254,-3,12,00,0,0
1630679642442,4.073,78,28.3,254,0,12,00,0,0
1630679643442,4.073,78,28.3,254,0,12,00,0,0
1630679644442,4.073,78,28.3,155,0,12,00,0,0
1630679645442,4.073,78,28.3,254,0,12,00,0,0
1630679646442,4.073,78,28.3,254,0,12,00,0,0
1630679647442,4.073,78,28.3,254,0,12,00,0,0
1630679648442,4.073,78,28.3,254,0,12,00,0,0
1630679649442,4.073,78,28.3,254,0,12,00,0,0
1630679650442,4.073,78,28.3,254,0,12,00,0,0
1630679651442,4.073,78,28.3,254,0,12,00,0,0
1630679652442,4.073,78,28.3,254,5,12,00,0,0
1630679653442,4.073,78,28.3,254,0,12,00,0,0
1630679654442,4.073,78,28.3,254,1,12,00,0,0
1630679655442,4.073,78,28.3,254,0,12,00,0,0
1630679656442,4.073,78,28.3,254,0,12,00,0,0
1630679657442,4.073,78,28.3,254,7,12,00,0,0
1630679658442,4.073,78,28.3,254,0,12,00,0,0
1630679659442,4.073,78,28.3,254,0,12,00,0,0
1630679660442,4.073,78,28.3,254,0,12,00,0,0
1630679661442,4.073,78,28.3,254,0,12,00,0,0
1630679662442,4.073,78,28.3,254,2,12,00,0,0
1630679663442,4.073,78,28.3,254,1,12,00,0,0
1630679664442,4.073,78,28.3,254,0,12,00,0,0
1630679665442,4.073,78,28.3,254,8,12,00,0,0
1630679666442,4.073,78,28.3,254,0,12,00,0,0
1630679667442,4.073,78,28.3,254,1,12,00,0,0
1630679668442,4.073,78,28.3,254,7,12,00,0,0
1630679669442,4.073,78,28.3,254,0,12,00,0,0
1630679670442,4.073,78,28.3,254,7,12,00,0,0
1630679671442,4.073,78,28.3,254,1,12,00,0,0
1630679672442,4.073,78,28.3,254,0,12,00,0,0
1630679673442,4.073,78,28.3,254,0,12,00,0,0
1630679674442,4.073,78,28.3,254,4,12,00,0,0
1630679675442,4.073,78,28.3,254,5,12,00,0,0
1630679676442,4.073,78,28.3,254,4,12,00,0,0
1630679677442,4.073,78,28.3,254,0,12,00,0,0
1630679678442,4.073,78,28.3,254,0,12,00,0,0
1630679679442,4.073,78,28.3,254,1,12,00,0,0
1630679680442,4.073,78,28.3,254,0,12,00,0,0
1630679681442,4.073,78,28.3,254,0,12,00,0,0
1630679682442,4.073,78,28.3,254,0,12,00,0,0
1630679683442,4.073,78,28.3,254,0,12,00,0,0
1630679684442,4.073,78,28.3,254,0,12,00,0,0
1630679685442,4.073,78,28.3,254,0,12,00,0,0
1630679686442,4.073,78,28.3,254,2,12,00,0,0
1630679687442,4.073,78,28.3,254,0,12,00,0,0
1630679688442,4.073,78,28.3,254,0,12,00,0,0
1630679689442,4.073,78,28.3,254,5,12,00,0,0
1630679690442,4.073,78,28.3,254,5,12,00,0,0
1630679691442,4.073,78,28.3,254,0,12,00,0,0
1630679692442,4.073,78,28.3,254,0,12,00,0,0
1630679693442,4.073,78,28.3,254,0,12,00,0,0
1630679694442,4.073,78,28.3,254,0,12,00,0,0
1630679695442,4.073,78,28.3,254,0,12,00,0,0
1630679696442,4.073,78,28.3,254,2,12,00,0,0
1630679697442,4.073,78,28.4,254,0,12,00,0,0
1630679698442,4.073,78,28.4,254,0,12,00,0,0
1630679699442,4.073,78,28.4,254,0,12,00,0,0
1630679700442,4.073,78,28.4,254,0,12,00,0,0
1630679701442,4.073,78,28.4,254,0,12,00,0,0
1630679702442,4.073,78,28.4,254,0,12,00,0,0
1630679703442,4.073,78,28.4,254,0,12,00,0,0
1630679704442,4.073,78,28.4,254,0,12,00,0,0
1630679705442,4.073,78,28.4,254,0,12,00,0,0
1630679706442,4.073,78,28.4,254,0,12,00,0,0
1630679707442,4.073,78,28.4,254,5,12,00,0,0
1630679708442,4.072,78,28.5,254,0,12,00,0,0
1630679709442,4.072,78,28.5,254,0,12,00,0,0
1630679710442,4.072,78,28.5,254,0,12,00,0,0
1630679711442,4.072,78,28.5,254,1,12,00,0,0
1630679712442,4.072,78,28.5,254,0,12,00,0,0
1630679713442,4.072,78,28.5,254,0,12,00,0,0
1630679714442,4.072,78,28.5,254,0,12,00,0,0
1630679715442,4.072,78,28.5,254,0,12,00,0,0
1630679716442,4.072,78,28.5,254,5,12,00,0,0
1630679717442,4.072,78,28.5,254,5,12,00,0,0
1630679718442,4.072,78,28.5,254,0,12,00,0,0
1630679719442,4.072,78,28.5,254,0,12,00,0,0
1630679720442,4.072,78,28.5,254,0,12,00,0,0
1630679721442,4.072,78,28.5,254,0,12,00,0,0
1630679722442,4.072,78,28.5,254,0,12,00,0,0
1630679723442,4.072,78,28.5,254,5,12,00,0,0
1630679724442,4.072,78,28.5,254,0,12,00,0,0
1630679725442,4.072,78,28.5,254,0,12,00,0,0
1630679726442,4.072,78,28.5,254,0,12,00,0,0
1630679727442,4.072,78,28.5,254,0,12,00,0,0
1630679728442,4.072,78,28.5,254,0,12,00,0,0
1630679729442,4.072,78,28.5,254,5,12,00,0,0
1630679730442,4.072,78,28.5,254,0,12,00,0,0
1630679731442,4.072,78,28.5,254,0,12,00,0,0
1630679732442,4.072,78,28.5,254,0,12,00,0,0
1630679733442,4.072,78,28.5,254,0,12,00,0,0
1630679734442,4.072,78,28.5,254,0,12,00,0,0
1630679735442,4.072,78,28.5,254,0,12,00,0,0
1630679736442,4.072,78,28.5,254,0,12,00,0,0
1630679737442,4.072,78,28.5,254,2,12,00,0,0
1630679738442,4.072,78,28.5,254,0,12,00,0,0
1630679739442,4.072,78,28.5,254,0,12,00,0,0
1630679740442,4.072,78,28.5,254,2,12,00,0,0
1630679741442,4.072,78,28.5,254,0,12,00,0,0
1630679742442,4.072,78,28.5,254,0,12,00,0,0
1630679743442,4.072,78,28.5,254,0,12,00,0,0
1630679744442,4.072,78,28.5,254,0,12,00,0,0
1630679745442,4.072,78,28.5,254,0,12,00,0,0
1630679746442,4.072,78,28.5,254,0,12,00,0,0
1630679747442,4.072,78,28.5,254,4,12,00,0,0
1630679748442,4.072,78,28.5,254,0,12,00,0,0
1630679749442,4.072,78,28.5,254,0,12,00,0,0
1630679750442,4.072,78,28.5,254,0,12,00,0,0
1630679751442,4.072,78,28.5,254,4,12,00,0,0
1630679752442,4.072,78,28.5,254,0,12,00,0,0
1630679753442,4.072,78,28.5,254,0,12,00,0,0
1630679754442,4.072,78,28.5,254,0,12,00,0,0
1630679755442,4.072,78,28.5,254,0,12,00,0,0
1630679756442,4.072,78,28.6,254,0,12,00,0,0
1630679757442,4.072,78,28.6,254,0,12,00,0,0
1630679758442,4.072,78,28.6,254,0,12,00,0,0
1630679759442,4.072,78,28.6,254,0,12,00,0,0
1630679760442,4.072,78,28.6,254,0,12,00,0,0
1630679761442,4.072,78,28.6,254,0,12,00,0,0
1630679762442,4.072,78,28.6,254,0,12,00,0,0
1630679763442,4.072,78,28.6,254,3,12,00,0,0
1630679764442,4.072,78,28.6,254,0,12,00,0,0
1630679765442,4.072,78,28.6,254,0,12,00,0,0
1630679766442,4.072,78,28.6,254,0,12,00,0,0
1630679767442,4.072,78,28.6,254,0,12,00,0,0
1630679768442,4.072,78,28.6,254,0,12,00,0,0
1630679769442,4.072,78,28.6,254,5,12,00,0,0
1630679770442,4.072,78,28.6,254,0,12,00,0,0
1630679771442,4.072,78,28.6,254,2,12,00,0,0
1630679772442,4.072,78,28.6,254,0,12,00,0,0
1630679773442,4.072,78,28.6,254,2,12,00,0,0
1630679774442,4.072,78,28.6,254,0,12,00,0,0
1630679775442,4.071,78,28.6,254,0,12,00,0,0
1630679776442,4.071,78,28.6,254,0,12,00,0,0
1630679777442,4.071,78,28.6,254,0,12,00,0,0
1630679778442,4.071,78,28.6,254,0,12,00,0,0
1630679779442,4.071,78,28.6,254,0,12,00,0,0
1630679780442,4.071,78,28.6,254,0,12,00,0,0
1630679781442,4.071,78,28.6,254,0,12,00,0,0
1630679782442,4.071,78,28.6,254,0,12,00,0,0
1630679783442,4.071,78,28.6,254,0,12,00,0,0
1630679784442,4.071,78,28.6,254,0,12,00,0,0
1630679785442,4.071,78,28.6,254,0,12,00,0,0
1630679786442,4.071,78,28.6,254,0,12,00,0,0
1630679787442,4.071,78,28.6,254,0,12,00,0,0
1630679788442,4.071,78,28.6,254,0,12,00,0,0
1630679789442,4.071,78,28.6,254,5,12,00,0,0
1630679790442,4.071,78,28.6,254,0,12,00,0,0
1630679791442,4.071,78,28.6,254,0,12,00,0,0
1630679792442,4.071,78,28.6,254,5,12,00,0,0
1630679793442,4.071,78,28.6,254,0,12,00,0,0
1630679794442,4.071,78,28.6,254,0,12,00,0,0
1630679795442,4.071,78,28.6,254,0,12,00,0,0
1630679796442,4.071,78,28.6,254,0,12,00,0,0
1630679797442,4.071,78,28.6,254,0,12,00,0,0
1630679798442,4.071,78,28.6,254,0,12,00,0,0
1630679799442,4.071,78,28.6,254,0,12,00,0,0
1630679800442,4.071,78,28.6,254,0,12,00,0,0
1630679801442,4.071,78,28.6,254,0,12,00,0,0
1630679802442,4.071,78,28.6,254,0,12,00,0,0
1630679803442,4.071,78,28.6,254,3,12,00,0,0
1630679804442,4.071,78,28.6,254,0,12,00,0,0
1630679805442,4.071,78,28.6,254,0,12,00,0,0
1630679806442,4.071,78,28.6,254,0,12,00,0,0
1630679807442,4.071,78,28.6,254,0,12,00,0,0
1630679808442,4.071,78,28.6,254,0,12,00,0,0
1630679809442,4.071,78,28.6,254,0,12,00,0,0
1630679810442,4.071,78,28.6,254,0,12,00,0,0
1630679811442,4.071,78,28.6,254,0,12,00,0,0
1630679812442,4.071,78,28.7,254,0,12,00,0,0
1630679813442,4.071,78,28.7,254,0,12,00,0,0
1630679814442,4.071,78,28.7,254,0,12,00,0,0
1630679815442,4.071,78,28.7,254,10,12,00,0,0
1630679816442,4.071,78,28.7,254,7,7,00,0,0
1630679817442,4.071,78,28.7,254,2,7,00,0,0
1630679818442,4.071,78,28.7,254,0,7,00,0,0
1630679819442,4.071,78,28.7,254,0,7,00,0,0
1630679820442,4.071,78,28.7,254,0,7,00,0,0
1630679821442,4.071,78,28.7,254,0,7,00,0,0
1630679822442,4.071,78,28.7,254,5,7,00,0,0
1630679823442,4.071,78,28.7,254,1,7,00,0,0
1630679824442,4.071,78,28.7,254,0,7,00,0,0
1630679825442,4.071,78,28.7,254,0,7,00,0,0
1630679826442,4.071,78,28.7,254,0,7,00,0,0
1630679827442,4.071,78,28.7,254,0,7,00,0,0
1630679828442,4.071,78,28.7,254,0,7,00,0,0
1630679829442,4.071,78,28.7,254,0,7,00,0,0
1630679830442,4.071,78,28.7,254,5,7,00,0,0
1630679831442,4.071,78,28.7,254,0,7,00,0,0
1630679832442,4.071,78,28.7,254,0,7,00,0,0
1630679833442,4.071,78,28.7,254,4,7,00,0,0
1630679834442,4.071,78,28.7,254,0,7,00,0,0
1630679835442,4.071,78,28.7,254,0,7,00,0,0
1630679836442,4.071,78,28.7,254,4,7,00,0,0
1630679837442,4.071,78,28.7,254,5,7,00,0,0
1630679838442,4.071,78,28.7,254,0,7,00,0,0
1630679839442,4.071,78,28.7,254,0,7,00,0,0
1630679840442,4.071,78,28.7,254,0,7,00,0,0
1630679841442,4.071,78,28.7,254,4,7,00,0,0
1630679842442,4.071,78,28.7,254,0,7,00,0,0
1630679843442,4.071,78,28.7,254,4,7,00,0,0
1630679844442,4.071,78,28.7,254,0,7,00,0,0
1630679845442,4.071,78,28.7,254,3,7,00,0,0
1630679846442,4.071,78,28.7,254,0,7,00,0,0
1630679847442,4.071,78,28.7,254,0,7,00,0,0
1630679848442,4.071,78,28.7,254,0,7,00,0,0
1630679849442,4.071,78,28.7,254,6,7,00,0,0
1630679850442,4.071,78,28.7,254,0,7,00,0,0
1630679851442,4.071,78,28.7,254,5,7,00,0,0
1630679852442,4.071,78,28.7,254,5,7,00,0,0
1630679853442,4.071,78,28.7,254,0,7,00,0,0
1630679854442,4.071,78,28.7,254,0,7,00,0,0
1630679855442,4.071,78,28.7,254,6,7,00,0,0
1630679856442,4.071,78,28.7,254,0,7,00,0,0
1630679857442,4.071,78,28.7,254,0,7,00,0,0
1630679858442,4.071,78,28.7,254,0,7,00,0,0
1630679859442,4.071,78,28.7,254,0,7,00,0,0
1630679860442,4.071,78,28.7,254,0,7,00,0,0
1630679861442,4.071,78,28.7,254,0,7,00,0,0
1630679862442,4.071,78,28.7,254,0,7,00,0,0
1630679863442,4.071,78,28.7,254,3,7,00,0,0
1630679864442,4.071,78,28.7,254,0,7,00,0,0
1630679865442,4.071,78,28.7,254,0,7,00,0,0
1630679866442,4.071,78,28.7,254,0,7,00,0,0
1630679867442,4.071,78,28.7,254,7,7,00,0,0
1630679868442,4.071,78,28.7,254,0,7,00,0,0
1630679869442,4.071,78,28.7,254,5,7,00,0,0
1630679870442,4.071,78,28.7,254,0,7,00,0,0
1630679871442,4.071,78,28.7,254,0,7,00,0,0
1630679872442,4.071,78,28.7,254,0,7,00,0,0
1630679873442,4.071,78,28.7,254,1,7,00,0,0
1630679874442,4.071,78,28.7,254,0,7,00,0,0
1630679875442,4.071,78,28.7,254,5,7,00,0,0
1630679876442,4.071,78,28.7,254,0,7,00,0,0
1630679877442,4.071,78,28.7,254,3,7,00,0,0
1630679878442,4.071,78,28.7,254,0,7,00,0,0
1630679879442,4.071,78,28.7,254,0,7,00,0,0
1630679880442,4.071,78,28.7,254,0,7,00,0,0
1630679881442,4.071,78,28.7,254,0,7,00,0,0
1630679882442,4.071,78,28.7,254,0,7,00,0,0
1630679883442,4.071,78,28.7,254,6,7,00,0,0
1630679884442,4.071,78,28.7,254,0,7,00,0,0
1630679885442,4.071,78,28.7,254,6,7,00,0,0
1630679886442,4.071,78,28.7,254,0,7,00,0,0
1630679887442,4.071,78,28.7,254,0,7,00,0,0
1630679888442,4.071,78,28.7,254,3,7,00,0,0
1630679889442,4.071,78,28.7,254,0,7,00,0,0
1630679890442,4.071,78,28.7,254,0,12,00,0,0
1630679891442,4.071,78,28.7,254,10,12,00,0,0
1630679892442,4.071,78,28.7,254,0,7,00,0,0
1630679893442,4.071,78,28.7,254,3,7,00,0,0
1630679894442,4.071,78,28.7,254,0,7,00,0,0
1630679895442,4.071,78,28.7,254,0,7,00,0,0
1630679896442,4.071,78,28.7,254,0,7,00,0,0
1630679897442,4.071,78,28.7,254,0,7,00,0,0
1630679898442,4.071,78,28.7,254,0,7,00,0,0
1630679899442,4.071,78,28.7,254,0,7,00,0,0
1630679900442,4.071,78,28.7,254,0,7,00,0,0
1630679901442,4.071,78,28.7,254,0,7,00,0,0
1630679902442,4.071,78,28.7,254,0,7,00,0,0
1630679903442,4.071,78,28.7,254,0,7,00,0,0
1630679904442,4.071,78,28.7,254,0,7,00,0,0
1630679905442,4.071,78,28.7,254,0,7,00,0,0
1630679906442,4.071,78,28.7,254,0,7,00,0,0
1630679907442,4.071,78,28.7,254,0,7,00,0,0
1630679908442,4.071,78,28.7,254,0,7,00,0,0
1630679909442,4.071,78,28.7,254,0,7,00,0,0
1630679910442,4.071,78,28.7,254,0,7,00,0,0
1630679911442,4.071,78,28.7,254,0,7,00,0,0
1630679912442,4.071,78,28.7,254,0,7,00,0,0
1630679913442,4.071,78,28.7,254,0,7,00,0,0
1630679914442,4.071,78,28.7,254,0,7,00,0,0
1630679915442,4.071,78,28.7,254,0,7,00,0,0
1630679916442,4.071,78,28.7,254,0,7,00,0,0
1630679917442,4.071,78,28.7,254,0,7,00,0,0
1630679918442,4.071,78,28.8,254,0,7,00,0,0
1630679919442,4.071,78,28.8,254,0,7,00,0,0
1630679920442,4.071,78,28.8,254,0,7,00,0,0
1630679921442,4.071,78,28.8,254,0,7,00,0,0
1630679922442,4.071,78,28.8,254,0,12,00,0,0
1630679923442,4.071,78,28.8,254,0,12,00,0,0
1630679924442,4.071,78,28.8,254,0,12,00,0,0
1630679925442,4.071,78,28.8,254,0,12,00,0,0
1630679926442,4.071,78,28.9,254,0,12,00,0,0
1630679927442,4.071,78,28.9,254,0,12,00,0,0
1630679928442,4.071,78,28.9,254,0,12,00,0,0
1630679929442,4.071,78,28.9,254,0,12,00,0,0
1630679930442,4.071,78,28.9,254,0,12,00,0,0
1630679931442,4.071,78,28.9,254,0,12,00,0,0
1630679932442,4.071,78,28.9,254,0,12,00,0,0
1630679933442,4.071,78,28.9,254,0,12,00,0,0
1630679934442,4.071,78,28.9,254,0,12,00,0,0
1630679935442,4.071,78,28.9,254,0,12,00,0,0
1630679936442,4.071,78,28.9,254,0,12,00,0,0
1630679937442,4.071,78,28.9,254,0,12,00,0,0
1630679938442,4.071,78,28.9,254,0,12,00,0,0
1630679939442,4.071,78,28.9,254,0,12,00,0,0
1630679940442,4.071,78,28.9,254,0,12,00,0,0
1630679941442,4.071,78,28.9,254,0,12,00,0,0
1630679942442,4.071,78,28.9,254,0,12,00,0,0
1630679943442,4.071,78,28.9,254,0,12,00,0,0
1630679944442,4.071,78,28.9,254,0,12,00,0,0
1630679945442,4.071,78,28.9,254,0,12,00,0,0
1630679946442,4.071,78,28.9,254,0,12,00,0,0
1630679947442,4.071,78,28.9,254,0,12,00,0,0
1630679948442,4.071,78,28.9,254,0,12,00,0,0
1630679949442,4.071,78,28.9,254,0,12,00,0,0
1630679950442,4.071,78,28.9,254,0,12,00,0,0
1630679951442,4.071,78,28.9,254,1,12,00,0,0
1630679952442,4.071,78,28.9,254,0,12,00,0,0
1630679953442,4.071,78,28.9,254,0,12,00,0,0
1630679954442,4.071,78,28.9,254,0,12,00,0,0
1630679955442,4.071,78,28.9,254,0,12,00,0,0
1630679956442,4.071,78,28.9,254,0,12,00,0,0
1630679957442,4.071,78,28.9,254,0,12,00,0,0
1630679958442,4.071,78,28.9,254,0,12,00,0,0
1630679959442,4.071,78,28.9,254,0,12,00,0,0
1630679960442,4.071,78,28.9,254,0,12,00,0,0
1630679961442,4.071,78,28.9,254,0,12,00,0,0
1630679962442,4.071,78,28.9,254,0,12,00,0,0
1630679963442,4.071,78,28.9,254,0,12,00,0,0
1630679964442,4.071,78,28.9,254,0,12,00,0,0
1630679965442,4.071,78,28.9,254,0,12,00,0,0
1630679966442,4.071,78,28.9,254,0,12,00,0,0
1630679967442,4.071,78,28.9,254,0,12,00,0,0
1630679968442,4.071,78,29.0,254,0,12,00,0,0
1630679969442,4.07,78,29.0,254,0,12,00,0,0
1630679970442,4.069,78,29.0,254,0,12,00,0,0
1630679971442,4.069,78,29.0,254,0,12,00,0,0
1630679972442,4.069,78,29.0,254,0,12,00,0,0
1630679973442,4.069,78,29.0,254,0,12,00,0,0
1630679974442,4.069,78,29.0,254,0,12,00,0,0
1630679975442,4.069,78,29.0,254,0,12,00,0,0
1630679976442,4.069,78,29.0,254,0,12,00,0,0
1630679977442,4.069,78,29.0,254,0,12,00,0,0
1630679978442,4.069,78,29.0,254,0,12,00,0,0
1630679979442,4.069,78,29.0,254,0,12,00,0,0
1630679980442,4.069,78,29.1,254,0,12,00,0,0
1630679981442,4.069,78,29.1,254,0,12,00,0,0
1630679982442,4.069,78,29.1,254,0,12,00,0,0
1630679983442,4.069,78,29.1,254,0,12,00,0,0
1630679984442,4.069,78,29.2,254,0,12,00,0,0
1630679985442,4.069,78,29.2,254,0,12,00,0,0
1630679986442,4.069,78,29.2,254,0,12,00,0,0
1630679987442,4.069,78,29.2,254,0,12,00,0,0
1630679988442,4.069,78,29.2,254,0,12,00,0,0
1630679989442,4.069,78,29.2,254,0,12,00,0,0
1630679990442,4.069,78,29.2,254,0,12,00,0,0
1630679991442,4.069,78,29.2,254,0,12,00,0,0
1630679992442,4.069,78,29.2,254,0,12,00,0,0
1630679993442,4.069,78,29.2,254,0,12,00,0,0
1630679994442,4.069,78,29.2,254,0,12,00,0,0
1630679995442,4.069,78,29.2,254,0,12,00,0,0
1630679996442,4.069,78,29.2,254,0,12,00,0,0
1630679997442,4.069,78,29.2,254,0,12,00,0,0
1630679998442,4.069,78,29.2,254,0,12,00,0,0
1630679999442,4.069,78,29.2,254,0,12,00,0,0
1630680000442,4.069,78,29.2,254,0,12,00,0,0
1630680001442,4.069,78,29.2,254,0,12,00,0,0
1630680002442,4.069,78,29.2,254,0,12,00,0,0
1630680003442,4.069,78,29.2,254,0,12,00,0,0
1630680004442,4.069,78,29.2,254,0,12,00,0,0
1630680005442,4.069,78,29.2,254,0,12,00,0,0
1630680006442,4.069,78,29.2,254,0,12,00,0,0
1630680007442,4.069,78,29.2,254,0,12,00,0,0
1630680008442,4.069,78,29.2,254,0,12,00,0,0
1630680009442,4.069,78,29.2,254,0,12,00,0,0
1630680010442,4.069,78,29.2,254,0,12,00,0,0
1630680011442,4.069,78,29.2,254,0,12,00,0,0
1630680012442,4.069,78,29.2,254,0,12,00,0,0
1630680013442,4.069,78,29.2,254,0,12,00,0,0
1630680014442,4.069,78,29.2,254,0,12,00,0,0
1630680015442,4.069,78,29.2,254,0,12,00,0,0
1630680016442,4.069,78,29.2,254,0,12,00,0,0
1630680017442,4.069,78,29.2,254,0,12,00,0,0
1630680018442,4.069,78,29.2,254,0,12,00,0,0
1630680019442,4.069,78,29.2,254,0,12,00,0,0
1630680020442,4.069,78,29.3,254,0,12,00,0,0
1630680021442,4.069,78,29.3,254,0,12,00,0,0
1630680022442,4.069,78,29.3,254,0,12,00,0,0
1630680023442,4.069,78,29.3,254,0,12,00,0,0
1630680024442,4.069,78,29.3,254,0,12,00,0,0
1630680025442,4.069,78,29.3,254,0,12,00,0,0
1630680026442,4.069,78,29.3,254,0,12,00,0,0
1630680027442,4.069,78,29.3,254,0,12,00,0,0
1630680028442,4.068,78,29.3,254,0,12,00,0,0
1630680029442,4.068,78,29.3,254,0,12,00,0,0
1630680030442,4.068,78,29.3,254,0,12,00,0,0
1630680031442,4.068,78,29.3,254,0,12,00,0,0
1630680032442,4.068,78,29.3,254,0,12,00,0,0
1630680033442,4.068,78,29.3,254,0,12,00,0,0
1630680034442,4.068,78,29.3,254,0,12,00,0,0
1630680035442,4.068,78,29.3,254,0,12,00,0,0
1630680036442,4.068,78,29.4,254,0,12,00,0,0
1630680037442,4.068,78,29.4,254,0,12,00,0,0
1630680038442,4.068,78,29.4,254,0,12,00,0,0
1630680039442,4.068,78,29.4,254,0,12,00,0,0
1630680040442,4.068,78,29.4,254,0,12,00,0,0
1630680041442,4.068,78,29.4,254,0,12,00,0,0
1630680042442,4.068,78,29.4,254,0,12,00,0,0
1630680043442,4.068,78,29.4,254,0,12,00,0,0
1630680044442,4.068,78,29.4,254,0,12,00,0,0
1630680045442,4.068,78,29.4,254,0,12,00,0,0
1630680046442,4.068,78,29.4,254,0,12,00,0,0
1630680047442,4.068,78,29.4,254,0,12,00,0,0
1630680048442,4.068,78,29.4,254,0,12,00,0,0
1630680049442,4.068,78,29.4,254,0,12,00,0,0
1630680050442,4.068,78,29.4,254,0,12,00,0,0
1630680051442,4.068,78,29.4,254,0,12,00,0,0
1630680052442,4.068,78,29.4,254,0,12,00,0,0
1630680053442,4.068,78,29.4,254,0,12,00,0,0
1630680054442,4.068,78,29.4,254,0,12,00,0,0
1630680055442,4.068,78,29.4,254,0,12,00,0,0
1630680056442,4.068,78,29.4,254,0,12,00,0,0
1630680057442,4.068,78,29.4,254,0,12,00,0,0
1630680058442,4.068,78,29.4,254,0,12,00,0,0
1630680059442,4.068,78,29.4,254,0,12,00,0,0
1630680060442,4.068,78,29.4,254,0,12,00,0,0
1630680061442,4.068,78,29.4,254,0,12,00,0,0
1630680062442,4.068,78,29.4,254,0,12,00,0,0
1630680063442,4.068,78,29.4,254,0,12,00,0,0
1630680064442,4.068,78,29.4,254,0,12,00,0,0
1630680065442,4.068,78,29.4,254,0,12,00,0,0
1630680066442,4.068,78,29.4,254,0,12,00,0,0
1630680067442,4.068,78,29.4,254,0,12,00,0,0
1630680068442,4.068,78,29.4,254,0,12,00,0,0
1630680069442,4.068,78,29.4,254,0,12,00,0,0
1630680070442,4.068,78,29.4,254,0,12,00,0,0
1630680071442,4.068,78,29.4,254,0,12,00,0,0
1630680072442,4.068,78,29.5,254,0,12,00,0,0
1630680073442,4.068,78,29.5,254,0,12,00,0,0
1630680074442,4.068,78,29.5,254,0,12,00,0,0
1630680075442,4.068,78,29.5,254,0,12,00,0,0
1630680076442,4.068,78,29.6,210,0,12,00,0,0
1630680077442,4.068,78,29.6,254,0,12,00,0,0
1630680078442,4.068,78,29.6,254,0,12,00,0,0
1630680079442,4.068,78,29.6,254,0,12,00,0,0
1630680080442,4.068,78,29.6,254,0,12,00,0,0
1630680081442,4.068,78,29.6,254,0,12,00,0,0
1630680082442,4.068,78,29.6,254,0,12,00,0,0
1630680083442,4.068,78,29.6,254,0,12,00,0,0
1630680084442,4.068,78,29.6,254,0,12,00,0,0
1630680085442,4.068,78,29.6,254,0,12,00,0,0
1630680086442,4.068,78,29.6,254,0,12,00,0,0
1630680087442,4.068,78,29.6,254,0,12,00,0,0
1630680088442,4.068,78,29.6,254,0,12,00,0,0
1630680089442,4.068,78,29.6,254,0,12,00,0,0
1630680090442,4.068,78,29.6,254,0,12,00,0,0
1630680091442,4.068,78,29.6,254,3,12,00,0,0
1630680092442,4.068,78,29.6,254,0,12,00,0,0
1630680093442,4.068,78,29.6,254,2,12,00,0,0
1630680094442,4.068,78,29.6,254,0,12,00,0,0
1630680095442,4.068,78,29.6,254,0,12,00,0,0
1630680096442,4.068,78,29.6,254,0,12,00,0,0
1630680097442,4.068,78,29.6,254,0,12,00,0,0
1630680098442,4.068,78,29.6,254,0,12,00,0,0
1630680099442,4.068,78,29.6,254,0,12,00,0,0
1630680100442,4.068,78,29.6,254,0,12,00,0,0
1630680101442,4.068,78,29.6,254,0,12,00,0,0
1630680102442,4.068,78,29.6,254,7,12,00,0,0
1630680103442,4.068,78,29.6,254,0,12,00,0,0
1630680104442,4.068,78,29.6,254,7,12,00,0,0
1630680105442,4.068,78,29.6,254,8,12,00,0,0
1630680106442,4.068,78,29.6,254,0,12,00,0,0
1630680107442,4.068,78,29.6,254,0,12,00,0,0
1630680108442,4.068,78,29.6,254,0,12,00,0,0
1630680109442,4.068,78,29.6,254,0,12,00,0,0
1630680110442,4.068,78,29.6,254,1,12,00,0,0
1630680111442,4.068,78,29.7,254,0,12,00,0,0
1630680112442,4.068,78,29.7,254,0,12,00,0,0
1630680113442,4.068,78,29.7,254,2,12,00,0,0
1630680114442,4.068,78,29.7,254,0,12,00,0,0
1630680115442,4.068,78,29.7,254,0,12,00,0,0
1630680116442,4.068,78,29.7,254,2,12,00,0,0
1630680117442,4.068,78,29.7,254,0,12,00,0,0
1630680118442,4.068,78,29.7,254,0,12,00,0,0
1630680119442,4.068,78,29.7,254,0,12,00,0,0
1630680120442,4.068,78,29.7,254,0,12,00,0,0
1630680121442,4.068,78,29.7,254,3,12,00,0,0
1630680122442,4.068,78,29.7,254,1,12,00,0,0
1630680123442,4.068,78,29.7,254,0,12,00,0,0
1630680124442,4.068,78,29.7,254,4,12,00,0,0
1630680125442,4.068,78,29.7,254,0,12,00,0,0
1630680126442,4.068,78,29.7,254,2,12,00,0,0
1630680127442,4.068,78,29.7,254,0,12,00,0,0
1630680128442,4.068,78,29.7,254,0,12,00,0,0
1630680129442,4.068,78,29.7,254,0,12,00,0,0
1630680130442,4.068,78,29.7,254,0,12,00,0,0
1630680131442,4.068,78,29.7,254,0,12,00,0,0
1630680132442,4.068,78,29.7,254,3,12,00,0,0
1630680133442,4.068,78,29.7,254,8,12,00,0,0
1630680134442,4.068,78,29.7,254,0,12,00,0,0
1630680135442,4.068,78,29.7,254,4,12,00,0,0
1630680136442,4.068,78,29.7,254,0,12,00,0,0
1630680137442,4.068,78,29.7,254,0,12,00,0,0
1630680138442,4.068,78,29.7,254,3,12,00,0,0
1630680139442,4.068,78,29.7,254,0,12,00,0,0
1630680140442,4.068,78,29.7,254,0,12,00,0,0
1630680141442,4.068,78,29.7,254,0,12,00,0,0
1630680142442,4.068,78,29.7,254,0,12,00,0,0
1630680143442,4.067,77,29.7,254,0,12,00,0,0
1630680144442,4.067,77,29.7,254,1,12,00,0,0
1630680145442,4.067,77,29.7,254,0,12,00,0,0
1630680146442,4.067,77,29.7,254,0,12,00,0,0
1630680147442,4.067,77,29.7,254,0,12,00,0,0
1630680148442,4.067,77,29.7,254,0,12,00,0,0
1630680149442,4.067,77,29.7,254,0,12,00,0,0
1630680150442,4.067,77,29.7,254,0,12,00,0,0
1630680151442,4.067,77,29.7,254,0,12,00,0,0
1630680152442,4.067,77,29.7,254,2,12,00,0,0
1630680153442,4.067,77,29.7,254,0,12,00,0,0
1630680154442,4.067,77,29.7,254,0,12,00,0,0
1630680155442,4.067,77,29.7,254,4,12,00,0,0
1630680156442,4.067,77,29.7,254,0,12,00,0,0
1630680157442,4.067,77,29.7,254,0,12,00,0,0
1630680158442,4.067,77,29.7,254,0,12,00,0,0
1630680159442,4.067,77,29.7,254,0,12,00,0,0
1630680160442,4.067,77,29.7,254,0,12,00,0,0
1630680161442,4.067,77,29.7,254,3,12,00,0,0
1630680162442,4.067,77,29.7,254,0,12,00,0,0
1630680163442,4.067,77,29.7,254,0,12,00,0,0
1630680164442,4.067,77,29.7,254,0,12,00,0,0
1630680165442,4.067,77,29.7,254,0,12,00,0,0
1630680166442,4.067,77,29.7,254,0,12,00,0,0
1630680167442,4.067,77,29.7,254,0,12,00,0,0
1630680168442,4.067,77,29.7,254,0,12,00,0,0
1630680169442,4.067,77,29.7,254,0,12,00,0,0
1630680170442,4.067,77,29.7,254,0,12,00,0,0
1630680171442,4.067,77,29.7,254,0,12,00,0,0
1630680172442,4.067,77,29.7,254,0,12,00,0,0
1630680173442,4.067,77,29.7,254,3,12,00,0,0
1630680174442,4.067,77,29.7,254,0,12,00,0,0
1630680175442,4.067,77,29.7,254,0,12,00,0,0
1630680176442,4.067,77,29.7,254,0,12,00,0,0
1630680177442,4.067,77,29.7,254,3,12,00,0,0
1630680178442,4.067,77,29.7,254,0,12,00,0,0
1630680179442,4.067,77,29.7,254,0,12,00,0,0
1630680180442,4.067,77,29.7,254,0,12,00,0,0
1630680181442,4.067,77,29.7,254,4,12,00,0,0
1630680182442,4.067,77,29.7,254,3,12,00,0,0
1630680183442,4.067,77,29.7,254,5,12,00,0,0
1630680184442,4.067,77,29.7,254,0,12,00,0,0
1630680185442,4.067,77,29.7,254,1,12,00,0,0
1630680186442,4.067,77,29.7,254,0,12,00,0,0
1630680187442,4.067,77,29.7,254,0,12,00,0,0
1630680188442,4.067,77,29.7,254,0,12,00,0,0
1630680189442,4.067,77,29.7,254,0,12,00,0,0
1630680190442,4.067,77,29.7,254,0,12,00,0,0
1630680191442,4.067,77,29.7,254,0,12,00,0,0
1630680192442,4.067,77,29.7,254,0,12,00,0,0
1630680193442,4.067,77,29.7,254,0,12,00,0,0
1630680194442,4.067,77,29.7,254,0,12,00,0,0
1630680195442,4.067,77,29.7,254,0,12,00,0,0
1630680196442,4.067,77,29.7,254,3,12,00,0,0
1630680197442,4.067,77,29.7,254,0,12,00,0,0
1630680198442,4.067,77,29.7,254,0,12,00,0,0
1630680199442,4.067,77,29.7,254,0,12,00,0,0
1630680200442,4.067,77,29.7,254,0,12,00,0,0
1630680201442,4.067,77,29.7,254,0,12,00,0,0
1630680202442,4.066,77,29.7,254,0,12,00,0,0
1630680203442,4.066,77,29.7,254,0,12,00,0,0
1630680204442,4.066,77,29.7,254,0,12,00,0,0
1630680205442,4.066,77,29.7,254,4,12,00,0,0
1630680206442,4.066,77,29.7,254,7,12,00,0,0
1630680207442,4.066,77,29.7,254,8,12,00,0,0
1630680208442,4.066,77,29.7,254,0,12,00,0,0
1630680209442,4.066,77,29.7,254,4,12,00,0,0
1630680210442,4.066,77,29.7,254,0,12,00,0,0
1630680211442,4.066,77,29.7,254,0,12,00,0,0
1630680212442,4.066,77,29.7,254,0,12,00,0,0
1630680213442,4.066,77,29.7,254,3,12,00,0,0
1630680214442,4.066,77,29.7,254,0,12,00,0,0
1630680215442,4.066,77,29.7,254,7,12,00,0,0
1630680216442,4.066,77,29.7,254,0,12,00,0,0
1630680217442,4.066,77,29.7,254,0,12,00,0,0
1630680218442,4.066,77,29.7,254,0,12,00,0,0
1630680219442,4.066,77,29.7,254,3,12,00,0,0
1630680220442,4.066,77,29.7,254,0,12,00,0,0
1630680221442,4.066,77,29.7,254,0,12,00,0,0
1630680222442,4.066,77,29.7,254,0,12,00,0,0
1630680223442,4.066,77,29.7,254,0,12,00,0,0
1630680224442,4.066,77,29.7,254,0,12,00,0,0
1630680225442,4.066,77,29.7,254,0,12,00,0,0
1630680226442,4.066,77,29.7,254,0,12,00,0,0
1630680227442,4.066,77,29.7,254,4,12,00,0,0
1630680228442,4.066,77,29.7,254,0,12,00,0,0
1630680229442,4.066,77,29.7,254,8,12,00,0,0
1630680230442,4.066,77,29.7,254,0,12,00,0,0
1630680231442,4.066,77,29.7,254,0,12,00,0,0
1630680232442,4.066,77,29.7,254,0,12,00,0,0
1630680233442,4.066,77,29.7,254,0,12,00,0,0
1630680234442,4.066,77,29.7,254,8,12,00,0,0
1630680235442,4.066,77,29.7,254,3,12,00,0,0
1630680236442,4.066,77,29.7,254,0,12,00,0,0
1630680237442,4.066,77,29.7,254,4,12,00,0,0
1630680238442,4.066,77,29.7,254,3,12,00,0,0
1630680239442,4.066,77,29.7,254,0,12,00,0,0
1630680240442,4.066,77,29.7,254,0,12,00,0,0
1630680241442,4.066,77,29.7,254,0,12,00,0,0
1630680242442,4.066,77,29.7,254,0,12,00,0,0
1630680243442,4.066,77,29.7,254,0,12,00,0,0
1630680244442,4.066,77,29.7,254,0,12,00,0,0
1630680245442,4.066,77,29.7,254,0,12,00,0,0
1630680246442,4.066,77,29.7,254,0,12,00,0,0
1630680247442,4.066,77,29.7,254,0,12,00,0,0
1630680248442,4.066,77,29.7,254,0,12,00,0,0
1630680249442,4.066,77,29.7,254,0,12,00,0,0
1630680250442,4.066,77,29.7,254,0,12,00,0,0
1630680251442,4.066,77,29.7,254,3,12,00,0,0
1630680252442,4.066,77,29.7,254,0,12,00,0,0
1630680253442,4.066,77,29.7,254,0,12,00,0,0
1630680254442,4.066,77,29.7,254,0,12,00,0,0
1630680255442,4.066,77,29.7,254,0,12,00,0,0
1630680256442,4.066,77,29.7,254,0,12,00,0,0
1630680257442,4.066,77,29.7,254,0,12,00,0,0
1630680258442,4.066,77,29.7,254,0,12,00,0,0
1630680259442,4.066,77,29.7,254,0,12,00,0,0
1630680260442,4.066,77,29.7,254,0,12,00,0,0
1630680261442,4.066,77,29.7,254,0,12,00,0,0
1630680262442,4.066,77,29.7,254,0,12,00,0,0
1630680263442,4.066,77,29.7,254,0,12,00,0,0
1630680264442,4.066,77,29.7,254,0,12,00,0,0
1630680265442,4.066,77,29.7,254,0,12,00,0,0
1630680266442,4.066,77,29.7,254,0,12,00,0,0
1630680267442,4.066,77,29.7,254,3,12,00,0,0
1630680268442,4.066,77,29.7,254,0,12,00,0,0
1630680269442,4.066,77,29.7,254,2,12,00,0,0
1630680270442,4.066,77,29.7,254,0,12,00,0,0
1630680271442,4.066,77,29.7,254,0,12,00,0,0
1630680272442,4.066,77,29.7,254,0,12,00,0,0
1630680273442,4.066,77,29.7,254,3,12,00,0,0
1630680274442,4.066,77,29.7,254,3,12,00,0,0
1630680275442,4.066,77,29.7,254,7,12,00,0,0
1630680276442,4.066,77,29.7,254,1,12,00,0,0
1630680277442,4.066,77,29.7,254,0,12,00,0,0
1630680278442,4.066,77,29.7,254,6,12,00,0,0
1630680279442,4.066,77,29.7,254,0,12,00,0,0
1630680280442,4.066,77,29.7,254,4,12,00,0,0
1630680281442,4.066,77,29.7,254,0,12,00,0,0
1630680282442,4.066,77,29.7,254,0,12,00,0,0
1630680283442,4.066,77,29.7,254,3,12,00,0,0
1630680284442,4.066,77,29.7,254,0,12,00,0,0
1630680285442,4.066,77,29.7,254,0,12,00,0,0
1630680286442,4.066,77,29.7,254,0,12,00,0,0
1630680287442,4.066,77,29.7,254,0,12,00,0,0
1630680288442,4.066,77,29.7,254,0,12,00,0,0
1630680289442,4.066,77,29.7,254,0,12,00,0,0
1630680290442,4.066,77,29.7,254,3,12,00,0,0
1630680291442,4.066,77,29.7,254,3,12,00,0,0
1630680292442,4.066,77,29.7,254,0,12,00,0,0
1630680293442,4.066,77,29.7,254,0,12,00,0,0
1630680294442,4.066,77,29.7,254,0,12,00,0,0
1630680295442,4.066,77,29.7,254,0,12,00,0,0
1630680296442,4.066,77,29.7,254,0,12,00,0,0
1630680297442,4.066,77,29.7,254,0,12,00,0,0
1630680298442,4.066,77,29.7,254,0,12,00,0,0
1630680299442,4.066,77,29.7,254,0,12,00,0,0
1630680300442,4.066,77,29.7,254,0,12,00,0,0
1630680301442,4.066,77,29.7,254,6,12,00,0,0
1630680302442,4.066,77,29.7,254,0,12,00,0,0
1630680303442,4.066,77,29.7,254,0,12,00,0,0
1630680304442,4.066,77,29.7,254,0,12,00,0,0
1630680305442,4.066,77,29.7,254,0,12,00,0,0
1630680306442,4.066,77,29.7,254,0,12,00,0,0
1630680307442,4.066,77,29.7,254,2,12,00,0,0
1630680308442,4.066,77,29.7,254,0,12,00,0,0
1630680309442,4.066,77,29.7,254,2,12,00,0,0
1630680310442,4.066,77,29.7,254,2,12,00,0,0
1630680311442,4.066,77,29.7,254,0,12,00,0,0
1630680312442,4.066,77,29.7,254,1,12,00,0,0
1630680313442,4.066,77,29.7,254,0,12,00,0,0
1630680314442,4.066,77,29.7,254,2,12,00,0,0
1630680315442,4.066,77,29.7,254,3,12,00,0,0
1630680316442,4.066,77,29.7,254,0,12,00,0,0
1630680317442,4.065,77,29.7,254,2,12,00,0,0
1630680318442,4.065,77,29.7,254,0,12,00,0,0
1630680319442,4.065,77,29.7,254,0,12,00,0,0
1630680320442,4.065,77,29.7,254,0,12,00,0,0
1630680321442,4.065,77,29.7,254,0,12,00,0,0
1630680322442,4.065,77,29.7,254,7,12,00,0,0
1630680323442,4.065,77,29.7,254,0,12,00,0,0
1630680324442,4.065,77,29.7,254,0,12,00,0,0
1630680325442,4.065,77,29.7,254,2,12,00,0,0
1630680326442,4.065,77,29.7,254,0,12,00,0,0
1630680327442,4.065,77,29.7,254,0,12,00,0,0
1630680328442,4.065,77,29.7,254,0,12,00,0,0
1630680329442,4.065,77,29.7,254,0,12,00,0,0
1630680330442,4.065,77,29.7,254,0,12,00,0,0
1630680331442,4.065,77,29.7,254,0,12,00,0,0
1630680332442,4.065,77,29.7,254,0,12,00,0,0
1630680333442,4.065,77,29.7,254,0,12,00,0,0
1630680334442,4.065,77,29.7,254,2,12,00,0,0
1630680335442,4.065,77,29.7,254,0,12,00,0,0
1630680336442,4.065,77,29.7,254,0,12,00,0,0
1630680337442,4.065,77,29.7,254,0,12,00,0,0
1630680338442,4.065,77,29.7,254,3,12,00,0,0
1630680339442,4.065,77,29.7,254,0,12,00,0,0
1630680340442,4.065,77,29.7,254,0,12,00,0,0
1630680341442,4.065,77,29.7,254,0,12,00,0,0
1630680342442,4.065,77,29.7,254,0,12,00,0,0
1630680343442,4.065,77,29.7,254,0,12,00,0,0
1630680344442,4.065,77,29.7,254,0,12,00,0,0
1630680345442,4.065,77,29.7,254,3,12,00,0,0
1630680346442,4.065,77,29.7,254,0,12,00,0,0
1630680347442,4.065,77,29.7,254,0,12,00,0,0
1630680348442,4.065,77,29.7,254,1,12,00,0,0
1630680349442,4.065,77,29.7,254,0,12,00,0,0
1630680350442,4.065,77,29.7,254,3,12,00,0,0
1630680351442,4.065,77,29.7,254,0,12,00,0,0
1630680352442,4.065,77,29.7,254,0,12,00,0,0
1630680353442,4.065,77,29.7,254,0,12,00,0,0
1630680354442,4.065,77,29.7,254,0,12,00,0,0
1630680355442,4.065,77,29.7,254,2,12,00,0,0
1630680356442,4.065,77,29.7,254,3,12,00,0,0
1630680357442,4.065,77,29.7,254,0,12,00,0,0
1630680358442,4.065,77,29.7,254,0,12,00,0,0
1630680359442,4.065,77,29.7,254,0,12,00,0,0
1630680360442,4.065,77,29.7,254,0,12,00,0,0
1630680361442,4.065,77,29.7,254,2,12,00,0,0
1630680362442,4.065,77,29.7,254,0,12,00,0,0
1630680363442,4.065,77,29.7,254,0,12,00,0,0
1630680364442,4.065,77,29.7,254,2,12,00,0,0
1630680365442,4.065,77,29.7,254,0,12,00,0,0
1630680366442,4.065,77,29.7,254,0,12,00,0,0
1630680367442,4.065,77,29.7,254,0,12,00,0,0
1630680368442,4.065,77,29.7,254,0,12,00,0,0
1630680369442,4.065,77,29.7,254,0,12,00,0,0
1630680370442,4.065,77,29.7,254,0,12,00,0,0
1630680371442,4.065,77,29.7,254,3,12,00,0,0
1630680372442,4.065,77,29.7,254,0,12,00,0,0
1630680373442,4.065,77,29.7,254,0,12,00,0,0
1630680374442,4.065,77,29.7,254,3,12,00,0,0
1630680375442,4.065,77,29.7,254,0,12,00,0,0
1630680376442,4.065,77,29.7,254,0,12,00,0,0
1630680377442,4.065,77,29.7,254,0,12,00,0,0
1630680378442,4.065,77,29.7,254,3,12,00,0,0
1630680379442,4.065,77,29.7,254,0,12,00,0,0
1630680380442,4.065,77,29.7,254,0,12,00,0,0
1630680381442,4.065,77,29.7,254,3,12,00,0,0
1630680382442,4.065,77,29.7,254,0,12,00,0,0
1630680383442,4.065,77,29.7,254,0,12,00,0,0
1630680384442,4.065,77,29.7,254,0,12,00,0,0
1630680385442,4.065,77,29.7,254,0,12,00,0,0
1630680386442,4.065,77,29.7,254,0,12,00,0,0
1630680387442,4.065,77,29.7,254,0,12,00,0,0
1630680388442,4.065,77,29.7,254,0,12,00,0,0
1630680389442,4.065,77,29.7,254,0,12,00,0,0
1630680390442,4.065,77,29.7,254,0,12,00,0,0
1630680391442,4.065,77,29.7,254,0,12,00,0,0
1630680392442,4.065,77,29.7,254,0,12,00,0,0
1630680393442,4.065,77,29.7,254,0,12,00,0,0
1630680394442,4.065,77,29.7,254,0,12,00,0,0
1630680395442,4.065,77,29.7,254,5,12,00,0,0
1630680396442,4.065,77,29.7,254,0,12,00,0,0
1630680397442,4.065,77,29.7,254,0,12,00,0,0
1630680398442,4.065,77,29.7,254,0,12,00,0,0
1630680399442,4.065,77,29.7,254,0,12,00,0,0
1630680400442,4.065,77,29.7,254,0,12,00,0,0
1630680401442,4.065,77,29.7,254,2,12,00,0,0
1630680402442,4.065,77,29.7,254,0,12,00,0,0
1630680403442,4.065,77,29.7,254,0,12,00,0,0
1630680404442,4.065,77,29.7,254,0,12,00,0,0
1630680405442,4.065,77,29.7,254,0,12,00,0,0
1630680406442,4.065,77,29.7,254,0,12,00,0,0
1630680407442,4.065,77,29.7,254,0,12,00,0,0
1630680408442,4.065,77,29.7,254,0,12,00,0,0
1630680409442,4.065,77,29.7,254,0,12,00,0,0
1630680410442,4.065,77,29.7,254,0,12,00,0,0
1630680411442,4.065,77,29.7,254,3,12,00,0,0
1630680412442,4.065,77,29.7,254,2,12,00,0,0
1630680413442,4.065,77,29.7,254,0,12,00,0,0
1630680414442,4.065,77,29.7,254,2,12,00,0,0
1630680415442,4.065,77,29.7,254,0,12,00,0,0
1630680416442,4.065,77,29.7,254,0,12,00,0,0
1630680417442,4.065,77,29.7,254,0,12,00,0,0
1630680418442,4.065,77,29.7,254,0,12,00,0,0
1630680419442,4.065,77,29.7,254,0,12,00,0,0
1630680420442,4.065,77,29.7,254,0,12,00,0,0
1630680421442,4.065,77,29.7,254,0,12,00,0,0
1630680422442,4.065,77,29.7,254,2,12,00,0,0
1630680423442,4.065,77,29.7,190,0,12,00,0,0
1630680424442,4.065,77,29.7,254,0,12,00,0,0
1630680425442,4.065,77,29.7,254,0,12,00,0,0
1630680426442,4.065,77,29.7,254,0,12,00,0,0
1630680427442,4.065,77,29.7,254,2,12,00,0,0
1630680428442,4.065,77,29.7,254,2,12,00,0,0
1630680429442,4.065,77,29.7,254,0,12,00,0,0
1630680430442,4.065,77,29.7,254,0,12,00,0,0
1630680431442,4.065,77,29.7,254,0,12,00,0,0
1630680432442,4.065,77,29.7,254,0,12,00,0,0
1630680433442,4.065,77,29.7,254,0,12,00,0,0
1630680434442,4.064,77,29.7,254,0,12,00,0,0
1630680435442,4.064,77,29.7,254,0,12,00,0,0
1630680436442,4.064,77,29.7,254,0,12,00,0,0
1630680437442,4.064,77,29.7,254,0,12,00,0,0
1630680438442,4.064,77,29.7,254,0,12,00,0,0
1630680439442,4.064,77,29.7,254,0,12,00,0,0
1630680440442,4.064,77,29.7,254,0,12,00,0,0
1630680441442,4.064,77,29.7,254,0,12,00,0,0
1630680442442,4.064,77,29.7,254,0,12,00,0,0
1630680443442,4.064,77,29.7,254,0,12,00,0,0
1630680444442,4.064,77,29.7,254,0,12,00,0,0
1630680445442,4.064,77,29.7,254,0,12,00,0,0
1630680446442,4.064,77,29.7,254,0,12,00,0,0
1630680447442,4.064,77,29.7,254,0,12,00,0,0
1630680448442,4.064,77,29.7,254,0,12,00,0,0
1630680449442,4.064,77,29.7,254,0,12,00,0,0
1630680450442,4.064,77,29.7,254,0,12,00,0,0
1630680451442,4.064,77,29.7,254,0,12,00,0,0
1630680452442,4.064,77,29.7,254,0,12,00,0,0
1630680453442,4.064,77,29.7,254,0,12,00,0,0
1630680454442,4.064,77,29.7,254,0,12,00,0,0
1630680455442,4.064,77,29.7,254,0,12,00,0,0
1630680456442,4.064,77,29.7,254,0,12,00,0,0
1630680457442,4.064,77,29.7,254,0,12,00,0,0
1630680458442,4.064,77,29.7,254,4,12,00,0,0
1630680459442,4.064,77,29.7,254,0,12,00,0,0
1630680460442,4.064,77,29.7,254,3,12,00,0,0
1630680461442,4.064,77,29.7,254,3,12,00,0,0
1630680462442,4.064,77,29.7,254,0,12,00,0,0
1630680463442,4.064,77,29.7,254,3,12,00,0,0
1630680464442,4.064,77,29.7,254,0,12,00,0,0
1630680465442,4.064,77,29.7,235,1,12,00,0,0
1630680466442,4.064,77,29.7,254,0,12,00,0,0
1630680467442,4.064,77,29.7,254,0,12,00,0,0
1630680468442,4.064,77,29.7,254,3,12,00,0,0
1630680469442,4.064,77,29.7,254,4,12,00,0,0
1630680470442,4.064,77,29.7,254,0,12,00,0,0
1630680471442,4.064,77,29.7,254,0,12,00,0,0
1630680472442,4.064,77,29.7,254,0,12,00,0,0
1630680473442,4.064,77,29.7,254,3,12,00,0,0
1630680474442,4.064,77,29.7,254,0,12,00,0,0
1630680475442,4.064,77,29.7,254,0,12,00,0,0
1630680476442,4.064,77,29.7,254,0,12,00,0,0
1630680477442,4.064,77,29.7,254,0,12,00,0,0
1630680478442,4.064,77,29.7,254,0,12,00,0,0
1630680479442,4.064,77,29.7,254,0,12,00,0,0
1630680480442,4.064,77,29.7,254,4,12,00,0,0
1630680481442,4.064,77,29.7,254,0,12,00,0,0
1630680482442,4.064,77,29.7,254,0,12,00,0,0
1630680483442,4.064,77,29.7,254,0,12,00,0,0
1630680484442,4.064,77,29.7,190,0,12,00,0,0
1630680485442,4.064,77,29.7,254,0,12,00,0,0
1630680486442,4.064,77,29.7,254,0,12,00,0,0
1630680487442,4.064,77,29.7,254,0,12,00,0,0
1630680488442,4.064,77,29.7,254,3,12,00,0,0
1630680489442,4.064,77,29.7,254,0,12,00,0,0
1630680490442,4.064,77,29.7,254,3,12,00,0,0
1630680491442,4.063,77,29.7,254,0,12,00,0,0
1630680492442,4.062,77,29.7,254,0,12,00,0,0
1630680493442,4.062,77,29.7,254,0,12,00,0,0
1630680494442,4.062,77,29.7,254,0,12,00,0,0
1630680495442,4.062,77,29.7,254,4,12,00,0,0
1630680496442,4.062,77,29.7,254,0,12,00,0,0
1630680497442,4.062,77,29.7,254,0,12,00,0,0
1630680498442,4.062,77,29.7,254,0,12,00,0,0
1630680499442,4.062,77,29.7,254,2,12,00,0,0
1630680500442,4.062,77,29.7,254,0,12,00,0,0
1630680501442,4.062,77,29.7,254,2,12,00,0,0
1630680502442,4.062,77,29.7,254,0,12,00,0,0
1630680503442,4.062,77,29.7,254,0,12,00,0,0
1630680504442,4.062,77,29.7,254,2,12,00,0,0
1630680505442,4.062,77,29.7,254,2,12,00,0,0
1630680506442,4.062,77,29.7,254,0,12,00,0,0
1630680507442,4.062,77,29.7,254,2,12,00,0,0
1630680508442,4.062,77,29.7,254,0,12,00,0,0
1630680509442,4.062,77,29.7,254,1,12,00,0,0
1630680510442,4.062,77,29.7,254,0,12,00,0,0
1630680511442,4.062,77,29.7,254,0,12,00,0,0
1630680512442,4.062,77,29.7,254,0,12,00,0,0
1630680513442,4.062,77,29.7,254,0,12,00,0,0
1630680514442,4.062,77,29.7,254,0,12,00,0,0
1630680515442,4.062,77,29.7,254,0,12,00,0,0
1630680516442,4.062,77,29.7,254,3,12,00,0,0
1630680517442,4.062,77,29.7,254,0,12,00,0,0
1630680518442,4.062,77,29.7,254,0,12,00,0,0
1630680519442,4.062,77,29.7,254,0,12,00,0,0
1630680520442,4.062,77,29.7,254,0,12,00,0,0
1630680521442,4.062,77,29.7,254,3,12,00,0,0
1630680522442,4.062,77,29.7,254,1,12,00,0,0
1630680523442,4.062,77,29.7,254,0,12,00,0,0
1630680524442,4.062,77,29.7,254,0,12,00,0,0
1630680525442,4.062,77,29.7,254,0,12,00,0,0
1630680526442,4.062,77,29.7,254,1,12,00,0,0
1630680527442,4.062,77,29.7,254,1,12,00,0,0
1630680528442,4.062,77,29.7,254,0,12,00,0,0
1630680529442,4.062,77,29.7,254,2,12,00,0,0
1630680530442,4.062,77,29.7,254,0,12,00,0,0
1630680531442,4.062,77,29.7,254,0,12,00,0,0
1630680532442,4.062,77,29.7,254,0,12,00,0,0
1630680533442,4.062,77,29.7,254,0,12,00,0,0
1630680534442,4.062,77,29.7,254,0,12,00,0,0
1630680535442,4.062,77,29.7,254,4,12,00,0,0
1630680536442,4.062,77,29.7,254,0,12,00,0,0
1630680537442,4.062,77,29.7,254,0,12,00,0,0
1630680538442,4.062,77,29.7,254,0,12,00,0,0
1630680539442,4.062,77,29.7,254,0,12,00,0,0
1630680540442,4.062,77,29.7,254,0,12,00,0,0
1630680541442,4.062,77,29.7,254,0,12,00,0,0
1630680542442,4.062,77,29.7,254,4,12,00,0,0
1630680543442,4.062,77,29.7,254,4,12,00,0,0
1630680544442,4.062,77,29.7,254,0,12,00,0,0
1630680545442,4.062,77,29.7,254,0,12,00,0,0
1630680546442,4.062,77,29.7,254,0,12,00,0,0
1630680547442,4.062,77,29.7,254,0,12,00,0,0
1630680548442,4.062,77,29.7,254,0,12,00,0,0
1630680549442,4.061,76,29.7,254,0,12,00,0,0
1630680550442,4.061,76,29.7,254,0,12,00,0,0
1630680551442,4.061,76,29.7,254,0,12,00,0,0
1630680552442,4.061,76,29.7,254,0,12,00,0,0
1630680553442,4.061,76,29.7,254,0,12,00,0,0
1630680554442,4.061,76,29.7,254,0,12,00,0,0
1630680555442,4.061,76,29.7,254,0,12,00,0,0
1630680556442,4.061,76,29.7,254,4,12,00,0,0
1630680557442,4.061,76,29.7,254,0,12,00,0,0
1630680558442,4.061,76,29.7,254,0,12,00,0,0
1630680559442,4.061,76,29.7,254,0,12,00,0,0
1630680560442,4.061,76,29.7,254,0,12,00,0,0
1630680561442,4.061,76,29.7,190,0,12,00,0,0
1630680562442,4.061,76,29.7,254,0,12,00,0,0
1630680563442,4.061,76,29.7,254,3,12,00,0,0
1630680564442,4.061,76,29.7,254,4,12,00,0,0
1630680565442,4.061,76,29.7,254,4,12,00,0,0
1630680566442,4.061,76,29.7,254,0,12,00,0,0
1630680567442,4.061,76,29.7,254,0,12,00,0,0
1630680568442,4.061,76,29.7,254,0,12,00,0,0
1630680569442,4.061,76,29.7,254,0,12,00,0,0
1630680570442,4.061,76,29.7,254,4,12,00,0,0
1630680571442,4.061,76,29.7,254,0,12,00,0,0
1630680572442,4.061,76,29.7,254,1,12,00,0,0
1630680573442,4.061,76,29.7,254,3,12,00,0,0
1630680574442,4.061,76,29.7,254,0,12,00,0,0
1630680575442,4.061,76,29.7,254,4,12,00,0,0
1630680576442,4.061,76,29.7,254,0,12,00,0,0
1630680577442,4.061,76,29.7,254,0,12,00,0,0
1630680578442,4.061,76,29.7,254,0,12,00,0,0
1630680579442,4.061,76,29.7,254,0,12,00,0,0
1630680580442,4.061,76,29.7,254,0,12,00,0,0
1630680581442,4.061,76,29.7,254,0,12,00,0,0
1630680582442,4.061,76,29.7,254,4,12,00,0,0
1630680583442,4.061,76,29.7,254,0,12,00,0,0
1630680584442,4.061,76,29.7,254,0,12,00,0,0
1630680585442,4.061,76,29.7,254,0,12,00,0,0
1630680586442,4.061,76,29.7,254,0,12,00,0,0
1630680587442,4.061,76,29.7,254,5,12,00,0,0
1630680588442,4.061,76,29.7,254,0,12,00,0,0
1630680589442,4.061,76,29.7,254,0,12,00,0,0
1630680590442,4.061,76,29.7,254,0,12,00,0,0
1630680591442,4.061,76,29.7,254,0,12,00,0,0
1630680592442,4.061,76,29.7,254,0,12,00,0,0
1630680593442,4.061,76,29.7,254,0,12,00,0,0
1630680594442,4.061,76,29.7,254,4,12,00,0,0
1630680595442,4.061,76,29.7,254,3,12,00,0,0
1630680596442,4.061,76,29.7,254,0,12,00,0,0
1630680597442,4.061,76,29.7,254,0,12,00,0,0
1630680598442,4.061,76,29.7,254,1,12,00,0,0
1630680599442,4.061,76,29.7,254,0,12,00,0,0
1630680600442,4.061,76,29.7,254,0,12,00,0,0
1630680601442,4.061,76,29.7,254,2,12,00,0,0
1630680602442,4.061,76,29.7,254,6,12,00,0,0
