timestamp,cumulative_impulse_load,walking_step_count,running_step_count,bound_count,jump_count,minor_impact_count,major_impact_count,avg_force_dev_rate,avg_step_impulse,avg_step_period,last_jump_flight_time
1630678967442,566,1,0,0,0,6,0,0.0,0.0,0.0,0.0
1630678968442,566,1,0,0,0,6,0,0.0,0.0,0.0,0.0
1630678969442,566,1,0,0,0,6,0,0.0,0.0,0.0,0.0
1630678970442,566,1,0,0,0,6,0,0.0,0.0,0.0,0.0
1630678971442,566,1,0,0,0,6,0,0.0,0.0,0.0,0.0
1630678972442,566,1,0,0,0,6,0,0.0,0.0,0.0,0.0
1630678973442,566,1,0,0,0,6,0,0.0,0.0,0.0,0.0
1630678974442,566,1,0,0,0,6,0,0.0,0.0,0.0,0.0
1630678975442,566,1,0,0,0,6,0,0.0,0.0,0.0,0.0
1630678976442,566,1,0,0,0,6,0,0.0,0.0,0.0,0.0
1630678977442,566,1,0,0,0,6,0,0.0,0.0,0.0,0.0
1630678978442,566,1,0,0,0,6,0,0.0,0.0,0.0,0.0
1630678979442,566,1,0,0,0,6,0,0.0,0.0,0.0,0.0
1630678980442,566,1,0,0,0,6,0,0.0,0.0,0.0,0.0
1630678981442,566,1,0,0,0,6,0,0.0,0.0,0.0,0.0
1630678982442,566,1,0,0,0,6,0,0.0,0.0,0.0,0.0
1630678983442,566,1,0,0,0,6,0,0.0,0.0,0.0,0.0
1630678984442,566,1,0,0,0,6,0,0.0,0.0,0.0,0.0
1630678985442,566,1,0,0,0,6,0,0.0,0.0,0.0,0.0
1630678986442,566,1,0,0,0,6,0,0.0,0.0,0.0,0.0
1630678987442,566,1,0,0,0,6,0,0.0,0.0,0.0,0.0
1630678988442,566,1,0,0,0,6,0,0.0,0.0,0.0,0.0
1630678989442,566,1,0,0,0,6,0,0.0,0.0,0.0,0.0
1630678990442,566,1,0,0,0,6,0,0.0,0.0,0.0,0.0
1630678991442,566,1,0,0,0,6,0,0.0,0.0,0.0,0.0
1630678992442,566,1,0,0,0,6,0,0.0,0.0,0.0,0.0
1630678993442,566,1,0,0,0,6,0,0.0,0.0,0.0,0.0
1630678994442,566,1,0,0,0,6,0,0.0,0.0,0.0,0.0
1630678995442,566,1,0,0,0,6,0,0.0,0.0,0.0,0.0
1630678996442,566,1,0,0,0,6,0,0.0,0.0,0.0,0.0
1630678997442,566,1,0,0,0,6,0,0.0,0.0,0.0,0.0
1630678998442,566,1,0,0,0,6,0,0.0,0.0,0.0,0.0
1630678999442,566,1,0,0,0,6,0,0.0,0.0,0.0,0.0
1630679000442,566,1,0,0,0,6,0,0.0,0.0,0.0,0.0
1630679001442,566,1,0,0,0,6,0,0.0,0.0,0.0,0.0
1630679002442,566,1,0,0,0,6,0,0.0,0.0,0.0,0.0
1630679003442,566,1,0,0,0,6,0,0.0,0.0,0.0,0.0
1630679004442,566,1,0,0,0,6,0,0.0,0.0,0.0,0.0
1630679005442,566,1,0,0,0,6,0,0.0,0.0,0.0,0.0
1630679006442,566,1,0,0,0,6,0,0.0,0.0,0.0,0.0
1630679007442,566,1,0,0,0,6,0,0.0,0.0,0.0,0.0
1630679008442,566,1,0,0,0,6,0,0.0,0.0,0.0,0.0
1630679009442,566,1,0,0,0,6,0,0.0,0.0,0.0,0.0
1630679010442,566,1,0,0,0,6,0,0.0,0.0,0.0,0.0
1630679011442,566,1,0,0,0,6,0,0.0,0.0,0.0,0.0
1630679012442,566,1,0,0,0,6,0,0.0,0.0,0.0,0.0
1630679013442,566,1,0,0,0,6,0,0.0,0.0,0.0,0.0
1630679014442,566,1,0,0,0,6,0,0.0,0.0,0.0,0.0
1630679015442,566,1,0,0,0,6,0,0.0,0.0,0.0,0.0
1630679016442,566,1,0,0,0,6,0,0.0,0.0,0.0,0.0
1630679017442,566,1,0,0,0,6,0,0.0,0.0,0.0,0.0
1630679018442,566,1,0,0,0,6,0,0.0,0.0,0.0,0.0
1630679019442,566,1,0,0,0,6,0,0.0,0.0,0.0,0.0
1630679020442,566,1,0,0,0,6,0,0.0,0.0,0.0,0.0
1630679021442,566,1,0,0,0,6,0,0.0,0.0,0.0,0.0
1630679022442,566,1,0,0,0,6,0,0.0,0.0,0.0,0.0
1630679023442,566,1,0,0,0,6,0,0.0,0.0,0.0,0.0
1630679024442,566,1,0,0,0,6,0,0.0,0.0,0.0,0.0
1630679025442,566,1,0,0,0,6,0,0.0,0.0,0.0,0.0
1630679026442,566,1,0,0,0,6,0,0.0,0.0,0.0,0.0
1630679027442,566,1,0,0,0,6,0,0.0,0.0,0.0,0.0
1630679028442,566,1,0,0,0,6,0,0.0,0.0,0.0,0.0
1630679029442,566,1,0,0,0,6,0,0.0,0.0,0.0,0.0
1630679030442,566,1,0,0,0,6,0,0.0,0.0,0.0,0.0
1630679031442,566,1,0,0,0,6,0,0.0,0.0,0.0,0.0
1630679032442,566,1,0,0,0,6,0,0.0,0.0,0.0,0.0
1630679033442,566,1,0,0,0,6,0,0.0,0.0,0.0,0.0
1630679034442,566,1,0,0,0,6,0,0.0,0.0,0.0,0.0
1630679035442,566,1,0,0,0,6,0,0.0,0.0,0.0,0.0
1630679036442,566,1,0,0,0,6,0,0.0,0.0,0.0,0.0
1630679037442,566,1,0,0,0,6,0,0.0,0.0,0.0,0.0
1630679038442,566,1,0,0,0,6,0,0.0,0.0,0.0,0.0
1630679039442,566,1,0,0,0,6,0,0.0,0.0,0.0,0.0
1630679040442,566,1,0,0,0,6,0,0.0,0.0,0.0,0.0
1630679041442,566,1,0,0,0,6,0,0.0,0.0,0.0,0.0
1630679042442,566,1,0,0,0,6,0,0.0,0.0,0.0,0.0
1630679043442,566,1,0,0,0,6,0,0.0,0.0,0.0,0.0
1630679044442,566,1,0,0,0,6,0,0.0,0.0,0.0,0.0
1630679045442,566,1,0,0,0,6,0,0.0,0.0,0.0,0.0
1630679046442,566,1,0,0,0,6,0,0.0,0.0,0.0,0.0
1630679047442,566,1,0,0,0,6,0,0.0,0.0,0.0,0.0
1630679048442,566,1,0,0,0,6,0,0.0,0.0,0.0,0.0
1630679049442,566,1,0,0,0,6,0,0.0,0.0,0.0,0.0
1630679050442,566,1,0,0,0,6,0,0.0,0.0,0.0,0.0
1630679051442,566,1,0,0,0,6,0,0.0,0.0,0.0,0.0
1630679052442,566,1,0,0,0,6,0,0.0,0.0,0.0,0.0
1630679053442,566,1,0,0,0,6,0,0.0,0.0,0.0,0.0
1630679054442,566,1,0,0,0,6,0,0.0,0.0,0.0,0.0
1630679055442,566,1,0,0,0,6,0,0.0,0.0,0.0,0.0
1630679056442,566,1,0,0,0,6,0,0.0,0.0,0.0,0.0
1630679057442,566,1,0,0,0,6,0,0.0,0.0,0.0,0.0
1630679058442,566,1,0,0,0,6,0,0.0,0.0,0.0,0.0
1630679059442,566,1,0,0,0,6,0,0.0,0.0,0.0,0.0
1630679060442,566,1,0,0,0,6,0,0.0,0.0,0.0,0.0
1630679061442,566,1,0,0,0,6,0,0.0,0.0,0.0,0.0
1630679062442,566,1,0,0,0,6,0,0.0,0.0,0.0,0.0
1630679063442,566,1,0,0,0,6,0,0.0,0.0,0.0,0.0
1630679064442,566,1,0,0,0,6,0,0.0,0.0,0.0,0.0
1630679065442,566,1,0,0,0,6,0,0.0,0.0,0.0,0.0
1630679066442,566,1,0,0,0,6,0,0.0,0.0,0.0,0.0
1630679067442,566,1,0,0,0,6,0,0.0,0.0,0.0,0.0
1630679068442,566,1,0,0,0,6,0,0.0,0.0,0.0,0.0
1630679069442,566,1,0,0,0,6,0,0.0,0.0,0.0,0.0
1630679070442,566,1,0,0,0,6,0,0.0,0.0,0.0,0.0
1630679071442,566,1,0,0,0,6,0,0.0,0.0,0.0,0.0
1630679072442,566,1,0,0,0,6,0,0.0,0.0,0.0,0.0
1630679073442,566,1,0,0,0,6,0,0.0,0.0,0.0,0.0
1630679074442,566,1,0,0,0,6,0,0.0,0.0,0.0,0.0
1630679075442,566,1,0,0,0,6,0,0.0,0.0,0.0,0.0
1630679076442,566,1,0,0,0,6,0,0.0,0.0,0.0,0.0
1630679077442,566,1,0,0,0,6,0,0.0,0.0,0.0,0.0
1630679078442,566,1,0,0,0,6,0,0.0,0.0,0.0,0.0
1630679079442,566,1,0,0,0,6,0,0.0,0.0,0.0,0.0
1630679080442,566,1,0,0,0,6,0,0.0,0.0,0.0,0.0
1630679081442,566,1,0,0,0,6,0,0.0,0.0,0.0,0.0
1630679082442,566,1,0,0,0,6,0,0.0,0.0,0.0,0.0
1630679083442,566,1,0,0,0,6,0,0.0,0.0,0.0,0.0
1630679084442,566,1,0,0,0,6,0,0.0,0.0,0.0,0.0
1630679085442,566,1,0,0,0,6,0,0.0,0.0,0.0,0.0
1630679086442,566,1,0,0,0,6,0,0.0,0.0,0.0,0.0
1630679087442,566,1,0,0,0,6,0,0.0,0.0,0.0,0.0
1630679088442,566,1,0,0,0,6,0,0.0,0.0,0.0,0.0
1630679089442,566,1,0,0,0,6,0,0.0,0.0,0.0,0.0
1630679090442,566,1,0,0,0,6,0,0.0,0.0,0.0,0.0
1630679091442,566,1,0,0,0,6,0,0.0,0.0,0.0,0.0
1630679092442,566,1,0,0,0,6,0,0.0,0.0,0.0,0.0
1630679093442,566,1,0,0,0,6,0,0.0,0.0,0.0,0.0
1630679094442,566,1,0,0,0,6,0,0.0,0.0,0.0,0.0
1630679095442,566,1,0,0,0,6,0,0.0,0.0,0.0,0.0
1630679096442,566,1,0,0,0,6,0,0.0,0.0,0.0,0.0
1630679097442,566,1,0,0,0,6,0,0.0,0.0,0.0,0.0
1630679098442,566,1,0,0,0,6,0,0.0,0.0,0.0,0.0
1630679099442,566,1,0,0,0,6,0,0.0,0.0,0.0,0.0
1630679100442,566,1,0,0,0,6,0,0.0,0.0,0.0,0.0
1630679101442,566,1,0,0,0,6,0,0.0,0.0,0.0,0.0
1630679102442,566,1,0,0,0,6,0,0.0,0.0,0.0,0.0
1630679103442,566,1,0,0,0,6,0,0.0,0.0,0.0,0.0
1630679104442,566,1,0,0,0,6,0,0.0,0.0,0.0,0.0
1630679105442,566,1,0,0,0,6,0,0.0,0.0,0.0,0.0
1630679106442,566,1,0,0,0,6,0,0.0,0.0,0.0,0.0
1630679107442,566,1,0,0,0,6,0,0.0,0.0,0.0,0.0
1630679108442,566,1,0,0,0,6,0,0.0,0.0,0.0,0.0
1630679109442,566,1,0,0,0,6,0,0.0,0.0,0.0,0.0
1630679110442,566,1,0,0,0,6,0,0.0,0.0,0.0,0.0
1630679111442,566,1,0,0,0,6,0,0.0,0.0,0.0,0.0
1630679112442,566,1,0,0,0,6,0,0.0,0.0,0.0,0.0
1630679113442,566,1,0,0,0,6,0,0.0,0.0,0.0,0.0
1630679114442,566,1,0,0,0,6,0,0.0,0.0,0.0,0.0
1630679115442,566,1,0,0,0,6,0,0.0,0.0,0.0,0.0
1630679116442,566,1,0,0,0,6,0,0.0,0.0,0.0,0.0
1630679117442,566,1,0,0,0,6,0,0.0,0.0,0.0,0.0
1630679118442,566,1,0,0,0,6,0,0.0,0.0,0.0,0.0
1630679119442,566,1,0,0,0,6,0,0.0,0.0,0.0,0.0
1630679120442,566,1,0,0,0,6,0,0.0,0.0,0.0,0.0
1630679121442,566,1,0,0,0,6,0,0.0,0.0,0.0,0.0
1630679122442,566,1,0,0,0,6,0,0.0,0.0,0.0,0.0
1630679123442,566,1,0,0,0,6,0,0.0,0.0,0.0,0.0
1630679124442,566,1,0,0,0,6,0,0.0,0.0,0.0,0.0
1630679125442,566,1,0,0,0,6,0,0.0,0.0,0.0,0.0
1630679126442,566,1,0,0,0,6,0,0.0,0.0,0.0,0.0
1630679127442,566,1,0,0,0,6,0,0.0,0.0,0.0,0.0
1630679128442,566,1,0,0,0,6,0,0.0,0.0,0.0,0.0
1630679129442,566,1,0,0,0,6,0,0.0,0.0,0.0,0.0
1630679130442,566,1,0,0,0,6,0,0.0,0.0,0.0,0.0
1630679131442,566,1,0,0,0,6,0,0.0,0.0,0.0,0.0
1630679132442,566,1,0,0,0,6,0,0.0,0.0,0.0,0.0
1630679133442,566,1,0,0,0,6,0,0.0,0.0,0.0,0.0
1630679134442,566,1,0,0,0,6,0,0.0,0.0,0.0,0.0
1630679135442,566,1,0,0,0,6,0,0.0,0.0,0.0,0.0
1630679136442,566,1,0,0,0,6,0,0.0,0.0,0.0,0.0
1630679137442,566,1,0,0,0,6,0,0.0,0.0,0.0,0.0
1630679138442,566,1,0,0,0,6,0,0.0,0.0,0.0,0.0
1630679139442,566,1,0,0,0,6,0,0.0,0.0,0.0,0.0
1630679140442,566,1,0,0,0,6,0,0.0,0.0,0.0,0.0
1630679141442,566,1,0,0,0,6,0,0.0,0.0,0.0,0.0
1630679142442,566,1,0,0,0,6,0,0.0,0.0,0.0,0.0
1630679143442,566,1,0,0,0,6,0,0.0,0.0,0.0,0.0
1630679144442,566,1,0,0,0,6,0,0.0,0.0,0.0,0.0
1630679145442,566,1,0,0,0,6,0,0.0,0.0,0.0,0.0
1630679146442,566,1,0,0,0,6,0,0.0,0.0,0.0,0.0
1630679147442,566,1,0,0,0,6,0,0.0,0.0,0.0,0.0
1630679148442,566,1,0,0,0,6,0,0.0,0.0,0.0,0.0
1630679149442,566,1,0,0,0,6,0,0.0,0.0,0.0,0.0
1630679150442,566,1,0,0,0,6,0,0.0,0.0,0.0,0.0
1630679151442,566,1,0,0,0,6,0,0.0,0.0,0.0,0.0
1630679152442,566,1,0,0,0,6,0,0.0,0.0,0.0,0.0
1630679153442,566,1,0,0,0,6,0,0.0,0.0,0.0,0.0
1630679154442,566,1,0,0,0,6,0,0.0,0.0,0.0,0.0
1630679155442,566,1,0,0,0,6,0,0.0,0.0,0.0,0.0
1630679156442,566,1,0,0,0,6,0,0.0,0.0,0.0,0.0
1630679157442,566,1,0,0,0,6,0,0.0,0.0,0.0,0.0
1630679158442,566,1,0,0,0,6,0,0.0,0.0,0.0,0.0
1630679159442,566,1,0,0,0,6,0,0.0,0.0,0.0,0.0
1630679160442,566,1,0,0,0,6,0,0.0,0.0,0.0,0.0
1630679161442,566,1,0,0,0,6,0,0.0,0.0,0.0,0.0
1630679162442,566,1,0,0,0,6,0,0.0,0.0,0.0,0.0
1630679163442,566,1,0,0,0,6,0,0.0,0.0,0.0,0.0
1630679164442,566,1,0,0,0,6,0,0.0,0.0,0.0,0.0
1630679165442,566,1,0,0,0,6,0,0.0,0.0,0.0,0.0
1630679166442,566,1,0,0,0,6,0,0.0,0.0,0.0,0.0
1630679167442,566,1,0,0,0,6,0,0.0,0.0,0.0,0.0
1630679168442,566,1,0,0,0,6,0,0.0,0.0,0.0,0.0
1630679169442,566,1,0,0,0,6,0,0.0,0.0,0.0,0.0
1630679170442,566,1,0,0,0,6,0,0.0,0.0,0.0,0.0
1630679171442,566,1,0,0,0,6,0,0.0,0.0,0.0,0.0
1630679172442,566,1,0,0,0,6,0,0.0,0.0,0.0,0.0
1630679173442,566,1,0,0,0,6,0,0.0,0.0,0.0,0.0
1630679174442,566,1,0,0,0,6,0,0.0,0.0,0.0,0.0
1630679175442,566,1,0,0,0,6,0,0.0,0.0,0.0,0.0
1630679176442,566,1,0,0,0,6,0,0.0,0.0,0.0,0.0
1630679177442,566,1,0,0,0,6,0,0.0,0.0,0.0,0.0
1630679178442,566,1,0,0,0,6,0,0.0,0.0,0.0,0.0
1630679179442,566,1,0,0,0,6,0,0.0,0.0,0.0,0.0
1630679180442,566,1,0,0,0,6,0,0.0,0.0,0.0,0.0
1630679181442,566,1,0,0,0,6,0,0.0,0.0,0.0,0.0
1630679182442,566,1,0,0,0,6,0,0.0,0.0,0.0,0.0
1630679183442,566,1,0,0,0,6,0,0.0,0.0,0.0,0.0
1630679184442,566,1,0,0,0,6,0,0.0,0.0,0.0,0.0
1630679185442,566,1,0,0,0,6,0,0.0,0.0,0.0,0.0
1630679186442,566,1,0,0,0,6,0,0.0,0.0,0.0,0.0
1630679187442,566,1,0,0,0,6,0,0.0,0.0,0.0,0.0
1630679188442,566,1,0,0,0,6,0,0.0,0.0,0.0,0.0
1630679189442,566,1,0,0,0,6,0,0.0,0.0,0.0,0.0
1630679190442,566,1,0,0,0,6,0,0.0,0.0,0.0,0.0
1630679191442,566,1,0,0,0,6,0,0.0,0.0,0.0,0.0
1630679192442,566,1,0,0,0,6,0,0.0,0.0,0.0,0.0
1630679193442,566,1,0,0,0,6,0,0.0,0.0,0.0,0.0
1630679194442,566,1,0,0,0,6,0,0.0,0.0,0.0,0.0
1630679195442,566,1,0,0,0,6,0,0.0,0.0,0.0,0.0
1630679196442,566,1,0,0,0,6,0,0.0,0.0,0.0,0.0
1630679197442,566,1,0,0,0,6,0,0.0,0.0,0.0,0.0
1630679198442,566,1,0,0,0,6,0,0.0,0.0,0.0,0.0
1630679199442,566,1,0,0,0,6,0,0.0,0.0,0.0,0.0
1630679200442,566,1,0,0,0,6,0,0.0,0.0,0.0,0.0
1630679201442,566,1,0,0,0,6,0,0.0,0.0,0.0,0.0
1630679202442,566,1,0,0,0,6,0,0.0,0.0,0.0,0.0
1630679203442,566,1,0,0,0,6,0,0.0,0.0,0.0,0.0
1630679204442,566,1,0,0,0,6,0,0.0,0.0,0.0,0.0
1630679205442,566,1,0,0,0,6,0,0.0,0.0,0.0,0.0
1630679206442,566,1,0,0,0,6,0,0.0,0.0,0.0,0.0
1630679207442,566,1,0,0,0,6,0,0.0,0.0,0.0,0.0
1630679208442,566,1,0,0,0,6,0,0.0,0.0,0.0,0.0
1630679209442,566,1,0,0,0,6,0,0.0,0.0,0.0,0.0
1630679210442,566,1,0,0,0,6,0,0.0,0.0,0.0,0.0
1630679211442,566,1,0,0,0,6,0,0.0,0.0,0.0,0.0
1630679212442,566,1,0,0,0,6,0,0.0,0.0,0.0,0.0
1630679213442,566,1,0,0,0,6,0,0.0,0.0,0.0,0.0
1630679214442,566,1,0,0,0,6,0,0.0,0.0,0.0,0.0
1630679215442,566,1,0,0,0,6,0,0.0,0.0,0.0,0.0
1630679216442,566,1,0,0,0,6,0,0.0,0.0,0.0,0.0
1630679217442,566,1,0,0,0,6,0,0.0,0.0,0.0,0.0
1630679218442,566,1,0,0,0,6,0,0.0,0.0,0.0,0.0
1630679219442,566,1,0,0,0,6,0,0.0,0.0,0.0,0.0
1630679220442,566,1,0,0,0,6,0,0.0,0.0,0.0,0.0
1630679221442,566,1,0,0,0,6,0,0.0,0.0,0.0,0.0
1630679222442,566,1,0,0,0,6,0,0.0,0.0,0.0,0.0
1630679223442,566,1,0,0,0,6,0,0.0,0.0,0.0,0.0
1630679224442,566,1,0,0,0,6,0,0.0,0.0,0.0,0.0
1630679225442,566,1,0,0,0,6,0,0.0,0.0,0.0,0.0
1630679226442,566,1,0,0,0,6,0,0.0,0.0,0.0,0.0
1630679227442,566,1,0,0,0,6,0,0.0,0.0,0.0,0.0
1630679228442,566,1,0,0,0,6,0,0.0,0.0,0.0,0.0
1630679229442,566,1,0,0,0,6,0,0.0,0.0,0.0,0.0
1630679230442,566,1,0,0,0,6,0,0.0,0.0,0.0,0.0
1630679231442,566,1,0,0,0,6,0,0.0,0.0,0.0,0.0
1630679232442,566,1,0,0,0,6,0,0.0,0.0,0.0,0.0
1630679233442,566,1,0,0,0,6,0,0.0,0.0,0.0,0.0
1630679234442,566,1,0,0,0,6,0,0.0,0.0,0.0,0.0
1630679235442,566,1,0,0,0,6,0,0.0,0.0,0.0,0.0
1630679236442,566,1,0,0,0,6,0,0.0,0.0,0.0,0.0
1630679237442,566,1,0,0,0,6,0,0.0,0.0,0.0,0.0
1630679238442,566,1,0,0,0,6,0,0.0,0.0,0.0,0.0
1630679239442,566,1,0,0,0,6,0,0.0,0.0,0.0,0.0
1630679240442,566,1,0,0,0,6,0,0.0,0.0,0.0,0.0
1630679241442,566,1,0,0,0,6,0,0.0,0.0,0.0,0.0
1630679242442,566,1,0,0,0,6,0,0.0,0.0,0.0,0.0
1630679243442,566,1,0,0,0,6,0,0.0,0.0,0.0,0.0
1630679244442,566,1,0,0,0,6,0,0.0,0.0,0.0,0.0
1630679245442,566,1,0,0,0,6,0,0.0,0.0,0.0,0.0
1630679246442,566,1,0,0,0,6,0,0.0,0.0,0.0,0.0
1630679247442,566,1,0,0,0,6,0,0.0,0.0,0.0,0.0
1630679248442,566,1,0,0,0,6,0,0.0,0.0,0.0,0.0
1630679249442,566,1,0,0,0,6,0,0.0,0.0,0.0,0.0
1630679250442,566,1,0,0,0,6,0,0.0,0.0,0.0,0.0
1630679251442,566,1,0,0,0,6,0,0.0,0.0,0.0,0.0
1630679252442,566,1,0,0,0,6,0,0.0,0.0,0.0,0.0
1630679253442,566,1,0,0,0,6,0,0.0,0.0,0.0,0.0
1630679254442,566,1,0,0,0,6,0,0.0,0.0,0.0,0.0
1630679255442,566,1,0,0,0,6,0,0.0,0.0,0.0,0.0
1630679256442,566,1,0,0,0,6,0,0.0,0.0,0.0,0.0
1630679257442,566,1,0,0,0,6,0,0.0,0.0,0.0,0.0
1630679258442,566,1,0,0,0,6,0,0.0,0.0,0.0,0.0
1630679259442,566,1,0,0,0,6,0,0.0,0.0,0.0,0.0
1630679260442,566,1,0,0,0,6,0,0.0,0.0,0.0,0.0
1630679261442,566,1,0,0,0,6,0,0.0,0.0,0.0,0.0
1630679262442,566,1,0,0,0,6,0,0.0,0.0,0.0,0.0
1630679263442,566,1,0,0,0,6,0,0.0,0.0,0.0,0.0
1630679264442,566,1,0,0,0,6,0,0.0,0.0,0.0,0.0
1630679265442,566,1,0,0,0,6,0,0.0,0.0,0.0,0.0
1630679266442,566,1,0,0,0,6,0,0.0,0.0,0.0,0.0
1630679267442,566,1,0,0,0,6,0,0.0,0.0,0.0,0.0
1630679268442,566,1,0,0,0,6,0,0.0,0.0,0.0,0.0
1630679269442,566,1,0,0,0,6,0,0.0,0.0,0.0,0.0
1630679270442,566,1,0,0,0,6,0,0.0,0.0,0.0,0.0
1630679271442,566,1,0,0,0,6,0,0.0,0.0,0.0,0.0
1630679272442,566,1,0,0,0,6,0,0.0,0.0,0.0,0.0
1630679273442,566,1,0,0,0,6,0,0.0,0.0,0.0,0.0
1630679274442,566,1,0,0,0,6,0,0.0,0.0,0.0,0.0
1630679275442,566,1,0,0,0,6,0,0.0,0.0,0.0,0.0
1630679276442,566,1,0,0,0,6,0,0.0,0.0,0.0,0.0
1630679277442,566,1,0,0,0,6,0,0.0,0.0,0.0,0.0
1630679278442,566,1,0,0,0,6,0,0.0,0.0,0.0,0.0
1630679279442,566,1,0,0,0,6,0,0.0,0.0,0.0,0.0
1630679280442,566,1,0,0,0,6,0,0.0,0.0,0.0,0.0
1630679281442,566,1,0,0,0,6,0,0.0,0.0,0.0,0.0
1630679282442,566,1,0,0,0,6,0,0.0,0.0,0.0,0.0
1630679283442,566,1,0,0,0,6,0,0.0,0.0,0.0,0.0
1630679284442,566,1,0,0,0,6,0,0.0,0.0,0.0,0.0
1630679285442,566,1,0,0,0,6,0,0.0,0.0,0.0,0.0
1630679286442,566,1,0,0,0,6,0,0.0,0.0,0.0,0.0
1630679287442,566,1,0,0,0,6,0,0.0,0.0,0.0,0.0
1630679288442,566,1,0,0,0,6,0,0.0,0.0,0.0,0.0
1630679289442,566,1,0,0,0,6,0,0.0,0.0,0.0,0.0
1630679290442,566,1,0,0,0,6,0,0.0,0.0,0.0,0.0
1630679291442,566,1,0,0,0,6,0,0.0,0.0,0.0,0.0
1630679292442,566,1,0,0,0,6,0,0.0,0.0,0.0,0.0
1630679293442,566,1,0,0,0,6,0,0.0,0.0,0.0,0.0
1630679294442,566,1,0,0,0,6,0,0.0,0.0,0.0,0.0
1630679295442,566,1,0,0,0,6,0,0.0,0.0,0.0,0.0
1630679296442,566,1,0,0,0,6,0,0.0,0.0,0.0,0.0
1630679297442,566,1,0,0,0,6,0,0.0,0.0,0.0,0.0
1630679298442,566,1,0,0,0,6,0,0.0,0.0,0.0,0.0
1630679299442,566,1,0,0,0,6,0,0.0,0.0,0.0,0.0
1630679300442,566,1,0,0,0,6,0,0.0,0.0,0.0,0.0
1630679301442,566,1,0,0,0,6,0,0.0,0.0,0.0,0.0
1630679302442,566,1,0,0,0,6,0,0.0,0.0,0.0,0.0
1630679303442,566,1,0,0,0,6,0,0.0,0.0,0.0,0.0
1630679304442,566,1,0,0,0,6,0,0.0,0.0,0.0,0.0
1630679305442,566,1,0,0,0,6,0,0.0,0.0,0.0,0.0
1630679306442,566,1,0,0,0,6,0,0.0,0.0,0.0,0.0
1630679307442,566,1,0,0,0,6,0,0.0,0.0,0.0,0.0
1630679308442,566,1,0,0,0,6,0,0.0,0.0,0.0,0.0
1630679309442,566,1,0,0,0,6,0,0.0,0.0,0.0,0.0
1630679310442,566,1,0,0,0,6,0,0.0,0.0,0.0,0.0
1630679311442,566,1,0,0,0,6,0,0.0,0.0,0.0,0.0
1630679312442,566,1,0,0,0,6,0,0.0,0.0,0.0,0.0
1630679313442,566,1,0,0,0,6,0,0.0,0.0,0.0,0.0
1630679314442,566,1,0,0,0,6,0,0.0,0.0,0.0,0.0
1630679315442,566,1,0,0,0,6,0,0.0,0.0,0.0,0.0
1630679316442,566,1,0,0,0,6,0,0.0,0.0,0.0,0.0
1630679317442,566,1,0,0,0,6,0,0.0,0.0,0.0,0.0
1630679318442,566,1,0,0,0,6,0,0.0,0.0,0.0,0.0
1630679319442,566,1,0,0,0,6,0,0.0,0.0,0.0,0.0
1630679320442,566,1,0,0,0,6,0,0.0,0.0,0.0,0.0
1630679321442,566,1,0,0,0,6,0,0.0,0.0,0.0,0.0
1630679322442,566,1,0,0,0,6,0,0.0,0.0,0.0,0.0
1630679323442,566,1,0,0,0,6,0,0.0,0.0,0.0,0.0
1630679324442,566,1,0,0,0,6,0,0.0,0.0,0.0,0.0
1630679325442,566,1,0,0,0,6,0,0.0,0.0,0.0,0.0
1630679326442,566,1,0,0,0,6,0,0.0,0.0,0.0,0.0
1630679327442,566,1,0,0,0,6,0,0.0,0.0,0.0,0.0
1630679328442,566,1,0,0,0,6,0,0.0,0.0,0.0,0.0
1630679329442,566,1,0,0,0,6,0,0.0,0.0,0.0,0.0
1630679330442,566,1,0,0,0,6,0,0.0,0.0,0.0,0.0
1630679331442,566,1,0,0,0,6,0,0.0,0.0,0.0,0.0
1630679332442,566,1,0,0,0,6,0,0.0,0.0,0.0,0.0
1630679333442,566,1,0,0,0,6,0,0.0,0.0,0.0,0.0
1630679334442,566,1,0,0,0,6,0,0.0,0.0,0.0,0.0
1630679335442,566,1,0,0,0,6,0,0.0,0.0,0.0,0.0
1630679336442,566,1,0,0,0,6,0,0.0,0.0,0.0,0.0
1630679337442,566,1,0,0,0,6,0,0.0,0.0,0.0,0.0
1630679338442,566,1,0,0,0,6,0,0.0,0.0,0.0,0.0
1630679339442,566,1,0,0,0,6,0,0.0,0.0,0.0,0.0
1630679340442,566,1,0,0,0,6,0,0.0,0.0,0.0,0.0
1630679341442,566,1,0,0,0,6,0,0.0,0.0,0.0,0.0
1630679342442,566,1,0,0,0,6,0,0.0,0.0,0.0,0.0
1630679343442,566,1,0,0,0,6,0,0.0,0.0,0.0,0.0
1630679344442,566,1,0,0,0,6,0,0.0,0.0,0.0,0.0
1630679345442,566,1,0,0,0,6,0,0.0,0.0,0.0,0.0
1630679346442,566,1,0,0,0,6,0,0.0,0.0,0.0,0.0
1630679347442,566,1,0,0,0,6,0,0.0,0.0,0.0,0.0
1630679348442,566,1,0,0,0,6,0,0.0,0.0,0.0,0.0
1630679349442,566,1,0,0,0,6,0,0.0,0.0,0.0,0.0
1630679350442,566,1,0,0,0,6,0,0.0,0.0,0.0,0.0
1630679351442,566,1,0,0,0,6,0,0.0,0.0,0.0,0.0
1630679352442,566,1,0,0,0,6,0,0.0,0.0,0.0,0.0
1630679353442,566,1,0,0,0,6,0,0.0,0.0,0.0,0.0
1630679354442,566,1,0,0,0,6,0,0.0,0.0,0.0,0.0
1630679355442,566,1,0,0,0,6,0,0.0,0.0,0.0,0.0
1630679356442,566,1,0,0,0,6,0,0.0,0.0,0.0,0.0
1630679357442,566,1,0,0,0,6,0,0.0,0.0,0.0,0.0
1630679358442,566,1,0,0,0,6,0,0.0,0.0,0.0,0.0
1630679359442,566,1,0,0,0,6,0,0.0,0.0,0.0,0.0
1630679360442,566,1,0,0,0,6,0,0.0,0.0,0.0,0.0
1630679361442,566,1,0,0,0,6,0,0.0,0.0,0.0,0.0
1630679362442,566,1,0,0,0,6,0,0.0,0.0,0.0,0.0
1630679363442,566,1,0,0,0,6,0,0.0,0.0,0.0,0.0
1630679364442,566,1,0,0,0,6,0,0.0,0.0,0.0,0.0
1630679365442,566,1,0,0,0,6,0,0.0,0.0,0.0,0.0
1630679366442,566,1,0,0,0,6,0,0.0,0.0,0.0,0.0
1630679367442,566,1,0,0,0,6,0,0.0,0.0,0.0,0.0
1630679368442,566,1,0,0,0,6,0,0.0,0.0,0.0,0.0
1630679369442,566,1,0,0,0,6,0,0.0,0.0,0.0,0.0
1630679370442,566,1,0,0,0,6,0,0.0,0.0,0.0,0.0
1630679371442,566,1,0,0,0,6,0,0.0,0.0,0.0,0.0
1630679372442,566,1,0,0,0,6,0,0.0,0.0,0.0,0.0
1630679373442,566,1,0,0,0,6,0,0.0,0.0,0.0,0.0
1630679374442,566,1,0,0,0,6,0,0.0,0.0,0.0,0.0
1630679375442,566,1,0,0,0,6,0,0.0,0.0,0.0,0.0
1630679376442,566,1,0,0,0,6,0,0.0,0.0,0.0,0.0
1630679377442,566,1,0,0,0,6,0,0.0,0.0,0.0,0.0
1630679378442,566,1,0,0,0,6,0,0.0,0.0,0.0,0.0
1630679379442,566,1,0,0,0,6,0,0.0,0.0,0.0,0.0
1630679380442,566,1,0,0,0,6,0,0.0,0.0,0.0,0.0
1630679381442,566,1,0,0,0,6,0,0.0,0.0,0.0,0.0
1630679382442,566,1,0,0,0,6,0,0.0,0.0,0.0,0.0
1630679383442,566,1,0,0,0,6,0,0.0,0.0,0.0,0.0
1630679384442,566,1,0,0,0,6,0,0.0,0.0,0.0,0.0
1630679385442,566,1,0,0,0,6,0,0.0,0.0,0.0,0.0
1630679386442,566,1,0,0,0,6,0,0.0,0.0,0.0,0.0
1630679387442,566,1,0,0,0,6,0,0.0,0.0,0.0,0.0
1630679388442,566,1,0,0,0,6,0,0.0,0.0,0.0,0.0
1630679389442,566,1,0,0,0,6,0,0.0,0.0,0.0,0.0
1630679390442,566,1,0,0,0,6,0,0.0,0.0,0.0,0.0
1630679391442,566,1,0,0,0,6,0,0.0,0.0,0.0,0.0
1630679392442,566,1,0,0,0,6,0,0.0,0.0,0.0,0.0
1630679393442,566,1,0,0,0,6,0,0.0,0.0,0.0,0.0
1630679394442,566,1,0,0,0,6,0,0.0,0.0,0.0,0.0
1630679395442,571,1,0,0,0,6,0,0.0,0.0,0.0,0.0
1630679396442,572,1,0,0,0,6,0,0.0,0.0,0.0,0.0
1630679397442,572,1,0,0,0,6,0,0.0,0.0,0.0,0.0
1630679398442,572,1,0,0,0,6,0,0.0,0.0,0.0,0.0
1630679399442,576,1,0,0,0,6,0,0.0,0.0,0.0,0.0
1630679400442,582,1,0,0,0,6,0,0.0,0.0,0.0,0.0
1630679401442,585,1,0,0,0,6,0,0.0,0.0,0.0,0.0
1630679402442,588,1,0,0,0,6,0,0.0,0.0,0.0,0.0
1630679403442,596,1,0,0,0,6,0,0.0,0.0,0.0,0.0
1630679404442,597,1,0,0,0,6,0,0.0,0.0,0.0,0.0
1630679405442,599,1,0,0,0,6,0,0.0,0.0,0.0,0.0
1630679406442,603,1,0,0,0,6,0,0.0,0.0,0.0,0.0
1630679407442,609,1,0,0,0,6,0,0.0,0.0,0.0,0.0
1630679408442,612,1,0,0,0,6,0,0.0,0.0,0.0,0.0
1630679409442,612,1,0,0,0,6,0,0.0,0.0,0.0,0.0
1630679410442,612,1,0,0,0,6,0,0.0,0.0,0.0,0.0
1630679411442,612,1,0,0,0,6,0,0.0,0.0,0.0,0.0
1630679412442,612,1,0,0,0,6,0,0.0,0.0,0.0,0.0
1630679413442,612,1,0,0,0,6,0,0.0,0.0,0.0,0.0
1630679414442,612,1,0,0,0,6,0,0.0,0.0,0.0,0.0
1630679415442,612,1,0,0,0,6,0,0.0,0.0,0.0,0.0
1630679416442,612,1,0,0,0,6,0,0.0,0.0,0.0,0.0
1630679417442,612,1,0,0,0,6,0,0.0,0.0,0.0,0.0
1630679418442,612,1,0,0,0,6,0,0.0,0.0,0.0,0.0
1630679419442,612,1,0,0,0,6,0,0.0,0.0,0.0,0.0
1630679420442,612,1,0,0,0,6,0,0.0,0.0,0.0,0.0
1630679421442,612,1,0,0,0,6,0,0.0,0.0,0.0,0.0
1630679422442,612,1,0,0,0,6,0,0.0,0.0,0.0,0.0
1630679423442,612,1,0,0,0,6,0,0.0,0.0,0.0,0.0
1630679424442,612,1,0,0,0,6,0,0.0,0.0,0.0,0.0
1630679425442,612,1,0,0,0,6,0,0.0,0.0,0.0,0.0
1630679426442,612,1,0,0,0,6,0,0.0,0.0,0.0,0.0
1630679427442,612,1,0,0,0,6,0,0.0,0.0,0.0,0.0
1630679428442,612,1,0,0,0,6,0,0.0,0.0,0.0,0.0
1630679429442,612,1,0,0,0,6,0,0.0,0.0,0.0,0.0
1630679430442,612,1,0,0,0,6,0,0.0,0.0,0.0,0.0
1630679431442,612,1,0,0,0,6,0,0.0,0.0,0.0,0.0
1630679432442,612,1,0,0,0,6,0,0.0,0.0,0.0,0.0
1630679433442,612,1,0,0,0,6,0,0.0,0.0,0.0,0.0
1630679434442,612,1,0,0,0,6,0,0.0,0.0,0.0,0.0
1630679435442,612,1,0,0,0,6,0,0.0,0.0,0.0,0.0
1630679436442,612,1,0,0,0,6,0,0.0,0.0,0.0,0.0
1630679437442,612,1,0,0,0,6,0,0.0,0.0,0.0,0.0
1630679438442,612,1,0,0,0,6,0,0.0,0.0,0.0,0.0
1630679439442,612,1,0,0,0,6,0,0.0,0.0,0.0,0.0
1630679440442,612,1,0,0,0,6,0,0.0,0.0,0.0,0.0
1630679441442,612,1,0,0,0,6,0,0.0,0.0,0.0,0.0
1630679442442,612,1,0,0,0,6,0,0.0,0.0,0.0,0.0
1630679443442,612,1,0,0,0,6,0,0.0,0.0,0.0,0.0
1630679444442,613,1,0,0,0,6,0,0.0,0.0,0.0,0.0
1630679445442,620,1,0,0,0,6,0,0.0,0.0,0.0,0.0
1630679446442,630,1,0,0,0,6,0,0.0,0.0,0.0,0.0
1630679447442,637,1,0,0,0,6,0,0.0,0.0,0.0,0.0
1630679448442,648,1,0,0,0,6,0,0.0,0.0,0.0,0.0
1630679449442,654,1,0,0,0,6,0,0.0,0.0,0.0,0.0
1630679450442,664,1,0,0,0,7,0,0.0,0.0,0.0,0.0
1630679451442,671,1,0,0,0,8,0,0.0,0.0,0.0,0.0
1630679452442,680,1,0,0,0,9,0,0.0,0.0,0.0,0.0
1630679453442,691,1,0,0,0,10,0,0.0,0.0,0.0,0.0
1630679454442,697,1,0,0,0,11,0,0.0,0.0,0.0,0.0
1630679455442,708,1,0,0,0,13,0,0.0,0.0,0.0,0.0
1630679456442,716,1,0,0,0,14,0,0.0,0.0,0.0,0.0
1630679457442,726,1,0,0,0,14,0,0.0,0.0,0.0,0.0
1630679458442,734,1,0,0,0,15,0,0.0,0.0,0.0,0.0
1630679459442,745,1,0,0,0,16,0,0.0,0.0,0.0,0.0
1630679460442,752,1,0,0,0,16,0,0.0,0.0,0.0,0.0
1630679461442,763,1,0,0,0,18,0,0.0,0.0,0.0,0.0
1630679462442,770,1,0,0,0,18,0,0.0,0.0,0.0,0.0
1630679463442,782,1,0,0,0,19,0,0.0,0.0,0.0,0.0
1630679464442,788,1,0,0,0,20,0,0.0,0.0,0.0,0.0
1630679465442,800,1,0,0,0,20,0,0.0,0.0,0.0,0.0
1630679466442,807,1,0,0,0,20,0,0.0,0.0,0.0,0.0
1630679467442,815,1,0,0,0,20,0,0.0,0.0,0.0,0.0
1630679468442,827,1,0,0,0,20,0,0.0,0.0,0.0,0.0
1630679469442,838,1,0,0,0,20,0,0.0,0.0,0.0,0.0
1630679470442,844,1,0,0,0,21,0,0.0,0.0,0.0,0.0
1630679471442,854,1,0,0,0,23,0,0.0,0.0,0.0,0.0
1630679472442,861,1,0,0,0,25,0,0.0,0.0,0.0,0.0
1630679473442,871,1,0,0,0,28,0,0.0,0.0,0.0,0.0
1630679474442,877,1,0,0,0,28,0,0.0,0.0,0.0,0.0
1630679475442,886,1,0,0,0,31,0,0.0,0.0,0.0,0.0
1630679476442,893,1,0,0,0,33,0,0.0,0.0,0.0,0.0
1630679477442,903,1,0,0,0,35,0,0.0,0.0,0.0,0.0
1630679478442,909,1,0,0,0,37,0,0.0,0.0,0.0,0.0
1630679479442,920,1,0,0,0,40,0,0.0,0.0,0.0,0.0
1630679480442,928,1,0,0,0,42,0,0.0,0.0,0.0,0.0
1630679481442,938,1,0,0,0,45,0,0.0,0.0,0.0,0.0
1630679482442,945,1,0,0,0,47,0,0.0,0.0,0.0,0.0
1630679483442,955,1,0,0,0,50,0,0.0,0.0,0.0,0.0
1630679484442,962,1,0,0,0,52,0,0.0,0.0,0.0,0.0
1630679485442,972,1,0,0,0,53,0,0.0,0.0,0.0,0.0
1630679486442,980,1,0,0,0,53,0,0.0,0.0,0.0,0.0
1630679487442,991,1,0,0,0,55,0,0.0,0.0,0.0,0.0
1630679488442,999,1,0,0,0,56,0,0.0,0.0,0.0,0.0
1630679489442,1009,1,0,0,0,56,0,0.0,0.0,0.0,0.0
1630679490442,1017,1,0,0,0,57,0,0.0,0.0,0.0,0.0
1630679491442,1028,1,0,0,0,59,0,0.0,0.0,0.0,0.0
1630679492442,1035,1,0,0,0,60,0,0.0,0.0,0.0,0.0
1630679493442,1046,1,0,0,0,60,0,0.0,0.0,0.0,0.0
1630679494442,1053,1,0,0,0,61,0,0.0,0.0,0.0,0.0
1630679495442,1064,1,0,0,0,63,0,0.0,0.0,0.0,0.0
1630679496442,1072,1,0,0,0,64,0,0.0,0.0,0.0,0.0
1630679497442,1083,1,0,0,0,64,0,0.0,0.0,0.0,0.0
1630679498442,1090,1,0,0,0,65,0,0.0,0.0,0.0,0.0
1630679499442,1102,1,0,0,0,66,0,0.0,0.0,0.0,0.0
1630679500442,1109,1,0,0,0,67,0,0.0,0.0,0.0,0.0
1630679501442,1119,1,0,0,0,69,0,0.0,0.0,0.0,0.0
1630679502442,1126,1,0,0,0,71,0,0.0,0.0,0.0,0.0
1630679503442,1133,1,0,0,0,73,0,0.0,0.0,0.0,0.0
1630679504442,1145,1,0,0,0,76,0,0.0,0.0,0.0,0.0
1630679505442,1152,1,0,0,0,78,0,0.0,0.0,0.0,0.0
1630679506442,1163,1,0,0,0,80,0,0.0,0.0,0.0,0.0
1630679507442,1170,1,0,0,0,82,0,0.0,0.0,0.0,0.0
1630679508442,1177,1,0,0,0,83,0,0.0,0.0,0.0,0.0
1630679509442,1189,1,0,0,0,85,0,0.0,0.0,0.0,0.0
1630679510442,1196,1,0,0,0,85,0,0.0,0.0,0.0,0.0
1630679511442,1207,1,0,0,0,86,0,0.0,0.0,0.0,0.0
1630679512442,1215,1,0,0,0,87,0,0.0,0.0,0.0,0.0
1630679513442,1226,1,0,0,0,87,0,0.0,0.0,0.0,0.0
1630679514442,1234,1,0,0,0,87,0,0.0,0.0,0.0,0.0
1630679515442,1245,1,0,0,0,88,0,0.0,0.0,0.0,0.0
1630679516442,1252,1,0,0,0,89,0,0.0,0.0,0.0,0.0
1630679517442,1260,1,0,0,0,90,0,0.0,0.0,0.0,0.0
1630679518442,1271,1,0,0,0,92,0,0.0,0.0,0.0,0.0
1630679519442,1279,1,0,0,0,94,0,0.0,0.0,0.0,0.0
1630679520442,1290,1,0,0,0,95,0,0.0,0.0,0.0,0.0
1630679521442,1297,1,0,0,0,96,0,0.0,0.0,0.0,0.0
1630679522442,1308,1,0,0,0,98,0,0.0,0.0,0.0,0.0
1630679523442,1316,1,0,0,0,99,0,0.0,0.0,0.0,0.0
1630679524442,1324,1,0,0,0,99,0,0.0,0.0,0.0,0.0
1630679525442,1335,1,0,0,0,100,0,0.0,0.0,0.0,0.0
1630679526442,1343,1,0,0,0,101,0,0.0,0.0,0.0,0.0
1630679527442,1355,1,0,0,0,102,0,0.0,0.0,0.0,0.0
1630679528442,1362,1,0,0,0,102,0,0.0,0.0,0.0,0.0
1630679529442,1370,1,0,0,0,103,0,0.0,0.0,0.0,0.0
1630679530442,1382,1,0,0,0,104,0,0.0,0.0,0.0,0.0
1630679531442,1389,1,0,0,0,104,0,0.0,0.0,0.0,0.0
1630679532442,1400,1,0,0,0,106,0,0.0,0.0,0.0,0.0
1630679533442,1407,1,0,0,0,107,0,0.0,0.0,0.0,0.0
1630679534442,1415,1,0,0,0,108,0,0.0,0.0,0.0,0.0
1630679535442,1426,1,0,0,0,109,0,0.0,0.0,0.0,0.0
1630679536442,1434,1,0,0,0,110,0,0.0,0.0,0.0,0.0
1630679537442,1445,1,0,0,0,112,0,0.0,0.0,0.0,0.0
1630679538442,1453,1,0,0,0,113,0,0.0,0.0,0.0,0.0
1630679539442,1463,1,0,0,0,114,0,0.0,0.0,0.0,0.0
1630679540442,1471,1,0,0,0,115,0,0.0,0.0,0.0,0.0
1630679541442,1478,1,0,0,0,116,0,0.0,0.0,0.0,0.0
1630679542442,1490,1,0,0,0,118,0,0.0,0.0,0.0,0.0
1630679543442,1498,1,0,0,0,118,0,0.0,0.0,0.0,0.0
1630679544442,1508,1,0,0,0,118,0,0.0,0.0,0.0,0.0
1630679545442,1516,1,0,0,0,119,0,0.0,0.0,0.0,0.0
1630679546442,1527,1,0,0,0,121,0,0.0,0.0,0.0,0.0
1630679547442,1534,1,0,0,0,122,0,0.0,0.0,0.0,0.0
1630679548442,1542,1,0,0,0,123,0,0.0,0.0,0.0,0.0
1630679549442,1553,1,0,0,0,124,0,0.0,0.0,0.0,0.0
1630679550442,1561,1,0,0,0,124,0,0.0,0.0,0.0,0.0
1630679551442,1572,1,0,0,0,125,0,0.0,0.0,0.0,0.0
1630679552442,1579,1,0,0,0,126,0,0.0,0.0,0.0,0.0
1630679553442,1590,1,0,0,0,127,0,0.0,0.0,0.0,0.0
1630679554442,1597,1,0,0,0,128,0,0.0,0.0,0.0,0.0
1630679555442,1609,1,0,0,0,130,0,0.0,0.0,0.0,0.0
1630679556442,1616,1,0,0,0,131,0,0.0,0.0,0.0,0.0
1630679557442,1624,1,0,0,0,132,0,0.0,0.0,0.0,0.0
1630679558442,1635,1,0,0,0,132,0,0.0,0.0,0.0,0.0
1630679559442,1643,1,0,0,0,133,0,0.0,0.0,0.0,0.0
1630679560442,1656,1,0,0,0,133,0,0.0,0.0,0.0,0.0
1630679561442,1664,1,0,0,0,133,0,0.0,0.0,0.0,0.0
1630679562442,1672,1,0,0,0,135,0,0.0,0.0,0.0,0.0
1630679563442,1683,1,0,0,0,136,0,0.0,0.0,0.0,0.0
1630679564442,1692,1,0,0,0,136,0,0.0,0.0,0.0,0.0
1630679565442,1704,1,0,0,0,137,0,0.0,0.0,0.0,0.0
1630679566442,1712,1,0,0,0,138,0,0.0,0.0,0.0,0.0
1630679567442,1720,1,0,0,0,139,0,0.0,0.0,0.0,0.0
1630679568442,1731,1,0,0,0,141,0,0.0,0.0,0.0,0.0
1630679569442,1739,1,0,0,0,142,0,0.0,0.0,0.0,0.0
1630679570442,1752,1,0,0,0,143,0,0.0,0.0,0.0,0.0
1630679571442,1759,1,0,0,0,144,0,0.0,0.0,0.0,0.0
1630679572442,1767,1,0,0,0,145,0,0.0,0.0,0.0,0.0
1630679573442,1779,1,0,0,0,148,0,0.0,0.0,0.0,0.0
1630679574442,1787,1,0,0,0,149,0,0.0,0.0,0.0,0.0
1630679575442,1796,1,0,0,0,151,0,0.0,0.0,0.0,0.0
1630679576442,1807,1,0,0,0,154,0,0.0,0.0,0.0,0.0
1630679577442,1814,1,0,0,0,156,0,0.0,0.0,0.0,0.0
1630679578442,1822,1,0,0,0,157,0,0.0,0.0,0.0,0.0
1630679579442,1833,1,0,0,0,158,0,0.0,0.0,0.0,0.0
1630679580442,1841,1,0,0,0,159,0,0.0,0.0,0.0,0.0
1630679581442,1853,1,0,0,0,161,0,0.0,0.0,0.0,0.0
1630679582442,1861,1,0,0,0,162,0,0.0,0.0,0.0,0.0
1630679583442,1872,1,0,0,0,164,0,0.0,0.0,0.0,0.0
1630679584442,1880,1,0,0,0,165,0,0.0,0.0,0.0,0.0
1630679585442,1887,1,0,0,0,166,0,0.0,0.0,0.0,0.0
1630679586442,1899,1,0,0,0,168,0,0.0,0.0,0.0,0.0
1630679587442,1907,1,0,0,0,169,0,0.0,0.0,0.0,0.0
1630679588442,1915,1,0,0,0,170,0,0.0,0.0,0.0,0.0
1630679589442,1926,1,0,0,0,171,0,0.0,0.0,0.0,0.0
1630679590442,1934,1,0,0,0,172,0,0.0,0.0,0.0,0.0
1630679591442,1945,1,0,0,0,174,0,0.0,0.0,0.0,0.0
1630679592442,1953,1,0,0,0,175,0,0.0,0.0,0.0,0.0
1630679593442,1960,1,0,0,0,177,0,0.0,0.0,0.0,0.0
1630679594442,1972,1,0,0,0,178,0,0.0,0.0,0.0,0.0
1630679595442,1980,1,0,0,0,179,0,0.0,0.0,0.0,0.0
1630679596442,1992,1,0,0,0,181,0,0.0,0.0,0.0,0.0
1630679597442,2000,1,0,0,0,183,0,0.0,0.0,0.0,0.0
1630679598442,2008,1,0,0,0,184,0,0.0,0.0,0.0,0.0
1630679599442,2019,1,0,0,0,185,0,0.0,0.0,0.0,0.0
1630679600442,2026,1,0,0,0,186,0,0.0,0.0,0.0,0.0
1630679601442,2034,1,0,0,0,188,0,0.0,0.0,0.0,0.0
1630679602442,2045,1,0,0,0,191,0,0.0,0.0,0.0,0.0
1630679603442,2053,1,0,0,0,193,0,0.0,0.0,0.0,0.0
1630679604442,2064,1,0,0,0,194,0,0.0,0.0,0.0,0.0
1630679605442,2072,1,0,0,0,195,0,0.0,0.0,0.0,0.0
1630679606442,2079,1,0,0,0,196,0,0.0,0.0,0.0,0.0
1630679607442,2091,1,0,0,0,198,0,0.0,0.0,0.0,0.0
1630679608442,2099,1,0,0,0,199,0,0.0,0.0,0.0,0.0
1630679609442,2106,1,0,0,0,200,0,0.0,0.0,0.0,0.0
1630679610442,2118,1,0,0,0,201,0,0.0,0.0,0.0,0.0
1630679611442,2127,1,0,0,0,201,0,0.0,0.0,0.0,0.0
1630679612442,2135,1,0,0,0,202,0,0.0,0.0,0.0,0.0
1630679613442,2145,1,0,0,0,204,0,0.0,0.0,0.0,0.0
1630679614442,2152,1,0,0,0,205,0,0.0,0.0,0.0,0.0
1630679615442,2163,1,0,0,0,207,0,0.0,0.0,0.0,0.0
1630679616442,2170,1,0,0,0,209,0,0.0,0.0,0.0,0.0
1630679617442,2182,1,0,0,0,212,0,0.0,0.0,0.0,0.0
1630679618442,2190,1,0,0,0,213,0,0.0,0.0,0.0,0.0
1630679619442,2197,1,0,0,0,214,0,0.0,0.0,0.0,0.0
1630679620442,2208,1,0,0,0,216,0,0.0,0.0,0.0,0.0
1630679621442,2215,1,0,0,0,217,0,0.0,0.0,0.0,0.0
1630679622442,2225,1,0,0,0,220,0,0.0,0.0,0.0,0.0
1630679623442,2233,1,0,0,0,221,0,0.0,0.0,0.0,0.0
1630679624442,2241,1,0,0,0,223,0,0.0,0.0,0.0,0.0
1630679625442,2251,1,0,0,0,224,0,0.0,0.0,0.0,0.0
1630679626442,2258,1,0,0,0,225,0,0.0,0.0,0.0,0.0
1630679627442,2269,1,0,0,0,227,0,0.0,0.0,0.0,0.0
1630679628442,2277,1,0,0,0,229,0,0.0,0.0,0.0,0.0
1630679629442,2284,1,0,0,0,231,0,0.0,0.0,0.0,0.0
1630679630442,2295,1,0,0,0,233,0,0.0,0.0,0.0,0.0
1630679631442,2302,1,0,0,0,235,0,0.0,0.0,0.0,0.0
1630679632442,2313,1,0,0,0,238,0,0.0,0.0,0.0,0.0
1630679633442,2320,1,0,0,0,239,0,0.0,0.0,0.0,0.0
1630679634442,2327,1,0,0,0,242,0,0.0,0.0,0.0,0.0
1630679635442,2336,1,0,0,0,245,0,0.0,0.0,0.0,0.0
1630679636442,2344,1,0,0,0,246,0,0.0,0.0,0.0,0.0
1630679637442,2354,1,0,0,0,247,0,0.0,0.0,0.0,0.0
1630679638442,2361,1,0,0,0,248,0,0.0,0.0,0.0,0.0
1630679639442,2372,1,0,0,0,250,0,0.0,0.0,0.0,0.0
1630679640442,2378,1,0,0,0,252,0,0.0,0.0,0.0,0.0
1630679641442,2388,1,0,0,0,253,0,0.0,0.0,0.0,0.0
1630679642442,2395,1,0,0,0,255,0,0.0,0.0,0.0,0.0
1630679643442,2405,1,0,0,0,256,0,0.0,0.0,0.0,0.0
1630679644442,2412,1,0,0,0,256,0,0.0,0.0,0.0,0.0
1630679645442,2418,1,0,0,0,256,0,0.0,0.0,0.0,0.0
1630679646442,2425,1,0,0,0,257,0,0.0,0.0,0.0,0.0
1630679647442,2429,1,0,0,0,258,0,0.0,0.0,0.0,0.0
1630679648442,2433,1,0,0,0,258,0,0.0,0.0,0.0,0.0
1630679649442,2434,1,0,0,0,258,0,0.0,0.0,0.0,0.0
1630679650442,2438,1,0,0,0,258,0,0.0,0.0,0.0,0.0
1630679651442,2443,1,0,0,0,258,0,0.0,0.0,0.0,0.0
1630679652442,2443,1,0,0,0,258,0,0.0,0.0,0.0,0.0
1630679653442,2445,1,0,0,0,258,0,0.0,0.0,0.0,0.0
1630679654442,2445,1,0,0,0,258,0,0.0,0.0,0.0,0.0
1630679655442,2445,1,0,0,0,258,0,0.0,0.0,0.0,0.0
1630679656442,2445,1,0,0,0,258,0,0.0,0.0,0.0,0.0
1630679657442,2445,1,0,0,0,258,0,0.0,0.0,0.0,0.0
1630679658442,2445,1,0,0,0,258,0,0.0,0.0,0.0,0.0
1630679659442,2445,1,0,0,0,258,0,0.0,0.0,0.0,0.0
1630679660442,2445,1,0,0,0,258,0,0.0,0.0,0.0,0.0
1630679661442,2445,1,0,0,0,258,0,0.0,0.0,0.0,0.0
1630679662442,2453,1,0,0,0,258,0,0.0,0.0,0.0,0.0
1630679663442,2455,1,0,0,0,258,0,0.0,0.0,0.0,0.0
1630679664442,2455,1,0,0,0,258,0,0.0,0.0,0.0,0.0
1630679665442,2455,1,0,0,0,258,0,0.0,0.0,0.0,0.0
1630679666442,2455,1,0,0,0,258,0,0.0,0.0,0.0,0.0
1630679667442,2455,1,0,0,0,258,0,0.0,0.0,0.0,0.0
1630679668442,2455,1,0,0,0,258,0,0.0,0.0,0.0,0.0
1630679669442,2455,1,0,0,0,258,0,0.0,0.0,0.0,0.0
1630679670442,2455,1,0,0,0,258,0,0.0,0.0,0.0,0.0
1630679671442,2455,1,0,0,0,258,0,0.0,0.0,0.0,0.0
1630679672442,2455,1,0,0,0,258,0,0.0,0.0,0.0,0.0
1630679673442,2455,1,0,0,0,258,0,0.0,0.0,0.0,0.0
1630679674442,2455,1,0,0,0,258,0,0.0,0.0,0.0,0.0
1630679675442,2455,1,0,0,0,258,0,0.0,0.0,0.0,0.0
1630679676442,2455,1,0,0,0,258,0,0.0,0.0,0.0,0.0
1630679677442,2455,1,0,0,0,258,0,0.0,0.0,0.0,0.0
1630679678442,2455,1,0,0,0,258,0,0.0,0.0,0.0,0.0
1630679679442,2455,1,0,0,0,258,0,0.0,0.0,0.0,0.0
1630679680442,2455,1,0,0,0,258,0,0.0,0.0,0.0,0.0
1630679681442,2455,1,0,0,0,258,0,0.0,0.0,0.0,0.0
1630679682442,2455,1,0,0,0,258,0,0.0,0.0,0.0,0.0
1630679683442,2455,1,0,0,0,258,0,0.0,0.0,0.0,0.0
1630679684442,2455,1,0,0,0,258,0,0.0,0.0,0.0,0.0
1630679685442,2455,1,0,0,0,258,0,0.0,0.0,0.0,0.0
1630679686442,2455,1,0,0,0,258,0,0.0,0.0,0.0,0.0
1630679687442,2455,1,0,0,0,258,0,0.0,0.0,0.0,0.0
1630679688442,2455,1,0,0,0,258,0,0.0,0.0,0.0,0.0
1630679689442,2455,1,0,0,0,258,0,0.0,0.0,0.0,0.0
1630679690442,2455,1,0,0,0,258,0,0.0,0.0,0.0,0.0
1630679691442,2455,1,0,0,0,258,0,0.0,0.0,0.0,0.0
1630679692442,2455,1,0,0,0,258,0,0.0,0.0,0.0,0.0
1630679693442,2455,1,0,0,0,258,0,0.0,0.0,0.0,0.0
1630679694442,2455,1,0,0,0,258,0,0.0,0.0,0.0,0.0
1630679695442,2455,1,0,0,0,258,0,0.0,0.0,0.0,0.0
1630679696442,2455,1,0,0,0,258,0,0.0,0.0,0.0,0.0
1630679697442,2455,1,0,0,0,258,0,0.0,0.0,0.0,0.0
1630679698442,2455,1,0,0,0,258,0,0.0,0.0,0.0,0.0
1630679699442,2455,1,0,0,0,258,0,0.0,0.0,0.0,0.0
1630679700442,2455,1,0,0,0,258,0,0.0,0.0,0.0,0.0
1630679701442,2455,1,0,0,0,258,0,0.0,0.0,0.0,0.0
1630679702442,2455,1,0,0,0,258,0,0.0,0.0,0.0,0.0
1630679703442,2455,1,0,0,0,258,0,0.0,0.0,0.0,0.0
1630679704442,2455,1,0,0,0,258,0,0.0,0.0,0.0,0.0
1630679705442,2455,1,0,0,0,258,0,0.0,0.0,0.0,0.0
1630679706442,2455,1,0,0,0,258,0,0.0,0.0,0.0,0.0
1630679707442,2455,1,0,0,0,258,0,0.0,0.0,0.0,0.0
1630679708442,2455,1,0,0,0,258,0,0.0,0.0,0.0,0.0
1630679709442,2455,1,0,0,0,258,0,0.0,0.0,0.0,0.0
1630679710442,2455,1,0,0,0,258,0,0.0,0.0,0.0,0.0
1630679711442,2455,1,0,0,0,258,0,0.0,0.0,0.0,0.0
1630679712442,2455,1,0,0,0,258,0,0.0,0.0,0.0,0.0
1630679713442,2455,1,0,0,0,258,0,0.0,0.0,0.0,0.0
1630679714442,2455,1,0,0,0,258,0,0.0,0.0,0.0,0.0
1630679715442,2455,1,0,0,0,258,0,0.0,0.0,0.0,0.0
1630679716442,2455,1,0,0,0,258,0,0.0,0.0,0.0,0.0
1630679717442,2455,1,0,0,0,258,0,0.0,0.0,0.0,0.0
1630679718442,2455,1,0,0,0,258,0,0.0,0.0,0.0,0.0
1630679719442,2455,1,0,0,0,258,0,0.0,0.0,0.0,0.0
1630679720442,2455,1,0,0,0,258,0,0.0,0.0,0.0,0.0
1630679721442,2455,1,0,0,0,258,0,0.0,0.0,0.0,0.0
1630679722442,2455,1,0,0,0,258,0,0.0,0.0,0.0,0.0
1630679723442,2455,1,0,0,0,258,0,0.0,0.0,0.0,0.0
1630679724442,2455,1,0,0,0,258,0,0.0,0.0,0.0,0.0
1630679725442,2455,1,0,0,0,258,0,0.0,0.0,0.0,0.0
1630679726442,2455,1,0,0,0,258,0,0.0,0.0,0.0,0.0
1630679727442,2455,1,0,0,0,258,0,0.0,0.0,0.0,0.0
1630679728442,2455,1,0,0,0,258,0,0.0,0.0,0.0,0.0
1630679729442,2455,1,0,0,0,258,0,0.0,0.0,0.0,0.0
1630679730442,2455,1,0,0,0,258,0,0.0,0.0,0.0,0.0
1630679731442,2455,1,0,0,0,258,0,0.0,0.0,0.0,0.0
1630679732442,2455,1,0,0,0,258,0,0.0,0.0,0.0,0.0
1630679733442,2455,1,0,0,0,258,0,0.0,0.0,0.0,0.0
1630679734442,2455,1,0,0,0,258,0,0.0,0.0,0.0,0.0
1630679735442,2455,1,0,0,0,258,0,0.0,0.0,0.0,0.0
1630679736442,2455,1,0,0,0,258,0,0.0,0.0,0.0,0.0
1630679737442,2455,1,0,0,0,258,0,0.0,0.0,0.0,0.0
1630679738442,2455,1,0,0,0,258,0,0.0,0.0,0.0,0.0
1630679739442,2455,1,0,0,0,258,0,0.0,0.0,0.0,0.0
1630679740442,2455,1,0,0,0,258,0,0.0,0.0,0.0,0.0
1630679741442,2455,1,0,0,0,258,0,0.0,0.0,0.0,0.0
1630679742442,2455,1,0,0,0,258,0,0.0,0.0,0.0,0.0
1630679743442,2455,1,0,0,0,258,0,0.0,0.0,0.0,0.0
1630679744442,2455,1,0,0,0,258,0,0.0,0.0,0.0,0.0
1630679745442,2455,1,0,0,0,258,0,0.0,0.0,0.0,0.0
1630679746442,2455,1,0,0,0,258,0,0.0,0.0,0.0,0.0
1630679747442,2455,1,0,0,0,258,0,0.0,0.0,0.0,0.0
1630679748442,2455,1,0,0,0,258,0,0.0,0.0,0.0,0.0
1630679749442,2455,1,0,0,0,258,0,0.0,0.0,0.0,0.0
1630679750442,2455,1,0,0,0,258,0,0.0,0.0,0.0,0.0
1630679751442,2455,1,0,0,0,258,0,0.0,0.0,0.0,0.0
1630679752442,2455,1,0,0,0,258,0,0.0,0.0,0.0,0.0
1630679753442,2455,1,0,0,0,258,0,0.0,0.0,0.0,0.0
1630679754442,2455,1,0,0,0,258,0,0.0,0.0,0.0,0.0
1630679755442,2455,1,0,0,0,258,0,0.0,0.0,0.0,0.0
1630679756442,2455,1,0,0,0,258,0,0.0,0.0,0.0,0.0
1630679757442,2455,1,0,0,0,258,0,0.0,0.0,0.0,0.0
1630679758442,2455,1,0,0,0,258,0,0.0,0.0,0.0,0.0
1630679759442,2455,1,0,0,0,258,0,0.0,0.0,0.0,0.0
1630679760442,2455,1,0,0,0,258,0,0.0,0.0,0.0,0.0
1630679761442,2455,1,0,0,0,258,0,0.0,0.0,0.0,0.0
1630679762442,2455,1,0,0,0,258,0,0.0,0.0,0.0,0.0
1630679763442,2455,1,0,0,0,258,0,0.0,0.0,0.0,0.0
1630679764442,2455,1,0,0,0,258,0,0.0,0.0,0.0,0.0
1630679765442,2455,1,0,0,0,258,0,0.0,0.0,0.0,0.0
1630679766442,2455,1,0,0,0,258,0,0.0,0.0,0.0,0.0
1630679767442,2455,1,0,0,0,258,0,0.0,0.0,0.0,0.0
1630679768442,2455,1,0,0,0,258,0,0.0,0.0,0.0,0.0
1630679769442,2455,1,0,0,0,258,0,0.0,0.0,0.0,0.0
1630679770442,2455,1,0,0,0,258,0,0.0,0.0,0.0,0.0
1630679771442,2455,1,0,0,0,258,0,0.0,0.0,0.0,0.0
1630679772442,2455,1,0,0,0,258,0,0.0,0.0,0.0,0.0
1630679773442,2455,1,0,0,0,258,0,0.0,0.0,0.0,0.0
1630679774442,2455,1,0,0,0,258,0,0.0,0.0,0.0,0.0
1630679775442,2455,1,0,0,0,258,0,0.0,0.0,0.0,0.0
1630679776442,2455,1,0,0,0,258,0,0.0,0.0,0.0,0.0
1630679777442,2455,1,0,0,0,258,0,0.0,0.0,0.0,0.0
1630679778442,2455,1,0,0,0,258,0,0.0,0.0,0.0,0.0
1630679779442,2455,1,0,0,0,258,0,0.0,0.0,0.0,0.0
1630679780442,2455,1,0,0,0,258,0,0.0,0.0,0.0,0.0
1630679781442,2455,1,0,0,0,258,0,0.0,0.0,0.0,0.0
1630679782442,2455,1,0,0,0,258,0,0.0,0.0,0.0,0.0
1630679783442,2455,1,0,0,0,258,0,0.0,0.0,0.0,0.0
1630679784442,2455,1,0,0,0,258,0,0.0,0.0,0.0,0.0
1630679785442,2455,1,0,0,0,258,0,0.0,0.0,0.0,0.0
1630679786442,2455,1,0,0,0,258,0,0.0,0.0,0.0,0.0
1630679787442,2455,1,0,0,0,258,0,0.0,0.0,0.0,0.0
1630679788442,2455,1,0,0,0,258,0,0.0,0.0,0.0,0.0
1630679789442,2455,1,0,0,0,258,0,0.0,0.0,0.0,0.0
1630679790442,2455,1,0,0,0,258,0,0.0,0.0,0.0,0.0
1630679791442,2455,1,0,0,0,258,0,0.0,0.0,0.0,0.0
1630679792442,2455,1,0,0,0,258,0,0.0,0.0,0.0,0.0
1630679793442,2455,1,0,0,0,258,0,0.0,0.0,0.0,0.0
1630679794442,2455,1,0,0,0,258,0,0.0,0.0,0.0,0.0
1630679795442,2455,1,0,0,0,258,0,0.0,0.0,0.0,0.0
1630679796442,2455,1,0,0,0,258,0,0.0,0.0,0.0,0.0
1630679797442,2455,1,0,0,0,258,0,0.0,0.0,0.0,0.0
1630679798442,2455,1,0,0,0,258,0,0.0,0.0,0.0,0.0
1630679799442,2455,1,0,0,0,258,0,0.0,0.0,0.0,0.0
1630679800442,2455,1,0,0,0,258,0,0.0,0.0,0.0,0.0
1630679801442,2455,1,0,0,0,258,0,0.0,0.0,0.0,0.0
1630679802442,2455,1,0,0,0,258,0,0.0,0.0,0.0,0.0
1630679803442,2455,1,0,0,0,258,0,0.0,0.0,0.0,0.0
1630679804442,2455,1,0,0,0,258,0,0.0,0.0,0.0,0.0
1630679805442,2455,1,0,0,0,258,0,0.0,0.0,0.0,0.0
1630679806442,2455,1,0,0,0,258,0,0.0,0.0,0.0,0.0
1630679807442,2455,1,0,0,0,258,0,0.0,0.0,0.0,0.0
1630679808442,2455,1,0,0,0,258,0,0.0,0.0,0.0,0.0
1630679809442,2455,1,0,0,0,258,0,0.0,0.0,0.0,0.0
1630679810442,2455,1,0,0,0,258,0,0.0,0.0,0.0,0.0
1630679811442,2455,1,0,0,0,258,0,0.0,0.0,0.0,0.0
1630679812442,2455,1,0,0,0,258,0,0.0,0.0,0.0,0.0
1630679813442,2455,1,0,0,0,258,0,0.0,0.0,0.0,0.0
1630679814442,2455,1,0,0,0,258,0,0.0,0.0,0.0,0.0
1630679815442,2455,1,0,0,0,258,0,0.0,0.0,0.0,0.0
1630679816442,2455,1,0,0,0,258,0,0.0,0.0,0.0,0.0
1630679817442,2455,1,0,0,0,258,0,0.0,0.0,0.0,0.0
1630679818442,2455,1,0,0,0,258,0,0.0,0.0,0.0,0.0
1630679819442,2455,1,0,0,0,258,0,0.0,0.0,0.0,0.0
1630679820442,2455,1,0,0,0,258,0,0.0,0.0,0.0,0.0
1630679821442,2455,1,0,0,0,258,0,0.0,0.0,0.0,0.0
1630679822442,2455,1,0,0,0,258,0,0.0,0.0,0.0,0.0
1630679823442,2455,1,0,0,0,258,0,0.0,0.0,0.0,0.0
1630679824442,2455,1,0,0,0,258,0,0.0,0.0,0.0,0.0
1630679825442,2455,1,0,0,0,258,0,0.0,0.0,0.0,0.0
1630679826442,2455,1,0,0,0,258,0,0.0,0.0,0.0,0.0
1630679827442,2455,1,0,0,0,258,0,0.0,0.0,0.0,0.0
1630679828442,2455,1,0,0,0,258,0,0.0,0.0,0.0,0.0
1630679829442,2455,1,0,0,0,258,0,0.0,0.0,0.0,0.0
1630679830442,2455,1,0,0,0,258,0,0.0,0.0,0.0,0.0
1630679831442,2455,1,0,0,0,258,0,0.0,0.0,0.0,0.0
1630679832442,2455,1,0,0,0,258,0,0.0,0.0,0.0,0.0
1630679833442,2455,1,0,0,0,258,0,0.0,0.0,0.0,0.0
1630679834442,2455,1,0,0,0,258,0,0.0,0.0,0.0,0.0
1630679835442,2455,1,0,0,0,258,0,0.0,0.0,0.0,0.0
1630679836442,2455,1,0,0,0,258,0,0.0,0.0,0.0,0.0
1630679837442,2455,1,0,0,0,258,0,0.0,0.0,0.0,0.0
1630679838442,2455,1,0,0,0,258,0,0.0,0.0,0.0,0.0
1630679839442,2455,1,0,0,0,258,0,0.0,0.0,0.0,0.0
1630679840442,2455,1,0,0,0,258,0,0.0,0.0,0.0,0.0
1630679841442,2455,1,0,0,0,258,0,0.0,0.0,0.0,0.0
1630679842442,2455,1,0,0,0,258,0,0.0,0.0,0.0,0.0
1630679843442,2455,1,0,0,0,258,0,0.0,0.0,0.0,0.0
1630679844442,2455,1,0,0,0,258,0,0.0,0.0,0.0,0.0
1630679845442,2455,1,0,0,0,258,0,0.0,0.0,0.0,0.0
1630679846442,2455,1,0,0,0,258,0,0.0,0.0,0.0,0.0
1630679847442,2455,1,0,0,0,258,0,0.0,0.0,0.0,0.0
1630679848442,2455,1,0,0,0,258,0,0.0,0.0,0.0,0.0
1630679849442,2455,1,0,0,0,258,0,0.0,0.0,0.0,0.0
1630679850442,2455,1,0,0,0,258,0,0.0,0.0,0.0,0.0
1630679851442,2455,1,0,0,0,258,0,0.0,0.0,0.0,0.0
1630679852442,2455,1,0,0,0,258,0,0.0,0.0,0.0,0.0
1630679853442,2455,1,0,0,0,258,0,0.0,0.0,0.0,0.0
1630679854442,2455,1,0,0,0,258,0,0.0,0.0,0.0,0.0
1630679855442,2455,1,0,0,0,258,0,0.0,0.0,0.0,0.0
1630679856442,2455,1,0,0,0,258,0,0.0,0.0,0.0,0.0
1630679857442,2455,1,0,0,0,258,0,0.0,0.0,0.0,0.0
1630679858442,2455,1,0,0,0,258,0,0.0,0.0,0.0,0.0
1630679859442,2455,1,0,0,0,258,0,0.0,0.0,0.0,0.0
1630679860442,2455,1,0,0,0,258,0,0.0,0.0,0.0,0.0
1630679861442,2455,1,0,0,0,258,0,0.0,0.0,0.0,0.0
1630679862442,2455,1,0,0,0,258,0,0.0,0.0,0.0,0.0
1630679863442,2455,1,0,0,0,258,0,0.0,0.0,0.0,0.0
1630679864442,2455,1,0,0,0,258,0,0.0,0.0,0.0,0.0
1630679865442,2455,1,0,0,0,258,0,0.0,0.0,0.0,0.0
1630679866442,2455,1,0,0,0,258,0,0.0,0.0,0.0,0.0
1630679867442,2455,1,0,0,0,258,0,0.0,0.0,0.0,0.0
1630679868442,2455,1,0,0,0,258,0,0.0,0.0,0.0,0.0
1630679869442,2455,1,0,0,0,258,0,0.0,0.0,0.0,0.0
1630679870442,2455,1,0,0,0,258,0,0.0,0.0,0.0,0.0
1630679871442,2455,1,0,0,0,258,0,0.0,0.0,0.0,0.0
1630679872442,2455,1,0,0,0,258,0,0.0,0.0,0.0,0.0
1630679873442,2455,1,0,0,0,258,0,0.0,0.0,0.0,0.0
1630679874442,2455,1,0,0,0,258,0,0.0,0.0,0.0,0.0
1630679875442,2455,1,0,0,0,258,0,0.0,0.0,0.0,0.0
1630679876442,2455,1,0,0,0,258,0,0.0,0.0,0.0,0.0
1630679877442,2455,1,0,0,0,258,0,0.0,0.0,0.0,0.0
1630679878442,2455,1,0,0,0,258,0,0.0,0.0,0.0,0.0
1630679879442,2455,1,0,0,0,258,0,0.0,0.0,0.0,0.0
1630679880442,2455,1,0,0,0,258,0,0.0,0.0,0.0,0.0
1630679881442,2455,1,0,0,0,258,0,0.0,0.0,0.0,0.0
1630679882442,2455,1,0,0,0,258,0,0.0,0.0,0.0,0.0
1630679883442,2455,1,0,0,0,258,0,0.0,0.0,0.0,0.0
1630679884442,2455,1,0,0,0,258,0,0.0,0.0,0.0,0.0
1630679885442,2455,1,0,0,0,258,0,0.0,0.0,0.0,0.0
1630679886442,2455,1,0,0,0,258,0,0.0,0.0,0.0,0.0
1630679887442,2455,1,0,0,0,258,0,0.0,0.0,0.0,0.0
1630679888442,2455,1,0,0,0,258,0,0.0,0.0,0.0,0.0
1630679889442,2455,1,0,0,0,258,0,0.0,0.0,0.0,0.0
1630679890442,2455,1,0,0,0,258,0,0.0,0.0,0.0,0.0
1630679891442,2460,1,0,0,0,258,0,0.0,0.0,0.0,0.0
1630679892442,2462,1,0,0,0,258,0,0.0,0.0,0.0,0.0
1630679893442,2462,1,0,0,0,258,0,0.0,0.0,0.0,0.0
1630679894442,2462,1,0,0,0,258,0,0.0,0.0,0.0,0.0
1630679895442,2462,1,0,0,0,258,0,0.0,0.0,0.0,0.0
1630679896442,2462,1,0,0,0,258,0,0.0,0.0,0.0,0.0
1630679897442,2462,1,0,0,0,258,0,0.0,0.0,0.0,0.0
1630679898442,2462,1,0,0,0,258,0,0.0,0.0,0.0,0.0
1630679899442,2462,1,0,0,0,258,0,0.0,0.0,0.0,0.0
1630679900442,2462,1,0,0,0,258,0,0.0,0.0,0.0,0.0
1630679901442,2462,1,0,0,0,258,0,0.0,0.0,0.0,0.0
1630679902442,2462,1,0,0,0,258,0,0.0,0.0,0.0,0.0
1630679903442,2462,1,0,0,0,258,0,0.0,0.0,0.0,0.0
1630679904442,2462,1,0,0,0,258,0,0.0,0.0,0.0,0.0
1630679905442,2462,1,0,0,0,258,0,0.0,0.0,0.0,0.0
1630679906442,2462,1,0,0,0,258,0,0.0,0.0,0.0,0.0
1630679907442,2462,1,0,0,0,258,0,0.0,0.0,0.0,0.0
1630679908442,2462,1,0,0,0,258,0,0.0,0.0,0.0,0.0
1630679909442,2462,1,0,0,0,258,0,0.0,0.0,0.0,0.0
1630679910442,2462,1,0,0,0,258,0,0.0,0.0,0.0,0.0
1630679911442,2462,1,0,0,0,258,0,0.0,0.0,0.0,0.0
1630679912442,2462,1,0,0,0,258,0,0.0,0.0,0.0,0.0
1630679913442,2462,1,0,0,0,258,0,0.0,0.0,0.0,0.0
1630679914442,2462,1,0,0,0,258,0,0.0,0.0,0.0,0.0
1630679915442,2462,1,0,0,0,258,0,0.0,0.0,0.0,0.0
1630679916442,2462,1,0,0,0,258,0,0.0,0.0,0.0,0.0
1630679917442,2462,1,0,0,0,258,0,0.0,0.0,0.0,0.0
1630679918442,2462,1,0,0,0,258,0,0.0,0.0,0.0,0.0
1630679919442,2462,1,0,0,0,258,0,0.0,0.0,0.0,0.0
1630679920442,2462,1,0,0,0,258,0,0.0,0.0,0.0,0.0
1630679921442,2462,1,0,0,0,258,0,0.0,0.0,0.0,0.0
1630679922442,2462,1,0,0,0,258,0,0.0,0.0,0.0,0.0
1630679923442,2462,1,0,0,0,258,0,0.0,0.0,0.0,0.0
1630679924442,2462,1,0,0,0,258,0,0.0,0.0,0.0,0.0
1630679925442,2462,1,0,0,0,258,0,0.0,0.0,0.0,0.0
1630679926442,2462,1,0,0,0,258,0,0.0,0.0,0.0,0.0
1630679927442,2462,1,0,0,0,258,0,0.0,0.0,0.0,0.0
1630679928442,2462,1,0,0,0,258,0,0.0,0.0,0.0,0.0
1630679929442,2462,1,0,0,0,258,0,0.0,0.0,0.0,0.0
1630679930442,2462,1,0,0,0,258,0,0.0,0.0,0.0,0.0
1630679931442,2462,1,0,0,0,258,0,0.0,0.0,0.0,0.0
1630679932442,2462,1,0,0,0,258,0,0.0,0.0,0.0,0.0
1630679933442,2462,1,0,0,0,258,0,0.0,0.0,0.0,0.0
1630679934442,2462,1,0,0,0,258,0,0.0,0.0,0.0,0.0
1630679935442,2462,1,0,0,0,258,0,0.0,0.0,0.0,0.0
1630679936442,2462,1,0,0,0,258,0,0.0,0.0,0.0,0.0
1630679937442,2462,1,0,0,0,258,0,0.0,0.0,0.0,0.0
1630679938442,2462,1,0,0,0,258,0,0.0,0.0,0.0,0.0
1630679939442,2462,1,0,0,0,258,0,0.0,0.0,0.0,0.0
1630679940442,2462,1,0,0,0,258,0,0.0,0.0,0.0,0.0
1630679941442,2462,1,0,0,0,258,0,0.0,0.0,0.0,0.0
1630679942442,2462,1,0,0,0,258,0,0.0,0.0,0.0,0.0
1630679943442,2462,1,0,0,0,258,0,0.0,0.0,0.0,0.0
1630679944442,2462,1,0,0,0,258,0,0.0,0.0,0.0,0.0
1630679945442,2462,1,0,0,0,258,0,0.0,0.0,0.0,0.0
1630679946442,2462,1,0,0,0,258,0,0.0,0.0,0.0,0.0
1630679947442,2462,1,0,0,0,258,0,0.0,0.0,0.0,0.0
1630679948442,2462,1,0,0,0,258,0,0.0,0.0,0.0,0.0
1630679949442,2462,1,0,0,0,258,0,0.0,0.0,0.0,0.0
1630679950442,2462,1,0,0,0,258,0,0.0,0.0,0.0,0.0
1630679951442,2462,1,0,0,0,258,0,0.0,0.0,0.0,0.0
1630679952442,2462,1,0,0,0,258,0,0.0,0.0,0.0,0.0
1630679953442,2462,1,0,0,0,258,0,0.0,0.0,0.0,0.0
1630679954442,2462,1,0,0,0,258,0,0.0,0.0,0.0,0.0
1630679955442,2462,1,0,0,0,258,0,0.0,0.0,0.0,0.0
1630679956442,2462,1,0,0,0,258,0,0.0,0.0,0.0,0.0
1630679957442,2462,1,0,0,0,258,0,0.0,0.0,0.0,0.0
1630679958442,2462,1,0,0,0,258,0,0.0,0.0,0.0,0.0
1630679959442,2462,1,0,0,0,258,0,0.0,0.0,0.0,0.0
1630679960442,2462,1,0,0,0,258,0,0.0,0.0,0.0,0.0
1630679961442,2462,1,0,0,0,258,0,0.0,0.0,0.0,0.0
1630679962442,2462,1,0,0,0,258,0,0.0,0.0,0.0,0.0
1630679963442,2462,1,0,0,0,258,0,0.0,0.0,0.0,0.0
1630679964442,2462,1,0,0,0,258,0,0.0,0.0,0.0,0.0
1630679965442,2462,1,0,0,0,258,0,0.0,0.0,0.0,0.0
1630679966442,2462,1,0,0,0,258,0,0.0,0.0,0.0,0.0
1630679967442,2462,1,0,0,0,258,0,0.0,0.0,0.0,0.0
1630679968442,2462,1,0,0,0,258,0,0.0,0.0,0.0,0.0
1630679969442,2462,1,0,0,0,258,0,0.0,0.0,0.0,0.0
1630679970442,2462,1,0,0,0,258,0,0.0,0.0,0.0,0.0
1630679971442,2462,1,0,0,0,258,0,0.0,0.0,0.0,0.0
1630679972442,2462,1,0,0,0,258,0,0.0,0.0,0.0,0.0
1630679973442,2462,1,0,0,0,258,0,0.0,0.0,0.0,0.0
1630679974442,2462,1,0,0,0,258,0,0.0,0.0,0.0,0.0
1630679975442,2462,1,0,0,0,258,0,0.0,0.0,0.0,0.0
1630679976442,2462,1,0,0,0,258,0,0.0,0.0,0.0,0.0
1630679977442,2462,1,0,0,0,258,0,0.0,0.0,0.0,0.0
1630679978442,2462,1,0,0,0,258,0,0.0,0.0,0.0,0.0
1630679979442,2462,1,0,0,0,258,0,0.0,0.0,0.0,0.0
1630679980442,2462,1,0,0,0,258,0,0.0,0.0,0.0,0.0
1630679981442,2462,1,0,0,0,258,0,0.0,0.0,0.0,0.0
1630679982442,2462,1,0,0,0,258,0,0.0,0.0,0.0,0.0
1630679983442,2462,1,0,0,0,258,0,0.0,0.0,0.0,0.0
1630679984442,2462,1,0,0,0,258,0,0.0,0.0,0.0,0.0
1630679985442,2462,1,0,0,0,258,0,0.0,0.0,0.0,0.0
1630679986442,2462,1,0,0,0,258,0,0.0,0.0,0.0,0.0
1630679987442,2462,1,0,0,0,258,0,0.0,0.0,0.0,0.0
1630679988442,2462,1,0,0,0,258,0,0.0,0.0,0.0,0.0
1630679989442,2462,1,0,0,0,258,0,0.0,0.0,0.0,0.0
1630679990442,2462,1,0,0,0,258,0,0.0,0.0,0.0,0.0
1630679991442,2462,1,0,0,0,258,0,0.0,0.0,0.0,0.0
1630679992442,2462,1,0,0,0,258,0,0.0,0.0,0.0,0.0
1630679993442,2462,1,0,0,0,258,0,0.0,0.0,0.0,0.0
1630679994442,2462,1,0,0,0,258,0,0.0,0.0,0.0,0.0
1630679995442,2462,1,0,0,0,258,0,0.0,0.0,0.0,0.0
1630679996442,2462,1,0,0,0,258,0,0.0,0.0,0.0,0.0
1630679997442,2462,1,0,0,0,258,0,0.0,0.0,0.0,0.0
1630679998442,2462,1,0,0,0,258,0,0.0,0.0,0.0,0.0
1630679999442,2462,1,0,0,0,258,0,0.0,0.0,0.0,0.0
1630680000442,2462,1,0,0,0,258,0,0.0,0.0,0.0,0.0
1630680001442,2462,1,0,0,0,258,0,0.0,0.0,0.0,0.0
1630680002442,2462,1,0,0,0,258,0,0.0,0.0,0.0,0.0
1630680003442,2462,1,0,0,0,258,0,0.0,0.0,0.0,0.0
1630680004442,2462,1,0,0,0,258,0,0.0,0.0,0.0,0.0
1630680005442,2462,1,0,0,0,258,0,0.0,0.0,0.0,0.0
1630680006442,2462,1,0,0,0,258,0,0.0,0.0,0.0,0.0
1630680007442,2462,1,0,0,0,258,0,0.0,0.0,0.0,0.0
1630680008442,2462,1,0,0,0,258,0,0.0,0.0,0.0,0.0
1630680009442,2462,1,0,0,0,258,0,0.0,0.0,0.0,0.0
1630680010442,2462,1,0,0,0,258,0,0.0,0.0,0.0,0.0
1630680011442,2462,1,0,0,0,258,0,0.0,0.0,0.0,0.0
1630680012442,2462,1,0,0,0,258,0,0.0,0.0,0.0,0.0
1630680013442,2462,1,0,0,0,258,0,0.0,0.0,0.0,0.0
1630680014442,2462,1,0,0,0,258,0,0.0,0.0,0.0,0.0
1630680015442,2462,1,0,0,0,258,0,0.0,0.0,0.0,0.0
1630680016442,2462,1,0,0,0,258,0,0.0,0.0,0.0,0.0
1630680017442,2462,1,0,0,0,258,0,0.0,0.0,0.0,0.0
1630680018442,2462,1,0,0,0,258,0,0.0,0.0,0.0,0.0
1630680019442,2462,1,0,0,0,258,0,0.0,0.0,0.0,0.0
1630680020442,2462,1,0,0,0,258,0,0.0,0.0,0.0,0.0
1630680021442,2462,1,0,0,0,258,0,0.0,0.0,0.0,0.0
1630680022442,2462,1,0,0,0,258,0,0.0,0.0,0.0,0.0
1630680023442,2462,1,0,0,0,258,0,0.0,0.0,0.0,0.0
1630680024442,2462,1,0,0,0,258,0,0.0,0.0,0.0,0.0
1630680025442,2462,1,0,0,0,258,0,0.0,0.0,0.0,0.0
1630680026442,2462,1,0,0,0,258,0,0.0,0.0,0.0,0.0
1630680027442,2462,1,0,0,0,258,0,0.0,0.0,0.0,0.0
1630680028442,2462,1,0,0,0,258,0,0.0,0.0,0.0,0.0
1630680029442,2462,1,0,0,0,258,0,0.0,0.0,0.0,0.0
1630680030442,2462,1,0,0,0,258,0,0.0,0.0,0.0,0.0
1630680031442,2462,1,0,0,0,258,0,0.0,0.0,0.0,0.0
1630680032442,2462,1,0,0,0,258,0,0.0,0.0,0.0,0.0
1630680033442,2462,1,0,0,0,258,0,0.0,0.0,0.0,0.0
1630680034442,2462,1,0,0,0,258,0,0.0,0.0,0.0,0.0
1630680035442,2462,1,0,0,0,258,0,0.0,0.0,0.0,0.0
1630680036442,2462,1,0,0,0,258,0,0.0,0.0,0.0,0.0
1630680037442,2462,1,0,0,0,258,0,0.0,0.0,0.0,0.0
1630680038442,2462,1,0,0,0,258,0,0.0,0.0,0.0,0.0
1630680039442,2462,1,0,0,0,258,0,0.0,0.0,0.0,0.0
1630680040442,2462,1,0,0,0,258,0,0.0,0.0,0.0,0.0
1630680041442,2462,1,0,0,0,258,0,0.0,0.0,0.0,0.0
1630680042442,2462,1,0,0,0,258,0,0.0,0.0,0.0,0.0
1630680043442,2462,1,0,0,0,258,0,0.0,0.0,0.0,0.0
1630680044442,2462,1,0,0,0,258,0,0.0,0.0,0.0,0.0
1630680045442,2462,1,0,0,0,258,0,0.0,0.0,0.0,0.0
1630680046442,2462,1,0,0,0,258,0,0.0,0.0,0.0,0.0
1630680047442,2462,1,0,0,0,258,0,0.0,0.0,0.0,0.0
1630680048442,2462,1,0,0,0,258,0,0.0,0.0,0.0,0.0
1630680049442,2462,1,0,0,0,258,0,0.0,0.0,0.0,0.0
1630680050442,2462,1,0,0,0,258,0,0.0,0.0,0.0,0.0
1630680051442,2462,1,0,0,0,258,0,0.0,0.0,0.0,0.0
1630680052442,2462,1,0,0,0,258,0,0.0,0.0,0.0,0.0
1630680053442,2462,1,0,0,0,258,0,0.0,0.0,0.0,0.0
1630680054442,2462,1,0,0,0,258,0,0.0,0.0,0.0,0.0
1630680055442,2462,1,0,0,0,258,0,0.0,0.0,0.0,0.0
1630680056442,2462,1,0,0,0,258,0,0.0,0.0,0.0,0.0
1630680057442,2462,1,0,0,0,258,0,0.0,0.0,0.0,0.0
1630680058442,2462,1,0,0,0,258,0,0.0,0.0,0.0,0.0
1630680059442,2462,1,0,0,0,258,0,0.0,0.0,0.0,0.0
1630680060442,2462,1,0,0,0,258,0,0.0,0.0,0.0,0.0
1630680061442,2462,1,0,0,0,258,0,0.0,0.0,0.0,0.0
1630680062442,2462,1,0,0,0,258,0,0.0,0.0,0.0,0.0
1630680063442,2462,1,0,0,0,258,0,0.0,0.0,0.0,0.0
1630680064442,2462,1,0,0,0,258,0,0.0,0.0,0.0,0.0
1630680065442,2462,1,0,0,0,258,0,0.0,0.0,0.0,0.0
1630680066442,2462,1,0,0,0,258,0,0.0,0.0,0.0,0.0
1630680067442,2462,1,0,0,0,258,0,0.0,0.0,0.0,0.0
1630680068442,2462,1,0,0,0,258,0,0.0,0.0,0.0,0.0
1630680069442,2462,1,0,0,0,258,0,0.0,0.0,0.0,0.0
1630680070442,2462,1,0,0,0,258,0,0.0,0.0,0.0,0.0
1630680071442,2462,1,0,0,0,258,0,0.0,0.0,0.0,0.0
1630680072442,2462,1,0,0,0,258,0,0.0,0.0,0.0,0.0
1630680073442,2462,1,0,0,0,258,0,0.0,0.0,0.0,0.0
1630680074442,2462,1,0,0,0,258,0,0.0,0.0,0.0,0.0
1630680075442,2462,1,0,0,0,258,0,0.0,0.0,0.0,0.0
1630680076442,2462,1,0,0,0,258,0,0.0,0.0,0.0,0.0
1630680077442,2462,1,0,0,0,258,0,0.0,0.0,0.0,0.0
1630680078442,2462,1,0,0,0,258,0,0.0,0.0,0.0,0.0
1630680079442,2462,1,0,0,0,258,0,0.0,0.0,0.0,0.0
1630680080442,2462,1,0,0,0,258,0,0.0,0.0,0.0,0.0
1630680081442,2462,1,0,0,0,258,0,0.0,0.0,0.0,0.0
1630680082442,2462,1,0,0,0,258,0,0.0,0.0,0.0,0.0
1630680083442,2462,1,0,0,0,258,0,0.0,0.0,0.0,0.0
1630680084442,2462,1,0,0,0,258,0,0.0,0.0,0.0,0.0
1630680085442,2462,1,0,0,0,258,0,0.0,0.0,0.0,0.0
1630680086442,2462,1,0,0,0,258,0,0.0,0.0,0.0,0.0
1630680087442,2462,1,0,0,0,258,0,0.0,0.0,0.0,0.0
1630680088442,2462,1,0,0,0,258,0,0.0,0.0,0.0,0.0
1630680089442,2462,1,0,0,0,258,0,0.0,0.0,0.0,0.0
1630680090442,2462,1,0,0,0,258,0,0.0,0.0,0.0,0.0
1630680091442,2462,1,0,0,0,258,0,0.0,0.0,0.0,0.0
1630680092442,2462,1,0,0,0,258,0,0.0,0.0,0.0,0.0
1630680093442,2462,1,0,0,0,258,0,0.0,0.0,0.0,0.0
1630680094442,2462,1,0,0,0,258,0,0.0,0.0,0.0,0.0
1630680095442,2462,1,0,0,0,258,0,0.0,0.0,0.0,0.0
1630680096442,2462,1,0,0,0,258,0,0.0,0.0,0.0,0.0
1630680097442,2462,1,0,0,0,258,0,0.0,0.0,0.0,0.0
1630680098442,2462,1,0,0,0,258,0,0.0,0.0,0.0,0.0
1630680099442,2462,1,0,0,0,258,0,0.0,0.0,0.0,0.0
1630680100442,2462,1,0,0,0,258,0,0.0,0.0,0.0,0.0
1630680101442,2462,1,0,0,0,258,0,0.0,0.0,0.0,0.0
1630680102442,2462,1,0,0,0,258,0,0.0,0.0,0.0,0.0
1630680103442,2462,1,0,0,0,258,0,0.0,0.0,0.0,0.0
1630680104442,2462,1,0,0,0,258,0,0.0,0.0,0.0,0.0
1630680105442,2462,1,0,0,0,258,0,0.0,0.0,0.0,0.0
1630680106442,2462,1,0,0,0,258,0,0.0,0.0,0.0,0.0
1630680107442,2462,1,0,0,0,258,0,0.0,0.0,0.0,0.0
1630680108442,2462,1,0,0,0,258,0,0.0,0.0,0.0,0.0
1630680109442,2462,1,0,0,0,258,0,0.0,0.0,0.0,0.0
1630680110442,2462,1,0,0,0,258,0,0.0,0.0,0.0,0.0
1630680111442,2462,1,0,0,0,258,0,0.0,0.0,0.0,0.0
1630680112442,2462,1,0,0,0,258,0,0.0,0.0,0.0,0.0
1630680113442,2462,1,0,0,0,258,0,0.0,0.0,0.0,0.0
1630680114442,2462,1,0,0,0,258,0,0.0,0.0,0.0,0.0
1630680115442,2462,1,0,0,0,258,0,0.0,0.0,0.0,0.0
1630680116442,2462,1,0,0,0,258,0,0.0,0.0,0.0,0.0
1630680117442,2462,1,0,0,0,258,0,0.0,0.0,0.0,0.0
1630680118442,2462,1,0,0,0,258,0,0.0,0.0,0.0,0.0
1630680119442,2462,1,0,0,0,258,0,0.0,0.0,0.0,0.0
1630680120442,2462,1,0,0,0,258,0,0.0,0.0,0.0,0.0
1630680121442,2462,1,0,0,0,258,0,0.0,0.0,0.0,0.0
1630680122442,2462,1,0,0,0,258,0,0.0,0.0,0.0,0.0
1630680123442,2462,1,0,0,0,258,0,0.0,0.0,0.0,0.0
1630680124442,2462,1,0,0,0,258,0,0.0,0.0,0.0,0.0
1630680125442,2462,1,0,0,0,258,0,0.0,0.0,0.0,0.0
1630680126442,2462,1,0,0,0,258,0,0.0,0.0,0.0,0.0
1630680127442,2462,1,0,0,0,258,0,0.0,0.0,0.0,0.0
1630680128442,2462,1,0,0,0,258,0,0.0,0.0,0.0,0.0
1630680129442,2462,1,0,0,0,258,0,0.0,0.0,0.0,0.0
1630680130442,2462,1,0,0,0,258,0,0.0,0.0,0.0,0.0
1630680131442,2462,1,0,0,0,258,0,0.0,0.0,0.0,0.0
1630680132442,2462,1,0,0,0,258,0,0.0,0.0,0.0,0.0
1630680133442,2462,1,0,0,0,258,0,0.0,0.0,0.0,0.0
1630680134442,2462,1,0,0,0,258,0,0.0,0.0,0.0,0.0
1630680135442,2462,1,0,0,0,258,0,0.0,0.0,0.0,0.0
1630680136442,2462,1,0,0,0,258,0,0.0,0.0,0.0,0.0
1630680137442,2462,1,0,0,0,258,0,0.0,0.0,0.0,0.0
1630680138442,2462,1,0,0,0,258,0,0.0,0.0,0.0,0.0
1630680139442,2462,1,0,0,0,258,0,0.0,0.0,0.0,0.0
1630680140442,2462,1,0,0,0,258,0,0.0,0.0,0.0,0.0
1630680141442,2462,1,0,0,0,258,0,0.0,0.0,0.0,0.0
1630680142442,2462,1,0,0,0,258,0,0.0,0.0,0.0,0.0
1630680143442,2462,1,0,0,0,258,0,0.0,0.0,0.0,0.0
1630680144442,2462,1,0,0,0,258,0,0.0,0.0,0.0,0.0
1630680145442,2462,1,0,0,0,258,0,0.0,0.0,0.0,0.0
1630680146442,2462,1,0,0,0,258,0,0.0,0.0,0.0,0.0
1630680147442,2462,1,0,0,0,258,0,0.0,0.0,0.0,0.0
1630680148442,2462,1,0,0,0,258,0,0.0,0.0,0.0,0.0
1630680149442,2462,1,0,0,0,258,0,0.0,0.0,0.0,0.0
1630680150442,2462,1,0,0,0,258,0,0.0,0.0,0.0,0.0
1630680151442,2462,1,0,0,0,258,0,0.0,0.0,0.0,0.0
1630680152442,2462,1,0,0,0,258,0,0.0,0.0,0.0,0.0
1630680153442,2462,1,0,0,0,258,0,0.0,0.0,0.0,0.0
1630680154442,2462,1,0,0,0,258,0,0.0,0.0,0.0,0.0
1630680155442,2462,1,0,0,0,258,0,0.0,0.0,0.0,0.0
1630680156442,2462,1,0,0,0,258,0,0.0,0.0,0.0,0.0
1630680157442,2462,1,0,0,0,258,0,0.0,0.0,0.0,0.0
1630680158442,2462,1,0,0,0,258,0,0.0,0.0,0.0,0.0
1630680159442,2462,1,0,0,0,258,0,0.0,0.0,0.0,0.0
1630680160442,2462,1,0,0,0,258,0,0.0,0.0,0.0,0.0
1630680161442,2462,1,0,0,0,258,0,0.0,0.0,0.0,0.0
1630680162442,2462,1,0,0,0,258,0,0.0,0.0,0.0,0.0
1630680163442,2462,1,0,0,0,258,0,0.0,0.0,0.0,0.0
1630680164442,2462,1,0,0,0,258,0,0.0,0.0,0.0,0.0
1630680165442,2462,1,0,0,0,258,0,0.0,0.0,0.0,0.0
1630680166442,2462,1,0,0,0,258,0,0.0,0.0,0.0,0.0
1630680167442,2462,1,0,0,0,258,0,0.0,0.0,0.0,0.0
1630680168442,2462,1,0,0,0,258,0,0.0,0.0,0.0,0.0
1630680169442,2462,1,0,0,0,258,0,0.0,0.0,0.0,0.0
1630680170442,2462,1,0,0,0,258,0,0.0,0.0,0.0,0.0
1630680171442,2462,1,0,0,0,258,0,0.0,0.0,0.0,0.0
1630680172442,2462,1,0,0,0,258,0,0.0,0.0,0.0,0.0
1630680173442,2462,1,0,0,0,258,0,0.0,0.0,0.0,0.0
1630680174442,2462,1,0,0,0,258,0,0.0,0.0,0.0,0.0
1630680175442,2462,1,0,0,0,258,0,0.0,0.0,0.0,0.0
1630680176442,2462,1,0,0,0,258,0,0.0,0.0,0.0,0.0
1630680177442,2462,1,0,0,0,258,0,0.0,0.0,0.0,0.0
1630680178442,2462,1,0,0,0,258,0,0.0,0.0,0.0,0.0
1630680179442,2462,1,0,0,0,258,0,0.0,0.0,0.0,0.0
1630680180442,2462,1,0,0,0,258,0,0.0,0.0,0.0,0.0
1630680181442,2462,1,0,0,0,258,0,0.0,0.0,0.0,0.0
1630680182442,2462,1,0,0,0,258,0,0.0,0.0,0.0,0.0
1630680183442,2462,1,0,0,0,258,0,0.0,0.0,0.0,0.0
1630680184442,2462,1,0,0,0,258,0,0.0,0.0,0.0,0.0
1630680185442,2462,1,0,0,0,258,0,0.0,0.0,0.0,0.0
1630680186442,2462,1,0,0,0,258,0,0.0,0.0,0.0,0.0
1630680187442,2462,1,0,0,0,258,0,0.0,0.0,0.0,0.0
1630680188442,2462,1,0,0,0,258,0,0.0,0.0,0.0,0.0
1630680189442,2462,1,0,0,0,258,0,0.0,0.0,0.0,0.0
1630680190442,2462,1,0,0,0,258,0,0.0,0.0,0.0,0.0
1630680191442,2462,1,0,0,0,258,0,0.0,0.0,0.0,0.0
1630680192442,2462,1,0,0,0,258,0,0.0,0.0,0.0,0.0
1630680193442,2462,1,0,0,0,258,0,0.0,0.0,0.0,0.0
1630680194442,2462,1,0,0,0,258,0,0.0,0.0,0.0,0.0
1630680195442,2462,1,0,0,0,258,0,0.0,0.0,0.0,0.0
1630680196442,2462,1,0,0,0,258,0,0.0,0.0,0.0,0.0
1630680197442,2462,1,0,0,0,258,0,0.0,0.0,0.0,0.0
1630680198442,2462,1,0,0,0,258,0,0.0,0.0,0.0,0.0
1630680199442,2462,1,0,0,0,258,0,0.0,0.0,0.0,0.0
1630680200442,2462,1,0,0,0,258,0,0.0,0.0,0.0,0.0
1630680201442,2462,1,0,0,0,258,0,0.0,0.0,0.0,0.0
1630680202442,2462,1,0,0,0,258,0,0.0,0.0,0.0,0.0
1630680203442,2462,1,0,0,0,258,0,0.0,0.0,0.0,0.0
1630680204442,2462,1,0,0,0,258,0,0.0,0.0,0.0,0.0
1630680205442,2462,1,0,0,0,258,0,0.0,0.0,0.0,0.0
1630680206442,2462,1,0,0,0,258,0,0.0,0.0,0.0,0.0
1630680207442,2462,1,0,0,0,258,0,0.0,0.0,0.0,0.0
1630680208442,2462,1,0,0,0,258,0,0.0,0.0,0.0,0.0
1630680209442,2462,1,0,0,0,258,0,0.0,0.0,0.0,0.0
1630680210442,2462,1,0,0,0,258,0,0.0,0.0,0.0,0.0
1630680211442,2462,1,0,0,0,258,0,0.0,0.0,0.0,0.0
1630680212442,2462,1,0,0,0,258,0,0.0,0.0,0.0,0.0
1630680213442,2462,1,0,0,0,258,0,0.0,0.0,0.0,0.0
1630680214442,2462,1,0,0,0,258,0,0.0,0.0,0.0,0.0
1630680215442,2462,1,0,0,0,258,0,0.0,0.0,0.0,0.0
1630680216442,2462,1,0,0,0,258,0,0.0,0.0,0.0,0.0
1630680217442,2462,1,0,0,0,258,0,0.0,0.0,0.0,0.0
1630680218442,2462,1,0,0,0,258,0,0.0,0.0,0.0,0.0
1630680219442,2462,1,0,0,0,258,0,0.0,0.0,0.0,0.0
1630680220442,2462,1,0,0,0,258,0,0.0,0.0,0.0,0.0
1630680221442,2462,1,0,0,0,258,0,0.0,0.0,0.0,0.0
1630680222442,2462,1,0,0,0,258,0,0.0,0.0,0.0,0.0
1630680223442,2462,1,0,0,0,258,0,0.0,0.0,0.0,0.0
1630680224442,2462,1,0,0,0,258,0,0.0,0.0,0.0,0.0
1630680225442,2462,1,0,0,0,258,0,0.0,0.0,0.0,0.0
1630680226442,2462,1,0,0,0,258,0,0.0,0.0,0.0,0.0
1630680227442,2462,1,0,0,0,258,0,0.0,0.0,0.0,0.0
1630680228442,2462,1,0,0,0,258,0,0.0,0.0,0.0,0.0
1630680229442,2462,1,0,0,0,258,0,0.0,0.0,0.0,0.0
1630680230442,2462,1,0,0,0,258,0,0.0,0.0,0.0,0.0
1630680231442,2462,1,0,0,0,258,0,0.0,0.0,0.0,0.0
1630680232442,2462,1,0,0,0,258,0,0.0,0.0,0.0,0.0
1630680233442,2462,1,0,0,0,258,0,0.0,0.0,0.0,0.0
1630680234442,2462,1,0,0,0,258,0,0.0,0.0,0.0,0.0
1630680235442,2462,1,0,0,0,258,0,0.0,0.0,0.0,0.0
1630680236442,2462,1,0,0,0,258,0,0.0,0.0,0.0,0.0
1630680237442,2462,1,0,0,0,258,0,0.0,0.0,0.0,0.0
1630680238442,2462,1,0,0,0,258,0,0.0,0.0,0.0,0.0
1630680239442,2462,1,0,0,0,258,0,0.0,0.0,0.0,0.0
1630680240442,2462,1,0,0,0,258,0,0.0,0.0,0.0,0.0
1630680241442,2462,1,0,0,0,258,0,0.0,0.0,0.0,0.0
1630680242442,2462,1,0,0,0,258,0,0.0,0.0,0.0,0.0
1630680243442,2462,1,0,0,0,258,0,0.0,0.0,0.0,0.0
1630680244442,2462,1,0,0,0,258,0,0.0,0.0,0.0,0.0
1630680245442,2462,1,0,0,0,258,0,0.0,0.0,0.0,0.0
1630680246442,2462,1,0,0,0,258,0,0.0,0.0,0.0,0.0
1630680247442,2462,1,0,0,0,258,0,0.0,0.0,0.0,0.0
1630680248442,2462,1,0,0,0,258,0,0.0,0.0,0.0,0.0
1630680249442,2462,1,0,0,0,258,0,0.0,0.0,0.0,0.0
1630680250442,2462,1,0,0,0,258,0,0.0,0.0,0.0,0.0
1630680251442,2462,1,0,0,0,258,0,0.0,0.0,0.0,0.0
1630680252442,2462,1,0,0,0,258,0,0.0,0.0,0.0,0.0
1630680253442,2462,1,0,0,0,258,0,0.0,0.0,0.0,0.0
1630680254442,2462,1,0,0,0,258,0,0.0,0.0,0.0,0.0
1630680255442,2462,1,0,0,0,258,0,0.0,0.0,0.0,0.0
1630680256442,2462,1,0,0,0,258,0,0.0,0.0,0.0,0.0
1630680257442,2462,1,0,0,0,258,0,0.0,0.0,0.0,0.0
1630680258442,2462,1,0,0,0,258,0,0.0,0.0,0.0,0.0
1630680259442,2462,1,0,0,0,258,0,0.0,0.0,0.0,0.0
1630680260442,2462,1,0,0,0,258,0,0.0,0.0,0.0,0.0
1630680261442,2462,1,0,0,0,258,0,0.0,0.0,0.0,0.0
1630680262442,2462,1,0,0,0,258,0,0.0,0.0,0.0,0.0
1630680263442,2462,1,0,0,0,258,0,0.0,0.0,0.0,0.0
1630680264442,2462,1,0,0,0,258,0,0.0,0.0,0.0,0.0
1630680265442,2462,1,0,0,0,258,0,0.0,0.0,0.0,0.0
1630680266442,2462,1,0,0,0,258,0,0.0,0.0,0.0,0.0
1630680267442,2462,1,0,0,0,258,0,0.0,0.0,0.0,0.0
1630680268442,2462,1,0,0,0,258,0,0.0,0.0,0.0,0.0
1630680269442,2462,1,0,0,0,258,0,0.0,0.0,0.0,0.0
1630680270442,2462,1,0,0,0,258,0,0.0,0.0,0.0,0.0
1630680271442,2462,1,0,0,0,258,0,0.0,0.0,0.0,0.0
1630680272442,2462,1,0,0,0,258,0,0.0,0.0,0.0,0.0
1630680273442,2462,1,0,0,0,258,0,0.0,0.0,0.0,0.0
1630680274442,2462,1,0,0,0,258,0,0.0,0.0,0.0,0.0
1630680275442,2462,1,0,0,0,258,0,0.0,0.0,0.0,0.0
1630680276442,2462,1,0,0,0,258,0,0.0,0.0,0.0,0.0
1630680277442,2462,1,0,0,0,258,0,0.0,0.0,0.0,0.0
1630680278442,2462,1,0,0,0,258,0,0.0,0.0,0.0,0.0
1630680279442,2462,1,0,0,0,258,0,0.0,0.0,0.0,0.0
1630680280442,2462,1,0,0,0,258,0,0.0,0.0,0.0,0.0
1630680281442,2462,1,0,0,0,258,0,0.0,0.0,0.0,0.0
1630680282442,2462,1,0,0,0,258,0,0.0,0.0,0.0,0.0
1630680283442,2462,1,0,0,0,258,0,0.0,0.0,0.0,0.0
1630680284442,2462,1,0,0,0,258,0,0.0,0.0,0.0,0.0
1630680285442,2462,1,0,0,0,258,0,0.0,0.0,0.0,0.0
1630680286442,2462,1,0,0,0,258,0,0.0,0.0,0.0,0.0
1630680287442,2462,1,0,0,0,258,0,0.0,0.0,0.0,0.0
1630680288442,2462,1,0,0,0,258,0,0.0,0.0,0.0,0.0
1630680289442,2462,1,0,0,0,258,0,0.0,0.0,0.0,0.0
1630680290442,2462,1,0,0,0,258,0,0.0,0.0,0.0,0.0
1630680291442,2462,1,0,0,0,258,0,0.0,0.0,0.0,0.0
1630680292442,2462,1,0,0,0,258,0,0.0,0.0,0.0,0.0
1630680293442,2462,1,0,0,0,258,0,0.0,0.0,0.0,0.0
1630680294442,2462,1,0,0,0,258,0,0.0,0.0,0.0,0.0
1630680295442,2462,1,0,0,0,258,0,0.0,0.0,0.0,0.0
1630680296442,2462,1,0,0,0,258,0,0.0,0.0,0.0,0.0
1630680297442,2462,1,0,0,0,258,0,0.0,0.0,0.0,0.0
1630680298442,2462,1,0,0,0,258,0,0.0,0.0,0.0,0.0
1630680299442,2462,1,0,0,0,258,0,0.0,0.0,0.0,0.0
1630680300442,2462,1,0,0,0,258,0,0.0,0.0,0.0,0.0
1630680301442,2462,1,0,0,0,258,0,0.0,0.0,0.0,0.0
1630680302442,2462,1,0,0,0,258,0,0.0,0.0,0.0,0.0
1630680303442,2462,1,0,0,0,258,0,0.0,0.0,0.0,0.0
1630680304442,2462,1,0,0,0,258,0,0.0,0.0,0.0,0.0
1630680305442,2462,1,0,0,0,258,0,0.0,0.0,0.0,0.0
1630680306442,2462,1,0,0,0,258,0,0.0,0.0,0.0,0.0
1630680307442,2462,1,0,0,0,258,0,0.0,0.0,0.0,0.0
1630680308442,2462,1,0,0,0,258,0,0.0,0.0,0.0,0.0
1630680309442,2462,1,0,0,0,258,0,0.0,0.0,0.0,0.0
1630680310442,2462,1,0,0,0,258,0,0.0,0.0,0.0,0.0
1630680311442,2462,1,0,0,0,258,0,0.0,0.0,0.0,0.0
1630680312442,2462,1,0,0,0,258,0,0.0,0.0,0.0,0.0
1630680313442,2462,1,0,0,0,258,0,0.0,0.0,0.0,0.0
1630680314442,2462,1,0,0,0,258,0,0.0,0.0,0.0,0.0
1630680315442,2462,1,0,0,0,258,0,0.0,0.0,0.0,0.0
1630680316442,2462,1,0,0,0,258,0,0.0,0.0,0.0,0.0
1630680317442,2462,1,0,0,0,258,0,0.0,0.0,0.0,0.0
1630680318442,2462,1,0,0,0,258,0,0.0,0.0,0.0,0.0
1630680319442,2462,1,0,0,0,258,0,0.0,0.0,0.0,0.0
1630680320442,2462,1,0,0,0,258,0,0.0,0.0,0.0,0.0
1630680321442,2462,1,0,0,0,258,0,0.0,0.0,0.0,0.0
1630680322442,2462,1,0,0,0,258,0,0.0,0.0,0.0,0.0
1630680323442,2462,1,0,0,0,258,0,0.0,0.0,0.0,0.0
1630680324442,2462,1,0,0,0,258,0,0.0,0.0,0.0,0.0
1630680325442,2462,1,0,0,0,258,0,0.0,0.0,0.0,0.0
1630680326442,2462,1,0,0,0,258,0,0.0,0.0,0.0,0.0
1630680327442,2462,1,0,0,0,258,0,0.0,0.0,0.0,0.0
1630680328442,2462,1,0,0,0,258,0,0.0,0.0,0.0,0.0
1630680329442,2462,1,0,0,0,258,0,0.0,0.0,0.0,0.0
1630680330442,2462,1,0,0,0,258,0,0.0,0.0,0.0,0.0
1630680331442,2462,1,0,0,0,258,0,0.0,0.0,0.0,0.0
1630680332442,2462,1,0,0,0,258,0,0.0,0.0,0.0,0.0
1630680333442,2462,1,0,0,0,258,0,0.0,0.0,0.0,0.0
1630680334442,2462,1,0,0,0,258,0,0.0,0.0,0.0,0.0
1630680335442,2462,1,0,0,0,258,0,0.0,0.0,0.0,0.0
1630680336442,2462,1,0,0,0,258,0,0.0,0.0,0.0,0.0
1630680337442,2462,1,0,0,0,258,0,0.0,0.0,0.0,0.0
1630680338442,2462,1,0,0,0,258,0,0.0,0.0,0.0,0.0
1630680339442,2462,1,0,0,0,258,0,0.0,0.0,0.0,0.0
1630680340442,2462,1,0,0,0,258,0,0.0,0.0,0.0,0.0
1630680341442,2462,1,0,0,0,258,0,0.0,0.0,0.0,0.0
1630680342442,2462,1,0,0,0,258,0,0.0,0.0,0.0,0.0
1630680343442,2462,1,0,0,0,258,0,0.0,0.0,0.0,0.0
1630680344442,2462,1,0,0,0,258,0,0.0,0.0,0.0,0.0
1630680345442,2462,1,0,0,0,258,0,0.0,0.0,0.0,0.0
1630680346442,2462,1,0,0,0,258,0,0.0,0.0,0.0,0.0
1630680347442,2462,1,0,0,0,258,0,0.0,0.0,0.0,0.0
1630680348442,2462,1,0,0,0,258,0,0.0,0.0,0.0,0.0
1630680349442,2462,1,0,0,0,258,0,0.0,0.0,0.0,0.0
1630680350442,2462,1,0,0,0,258,0,0.0,0.0,0.0,0.0
1630680351442,2462,1,0,0,0,258,0,0.0,0.0,0.0,0.0
1630680352442,2462,1,0,0,0,258,0,0.0,0.0,0.0,0.0
1630680353442,2462,1,0,0,0,258,0,0.0,0.0,0.0,0.0
1630680354442,2462,1,0,0,0,258,0,0.0,0.0,0.0,0.0
1630680355442,2462,1,0,0,0,258,0,0.0,0.0,0.0,0.0
1630680356442,2462,1,0,0,0,258,0,0.0,0.0,0.0,0.0
1630680357442,2462,1,0,0,0,258,0,0.0,0.0,0.0,0.0
1630680358442,2462,1,0,0,0,258,0,0.0,0.0,0.0,0.0
1630680359442,2462,1,0,0,0,258,0,0.0,0.0,0.0,0.0
1630680360442,2462,1,0,0,0,258,0,0.0,0.0,0.0,0.0
1630680361442,2462,1,0,0,0,258,0,0.0,0.0,0.0,0.0
1630680362442,2462,1,0,0,0,258,0,0.0,0.0,0.0,0.0
1630680363442,2462,1,0,0,0,258,0,0.0,0.0,0.0,0.0
1630680364442,2462,1,0,0,0,258,0,0.0,0.0,0.0,0.0
1630680365442,2462,1,0,0,0,258,0,0.0,0.0,0.0,0.0
1630680366442,2462,1,0,0,0,258,0,0.0,0.0,0.0,0.0
1630680367442,2462,1,0,0,0,258,0,0.0,0.0,0.0,0.0
1630680368442,2462,1,0,0,0,258,0,0.0,0.0,0.0,0.0
1630680369442,2462,1,0,0,0,258,0,0.0,0.0,0.0,0.0
1630680370442,2462,1,0,0,0,258,0,0.0,0.0,0.0,0.0
1630680371442,2462,1,0,0,0,258,0,0.0,0.0,0.0,0.0
1630680372442,2462,1,0,0,0,258,0,0.0,0.0,0.0,0.0
1630680373442,2462,1,0,0,0,258,0,0.0,0.0,0.0,0.0
1630680374442,2462,1,0,0,0,258,0,0.0,0.0,0.0,0.0
1630680375442,2462,1,0,0,0,258,0,0.0,0.0,0.0,0.0
1630680376442,2462,1,0,0,0,258,0,0.0,0.0,0.0,0.0
1630680377442,2462,1,0,0,0,258,0,0.0,0.0,0.0,0.0
1630680378442,2462,1,0,0,0,258,0,0.0,0.0,0.0,0.0
1630680379442,2462,1,0,0,0,258,0,0.0,0.0,0.0,0.0
1630680380442,2462,1,0,0,0,258,0,0.0,0.0,0.0,0.0
1630680381442,2462,1,0,0,0,258,0,0.0,0.0,0.0,0.0
1630680382442,2462,1,0,0,0,258,0,0.0,0.0,0.0,0.0
1630680383442,2462,1,0,0,0,258,0,0.0,0.0,0.0,0.0
1630680384442,2462,1,0,0,0,258,0,0.0,0.0,0.0,0.0
1630680385442,2462,1,0,0,0,258,0,0.0,0.0,0.0,0.0
1630680386442,2462,1,0,0,0,258,0,0.0,0.0,0.0,0.0
1630680387442,2462,1,0,0,0,258,0,0.0,0.0,0.0,0.0
1630680388442,2462,1,0,0,0,258,0,0.0,0.0,0.0,0.0
1630680389442,2462,1,0,0,0,258,0,0.0,0.0,0.0,0.0
1630680390442,2462,1,0,0,0,258,0,0.0,0.0,0.0,0.0
1630680391442,2462,1,0,0,0,258,0,0.0,0.0,0.0,0.0
1630680392442,2462,1,0,0,0,258,0,0.0,0.0,0.0,0.0
1630680393442,2462,1,0,0,0,258,0,0.0,0.0,0.0,0.0
1630680394442,2462,1,0,0,0,258,0,0.0,0.0,0.0,0.0
1630680395442,2462,1,0,0,0,258,0,0.0,0.0,0.0,0.0
1630680396442,2462,1,0,0,0,258,0,0.0,0.0,0.0,0.0
1630680397442,2462,1,0,0,0,258,0,0.0,0.0,0.0,0.0
1630680398442,2462,1,0,0,0,258,0,0.0,0.0,0.0,0.0
1630680399442,2462,1,0,0,0,258,0,0.0,0.0,0.0,0.0
1630680400442,2462,1,0,0,0,258,0,0.0,0.0,0.0,0.0
1630680401442,2462,1,0,0,0,258,0,0.0,0.0,0.0,0.0
1630680402442,2462,1,0,0,0,258,0,0.0,0.0,0.0,0.0
1630680403442,2462,1,0,0,0,258,0,0.0,0.0,0.0,0.0
1630680404442,2462,1,0,0,0,258,0,0.0,0.0,0.0,0.0
1630680405442,2462,1,0,0,0,258,0,0.0,0.0,0.0,0.0
1630680406442,2462,1,0,0,0,258,0,0.0,0.0,0.0,0.0
1630680407442,2462,1,0,0,0,258,0,0.0,0.0,0.0,0.0
1630680408442,2462,1,0,0,0,258,0,0.0,0.0,0.0,0.0
1630680409442,2462,1,0,0,0,258,0,0.0,0.0,0.0,0.0
1630680410442,2462,1,0,0,0,258,0,0.0,0.0,0.0,0.0
1630680411442,2462,1,0,0,0,258,0,0.0,0.0,0.0,0.0
1630680412442,2462,1,0,0,0,258,0,0.0,0.0,0.0,0.0
1630680413442,2462,1,0,0,0,258,0,0.0,0.0,0.0,0.0
1630680414442,2462,1,0,0,0,258,0,0.0,0.0,0.0,0.0
1630680415442,2462,1,0,0,0,258,0,0.0,0.0,0.0,0.0
1630680416442,2462,1,0,0,0,258,0,0.0,0.0,0.0,0.0
1630680417442,2462,1,0,0,0,258,0,0.0,0.0,0.0,0.0
1630680418442,2462,1,0,0,0,258,0,0.0,0.0,0.0,0.0
1630680419442,2462,1,0,0,0,258,0,0.0,0.0,0.0,0.0
1630680420442,2462,1,0,0,0,258,0,0.0,0.0,0.0,0.0
1630680421442,2462,1,0,0,0,258,0,0.0,0.0,0.0,0.0
1630680422442,2462,1,0,0,0,258,0,0.0,0.0,0.0,0.0
1630680423442,2462,1,0,0,0,258,0,0.0,0.0,0.0,0.0
1630680424442,2462,1,0,0,0,258,0,0.0,0.0,0.0,0.0
1630680425442,2462,1,0,0,0,258,0,0.0,0.0,0.0,0.0
1630680426442,2462,1,0,0,0,258,0,0.0,0.0,0.0,0.0
1630680427442,2462,1,0,0,0,258,0,0.0,0.0,0.0,0.0
1630680428442,2462,1,0,0,0,258,0,0.0,0.0,0.0,0.0
1630680429442,2462,1,0,0,0,258,0,0.0,0.0,0.0,0.0
1630680430442,2462,1,0,0,0,258,0,0.0,0.0,0.0,0.0
1630680431442,2462,1,0,0,0,258,0,0.0,0.0,0.0,0.0
1630680432442,2462,1,0,0,0,258,0,0.0,0.0,0.0,0.0
1630680433442,2462,1,0,0,0,258,0,0.0,0.0,0.0,0.0
1630680434442,2462,1,0,0,0,258,0,0.0,0.0,0.0,0.0
1630680435442,2462,1,0,0,0,258,0,0.0,0.0,0.0,0.0
1630680436442,2462,1,0,0,0,258,0,0.0,0.0,0.0,0.0
1630680437442,2462,1,0,0,0,258,0,0.0,0.0,0.0,0.0
1630680438442,2462,1,0,0,0,258,0,0.0,0.0,0.0,0.0
1630680439442,2462,1,0,0,0,258,0,0.0,0.0,0.0,0.0
1630680440442,2462,1,0,0,0,258,0,0.0,0.0,0.0,0.0
1630680441442,2462,1,0,0,0,258,0,0.0,0.0,0.0,0.0
1630680442442,2462,1,0,0,0,258,0,0.0,0.0,0.0,0.0
1630680443442,2462,1,0,0,0,258,0,0.0,0.0,0.0,0.0
1630680444442,2462,1,0,0,0,258,0,0.0,0.0,0.0,0.0
1630680445442,2462,1,0,0,0,258,0,0.0,0.0,0.0,0.0
1630680446442,2462,1,0,0,0,258,0,0.0,0.0,0.0,0.0
1630680447442,2462,1,0,0,0,258,0,0.0,0.0,0.0,0.0
1630680448442,2462,1,0,0,0,258,0,0.0,0.0,0.0,0.0
1630680449442,2462,1,0,0,0,258,0,0.0,0.0,0.0,0.0
1630680450442,2462,1,0,0,0,258,0,0.0,0.0,0.0,0.0
1630680451442,2462,1,0,0,0,258,0,0.0,0.0,0.0,0.0
1630680452442,2462,1,0,0,0,258,0,0.0,0.0,0.0,0.0
1630680453442,2462,1,0,0,0,258,0,0.0,0.0,0.0,0.0
1630680454442,2462,1,0,0,0,258,0,0.0,0.0,0.0,0.0
1630680455442,2462,1,0,0,0,258,0,0.0,0.0,0.0,0.0
1630680456442,2462,1,0,0,0,258,0,0.0,0.0,0.0,0.0
1630680457442,2462,1,0,0,0,258,0,0.0,0.0,0.0,0.0
1630680458442,2462,1,0,0,0,258,0,0.0,0.0,0.0,0.0
1630680459442,2462,1,0,0,0,258,0,0.0,0.0,0.0,0.0
1630680460442,2462,1,0,0,0,258,0,0.0,0.0,0.0,0.0
1630680461442,2462,1,0,0,0,258,0,0.0,0.0,0.0,0.0
1630680462442,2462,1,0,0,0,258,0,0.0,0.0,0.0,0.0
1630680463442,2462,1,0,0,0,258,0,0.0,0.0,0.0,0.0
1630680464442,2462,1,0,0,0,258,0,0.0,0.0,0.0,0.0
1630680465442,2462,1,0,0,0,258,0,0.0,0.0,0.0,0.0
1630680466442,2462,1,0,0,0,258,0,0.0,0.0,0.0,0.0
1630680467442,2462,1,0,0,0,258,0,0.0,0.0,0.0,0.0
1630680468442,2462,1,0,0,0,258,0,0.0,0.0,0.0,0.0
1630680469442,2462,1,0,0,0,258,0,0.0,0.0,0.0,0.0
1630680470442,2462,1,0,0,0,258,0,0.0,0.0,0.0,0.0
1630680471442,2462,1,0,0,0,258,0,0.0,0.0,0.0,0.0
1630680472442,2462,1,0,0,0,258,0,0.0,0.0,0.0,0.0
1630680473442,2462,1,0,0,0,258,0,0.0,0.0,0.0,0.0
1630680474442,2462,1,0,0,0,258,0,0.0,0.0,0.0,0.0
1630680475442,2462,1,0,0,0,258,0,0.0,0.0,0.0,0.0
1630680476442,2462,1,0,0,0,258,0,0.0,0.0,0.0,0.0
1630680477442,2462,1,0,0,0,258,0,0.0,0.0,0.0,0.0
1630680478442,2462,1,0,0,0,258,0,0.0,0.0,0.0,0.0
1630680479442,2462,1,0,0,0,258,0,0.0,0.0,0.0,0.0
1630680480442,2462,1,0,0,0,258,0,0.0,0.0,0.0,0.0
1630680481442,2462,1,0,0,0,258,0,0.0,0.0,0.0,0.0
1630680482442,2462,1,0,0,0,258,0,0.0,0.0,0.0,0.0
1630680483442,2462,1,0,0,0,258,0,0.0,0.0,0.0,0.0
1630680484442,2462,1,0,0,0,258,0,0.0,0.0,0.0,0.0
1630680485442,2462,1,0,0,0,258,0,0.0,0.0,0.0,0.0
1630680486442,2462,1,0,0,0,258,0,0.0,0.0,0.0,0.0
1630680487442,2462,1,0,0,0,258,0,0.0,0.0,0.0,0.0
1630680488442,2462,1,0,0,0,258,0,0.0,0.0,0.0,0.0
1630680489442,2462,1,0,0,0,258,0,0.0,0.0,0.0,0.0
1630680490442,2462,1,0,0,0,258,0,0.0,0.0,0.0,0.0
1630680491442,2462,1,0,0,0,258,0,0.0,0.0,0.0,0.0
1630680492442,2462,1,0,0,0,258,0,0.0,0.0,0.0,0.0
1630680493442,2462,1,0,0,0,258,0,0.0,0.0,0.0,0.0
1630680494442,2462,1,0,0,0,258,0,0.0,0.0,0.0,0.0
1630680495442,2462,1,0,0,0,258,0,0.0,0.0,0.0,0.0
1630680496442,2462,1,0,0,0,258,0,0.0,0.0,0.0,0.0
1630680497442,2462,1,0,0,0,258,0,0.0,0.0,0.0,0.0
1630680498442,2462,1,0,0,0,258,0,0.0,0.0,0.0,0.0
1630680499442,2462,1,0,0,0,258,0,0.0,0.0,0.0,0.0
1630680500442,2462,1,0,0,0,258,0,0.0,0.0,0.0,0.0
1630680501442,2462,1,0,0,0,258,0,0.0,0.0,0.0,0.0
1630680502442,2462,1,0,0,0,258,0,0.0,0.0,0.0,0.0
1630680503442,2462,1,0,0,0,258,0,0.0,0.0,0.0,0.0
1630680504442,2462,1,0,0,0,258,0,0.0,0.0,0.0,0.0
1630680505442,2462,1,0,0,0,258,0,0.0,0.0,0.0,0.0
1630680506442,2462,1,0,0,0,258,0,0.0,0.0,0.0,0.0
1630680507442,2462,1,0,0,0,258,0,0.0,0.0,0.0,0.0
1630680508442,2462,1,0,0,0,258,0,0.0,0.0,0.0,0.0
1630680509442,2462,1,0,0,0,258,0,0.0,0.0,0.0,0.0
1630680510442,2462,1,0,0,0,258,0,0.0,0.0,0.0,0.0
1630680511442,2462,1,0,0,0,258,0,0.0,0.0,0.0,0.0
1630680512442,2462,1,0,0,0,258,0,0.0,0.0,0.0,0.0
1630680513442,2462,1,0,0,0,258,0,0.0,0.0,0.0,0.0
1630680514442,2462,1,0,0,0,258,0,0.0,0.0,0.0,0.0
1630680515442,2462,1,0,0,0,258,0,0.0,0.0,0.0,0.0
1630680516442,2462,1,0,0,0,258,0,0.0,0.0,0.0,0.0
1630680517442,2462,1,0,0,0,258,0,0.0,0.0,0.0,0.0
1630680518442,2462,1,0,0,0,258,0,0.0,0.0,0.0,0.0
1630680519442,2462,1,0,0,0,258,0,0.0,0.0,0.0,0.0
1630680520442,2462,1,0,0,0,258,0,0.0,0.0,0.0,0.0
1630680521442,2462,1,0,0,0,258,0,0.0,0.0,0.0,0.0
1630680522442,2462,1,0,0,0,258,0,0.0,0.0,0.0,0.0
1630680523442,2462,1,0,0,0,258,0,0.0,0.0,0.0,0.0
1630680524442,2462,1,0,0,0,258,0,0.0,0.0,0.0,0.0
1630680525442,2462,1,0,0,0,258,0,0.0,0.0,0.0,0.0
1630680526442,2462,1,0,0,0,258,0,0.0,0.0,0.0,0.0
1630680527442,2462,1,0,0,0,258,0,0.0,0.0,0.0,0.0
1630680528442,2462,1,0,0,0,258,0,0.0,0.0,0.0,0.0
1630680529442,2462,1,0,0,0,258,0,0.0,0.0,0.0,0.0
1630680530442,2462,1,0,0,0,258,0,0.0,0.0,0.0,0.0
1630680531442,2462,1,0,0,0,258,0,0.0,0.0,0.0,0.0
1630680532442,2462,1,0,0,0,258,0,0.0,0.0,0.0,0.0
1630680533442,2462,1,0,0,0,258,0,0.0,0.0,0.0,0.0
1630680534442,2462,1,0,0,0,258,0,0.0,0.0,0.0,0.0
1630680535442,2462,1,0,0,0,258,0,0.0,0.0,0.0,0.0
1630680536442,2462,1,0,0,0,258,0,0.0,0.0,0.0,0.0
1630680537442,2462,1,0,0,0,258,0,0.0,0.0,0.0,0.0
1630680538442,2462,1,0,0,0,258,0,0.0,0.0,0.0,0.0
1630680539442,2462,1,0,0,0,258,0,0.0,0.0,0.0,0.0
1630680540442,2462,1,0,0,0,258,0,0.0,0.0,0.0,0.0
1630680541442,2462,1,0,0,0,258,0,0.0,0.0,0.0,0.0
1630680542442,2462,1,0,0,0,258,0,0.0,0.0,0.0,0.0
1630680543442,2462,1,0,0,0,258,0,0.0,0.0,0.0,0.0
1630680544442,2462,1,0,0,0,258,0,0.0,0.0,0.0,0.0
1630680545442,2462,1,0,0,0,258,0,0.0,0.0,0.0,0.0
1630680546442,2462,1,0,0,0,258,0,0.0,0.0,0.0,0.0
1630680547442,2462,1,0,0,0,258,0,0.0,0.0,0.0,0.0
1630680548442,2462,1,0,0,0,258,0,0.0,0.0,0.0,0.0
1630680549442,2462,1,0,0,0,258,0,0.0,0.0,0.0,0.0
1630680550442,2462,1,0,0,0,258,0,0.0,0.0,0.0,0.0
1630680551442,2462,1,0,0,0,258,0,0.0,0.0,0.0,0.0
1630680552442,2462,1,0,0,0,258,0,0.0,0.0,0.0,0.0
1630680553442,2462,1,0,0,0,258,0,0.0,0.0,0.0,0.0
1630680554442,2462,1,0,0,0,258,0,0.0,0.0,0.0,0.0
1630680555442,2462,1,0,0,0,258,0,0.0,0.0,0.0,0.0
1630680556442,2462,1,0,0,0,258,0,0.0,0.0,0.0,0.0
1630680557442,2462,1,0,0,0,258,0,0.0,0.0,0.0,0.0
1630680558442,2462,1,0,0,0,258,0,0.0,0.0,0.0,0.0
1630680559442,2462,1,0,0,0,258,0,0.0,0.0,0.0,0.0
1630680560442,2462,1,0,0,0,258,0,0.0,0.0,0.0,0.0
1630680561442,2462,1,0,0,0,258,0,0.0,0.0,0.0,0.0
1630680562442,2462,1,0,0,0,258,0,0.0,0.0,0.0,0.0
1630680563442,2462,1,0,0,0,258,0,0.0,0.0,0.0,0.0
1630680564442,2462,1,0,0,0,258,0,0.0,0.0,0.0,0.0
1630680565442,2462,1,0,0,0,258,0,0.0,0.0,0.0,0.0
1630680566442,2462,1,0,0,0,258,0,0.0,0.0,0.0,0.0
1630680567442,2462,1,0,0,0,258,0,0.0,0.0,0.0,0.0
1630680568442,2462,1,0,0,0,258,0,0.0,0.0,0.0,0.0
1630680569442,2462,1,0,0,0,258,0,0.0,0.0,0.0,0.0
1630680570442,2462,1,0,0,0,258,0,0.0,0.0,0.0,0.0
1630680571442,2462,1,0,0,0,258,0,0.0,0.0,0.0,0.0
1630680572442,2462,1,0,0,0,258,0,0.0,0.0,0.0,0.0
1630680573442,2462,1,0,0,0,258,0,0.0,0.0,0.0,0.0
1630680574442,2462,1,0,0,0,258,0,0.0,0.0,0.0,0.0
1630680575442,2462,1,0,0,0,258,0,0.0,0.0,0.0,0.0
1630680576442,2462,1,0,0,0,258,0,0.0,0.0,0.0,0.0
1630680577442,2462,1,0,0,0,258,0,0.0,0.0,0.0,0.0
1630680578442,2462,1,0,0,0,258,0,0.0,0.0,0.0,0.0
1630680579442,2462,1,0,0,0,258,0,0.0,0.0,0.0,0.0
1630680580442,2462,1,0,0,0,258,0,0.0,0.0,0.0,0.0
1630680581442,2462,1,0,0,0,258,0,0.0,0.0,0.0,0.0
1630680582442,2462,1,0,0,0,258,0,0.0,0.0,0.0,0.0
1630680583442,2462,1,0,0,0,258,0,0.0,0.0,0.0,0.0
1630680584442,2462,1,0,0,0,258,0,0.0,0.0,0.0,0.0
1630680585442,2462,1,0,0,0,258,0,0.0,0.0,0.0,0.0
1630680586442,2462,1,0,0,0,258,0,0.0,0.0,0.0,0.0
1630680587442,2462,1,0,0,0,258,0,0.0,0.0,0.0,0.0
1630680588442,2462,1,0,0,0,258,0,0.0,0.0,0.0,0.0
1630680589442,2462,1,0,0,0,258,0,0.0,0.0,0.0,0.0
1630680590442,2462,1,0,0,0,258,0,0.0,0.0,0.0,0.0
1630680591442,2462,1,0,0,0,258,0,0.0,0.0,0.0,0.0
1630680592442,2462,1,0,0,0,258,0,0.0,0.0,0.0,0.0
1630680593442,2462,1,0,0,0,258,0,0.0,0.0,0.0,0.0
1630680594442,2462,1,0,0,0,258,0,0.0,0.0,0.0,0.0
1630680595442,2462,1,0,0,0,258,0,0.0,0.0,0.0,0.0
1630680596442,2462,1,0,0,0,258,0,0.0,0.0,0.0,0.0
1630680597442,2462,1,0,0,0,258,0,0.0,0.0,0.0,0.0
1630680598442,2462,1,0,0,0,258,0,0.0,0.0,0.0,0.0
1630680599442,2462,1,0,0,0,258,0,0.0,0.0,0.0,0.0
1630680600442,2462,1,0,0,0,258,0,0.0,0.0,0.0,0.0
1630680601442,2462,1,0,0,0,258,0,0.0,0.0,0.0,0.0
1630680602442,2462,1,0,0,0,258,0,0.0,0.0,0.0,0.0
